tax	tax_name	parent_name	parent_class_order	count(*)
439481	Aciduliprofundum boonei T469	Archaea	domain	40
2200885	Sulfolobus sp. C3	Archaea	domain	36
1915935	Euryarchaeota archaeon UBA557	Archaea	domain	36
195522	Thermococcus nautili	Archaea	domain	46
1434103	Methanosarcina sp. WWM596	Archaea	domain	43
593117	Thermococcus gammatolerans EJ3	Archaea	domain	46
1915898	Euryarchaeota archaeon UBA486	Archaea	domain	33
651141	uncultured Nitrososphaerota archaeon	Archaea	domain	41
2169593	Nitrososphaeraceae archaeon	Archaea	domain	42
797210	Halopiger xanaduensis SH-6	Archaea	domain	40
1237085	Candidatus Nitrososphaera gargensis Ga9.2	Archaea	domain	41
410359	Pyrobaculum calidifontis JCM 11548	Archaea	domain	40
547558	Methanohalophilus mahii DSM 5219	Archaea	domain	41
2268200	Sulfolobales archaeon	Archaea	domain	204
2268198	Nitrososphaeria archaeon	Archaea	domain	36
1655561	Nitrosopumilus sp. BACL13 MAG-121220-bin23	Archaea	domain	41
2268187	Candidatus Methanomethylicia archaeon	Archaea	domain	112
2020860	Metallosphaera sp.	Archaea	domain	97
572478	Vulcanisaeta distributa DSM 14429	Archaea	domain	46
1434099	Methanosarcina sp. Kolksee	Archaea	domain	43
1434110	Methanosarcina horonobensis HB-1 = JCM 15518	Archaea	domain	45
1110509	Methanothrix harundinacea 6Ac	Archaea	domain	41
1765056	Haloarcula sp. CBA1128	Archaea	domain	42
572546	Archaeoglobus profundus DSM 5631	Archaea	domain	38
1229908	Candidatus Nitrosopumilus koreensis AR1	Archaea	domain	38
926571	Nitrososphaera viennensis EN76	Archaea	domain	41
1122961	Picrophilus oshimae DSM 9789	Archaea	domain	40
94694	Desulfurococcus amylolyticus	Archaea	domain	36
2309	Pyrodictium occultum	Archaea	domain	43
2012493	Candidatus Heimdallarchaeota archaeon B3_Heim	Archaea	domain	32
43080	Saccharolobus islandicus	Archaea	domain	49
213585	Methanosarcina mazei S-6	Archaea	domain	43
679926	Methanolacinia petrolearia DSM 11571	Archaea	domain	40
1916003	Candidatus Micrarchaeota archaeon UBA96	Archaea	domain	13
1915891	Euryarchaeota archaeon UBA461	Archaea	domain	35
1915902	Euryarchaeota archaeon UBA495	Archaea	domain	30
111955	Sulfurisphaera tokodaii	Archaea	domain	45
2480821	Desulfurococcales archaeon	Archaea	domain	449
1434108	Methanosarcina barkeri MS	Archaea	domain	46
12915	Acidianus infernus	Archaea	domain	46
1915931	Euryarchaeota archaeon UBA553	Archaea	domain	37
882090	Methanolinea tarda NOBI-1	Archaea	domain	41
1434121	Methanosarcina thermophila CHTI-55	Archaea	domain	42
1915764	Euryarchaeota archaeon UBA211	Archaea	domain	33
1132503	Saccharolobus islandicus M.16.40	Archaea	domain	84
2953041	Candidatus Micrarchaeaceae archaeon	Archaea	domain	93
1915769	Euryarchaeota archaeon UBA102	Archaea	domain	37
1915800	Euryarchaeota archaeon UBA125	Archaea	domain	32
2874626	Cenarchaeum symbiont of Oopsacas minuta	Archaea	domain	43
1915905	Euryarchaeota archaeon UBA498	Archaea	domain	31
1915856	Euryarchaeota archaeon UBA249	Archaea	domain	31
2012506	Candidatus Altarchaeales archaeon ex4484_2	Archaea	domain	29
246969	Thermococcus sp. AM4	Archaea	domain	46
269797	Methanosarcina barkeri str. Fusaro	Archaea	domain	44
1056495	Caldisphaera lagunensis DSM 15908	Archaea	domain	82
768065	Haloquadratum walsbyi C23	Archaea	domain	38
374847	Candidatus Korarchaeum cryptofilum OPF8	Archaea	domain	38
3036967	Candidatus Sigynarchaeota archaeon	Archaea	domain	32
1273541	Pyrodictium delaneyi	Archaea	domain	45
555311	Saccharolobus solfataricus 98/2	Archaea	domain	82
349307	Methanothrix thermoacetophila PT	Archaea	domain	41
547559	Natrialba magadii ATCC 43099	Archaea	domain	41
2056631	Thermoproteota archaeon	Archaea	domain	223
2250256	Candidatus Altarchaeales archaeon	Archaea	domain	134
69014	Thermococcus kodakarensis KOD1	Archaea	domain	47
2202732	Nitrosopumilaceae archaeon	Archaea	domain	245
886738	Candidatus Nitrosarchaeum limnium SFB1	Archaea	domain	42
1891280	Saccharolobus sp. A20	Archaea	domain	46
2216012	Halosegnis longus	Archaea	domain	43
2599926	Methanogenium sp. MK-MG	Archaea	domain	43
1006006	Metallosphaera cuprina Ar-4	Archaea	domain	41
1915845	Euryarchaeota archaeon UBA220	Archaea	domain	21
1236903	Methanosarcina mazei Tuc01	Archaea	domain	32
1434115	Methanosarcina mazei SarPi	Archaea	domain	44
41673	Acidianus brierleyi	Archaea	domain	46
697581	Thermofilum adornatum 1505	Archaea	domain	44
2758716	Methanosuratincolales archaeon	Archaea	domain	41
2250274	Microcaldota archaeon	Archaea	domain	459
573064	Methanocaldococcus fervens AG86	Archaea	domain	32
3045163	Candidatus Hodarchaeaceae archaeon	Archaea	domain	75
3036978	Candidatus Freyrarchaeum guaymasense	Archaea	domain	18
1033806	Halorhabdus tiamatea SARL4B	Archaea	domain	42
1410575	uncultured Acidilobus sp. OSP8	Archaea	domain	46
1915908	Euryarchaeota archaeon UBA500	Archaea	domain	36
523848	Saccharolobus shibatae B12	Archaea	domain	83
694430	Natronococcus occultus SP4	Archaea	domain	42
1198449	Aeropyrum camini SY1 = JCM 12091	Archaea	domain	45
2268203	Thermofilaceae archaeon	Archaea	domain	44
2820299	Staphylothermus sp.	Archaea	domain	34
384616	Pyrobaculum islandicum DSM 4184	Archaea	domain	42
591019	Staphylothermus hellenicus DSM 12710	Archaea	domain	38
391623	Thermococcus barophilus MP	Archaea	domain	46
436308	Nitrosopumilus maritimus SCM1	Archaea	domain	38
414004	Cenarchaeum symbiosum A	Archaea	domain	40
1417673	Haloarcula hispanica N601	Archaea	domain	40
387631	Archaeoglobus sulfaticallidus PM70-1	Archaea	domain	42
456442	Methanoregula boonei 6A8	Archaea	domain	41
368407	Methanoculleus marisnigri JR1	Archaea	domain	41
1765055	Haloarcula sp. CBA1127	Archaea	domain	43
1915984	Euryarchaeota archaeon UBA91	Archaea	domain	33
1104324	Pyrobaculum ferrireducens	Archaea	domain	42
2026764	Nanobdellota archaeon	Archaea	domain	29
2099673	Candidatus Nanohalarchaeota archaeon	Archaea	domain	65
797302	Halovivax ruber XH-70	Archaea	domain	41
1779371	Candidatus Bathyarchaeota archaeon B26-2	Archaea	domain	36
2200889	Sulfolobus sp. F1	Archaea	domain	41
1853699	Halorubrum sp. CBA1229	Archaea	domain	47
2269	Thermofilum pendens	Archaea	domain	43
1797983	Euryarchaeota archaeon RBG_19FT_COMBO_56_21	Archaea	domain	38
2571048	Candidatus Nezhaarchaeota archaeon	Archaea	domain	46
2967306	Sulfolobaceae archaeon	Archaea	domain	34
1915854	Euryarchaeota archaeon UBA23	Archaea	domain	35
1805247	Candidatus Micrarchaeota archaeon CG1_02_47_40	Archaea	domain	13
2259673	Nitrosarchaeum sp. AC2	Archaea	domain	43
2910166	Candidatus Nanoarchaeia archaeon	Archaea	domain	68
2268188	Candidatus Nanopusillus sp.	Archaea	domain	35
1054217	Thermoplasmatales archaeon BRNA1	Archaea	domain	41
427317	Saccharolobus islandicus M.14.25	Archaea	domain	39
79929	Methanothermobacter marburgensis str. Marburg	Archaea	domain	34
2287	Saccharolobus solfataricus	Archaea	domain	90
2320	Methanopyrus kandleri	Archaea	domain	4
2238	Haloarcula marismortui	Archaea	domain	2
634497	Haloarcula hispanica ATCC 33960	Archaea	domain	40
399549	Metallosphaera sedula DSM 5348	Archaea	domain	85
593750	Methanoregula formicica SMSP	Archaea	domain	41
3101447	Candidatus Iainarchaeum sp.	Archaea	domain	264
1915848	Euryarchaeota archaeon UBA224	Archaea	domain	27
2023064	Thermogladius sp.	Archaea	domain	38
2303	Thermoplasma acidophilum	Archaea	domain	1
1410606	Candidatus Nitrosopelagicus brevis	Archaea	domain	33
1935139	Candidatus Mnemosynella biddleae	Archaea	domain	48
523844	Methanosarcina thermophila TM-1	Archaea	domain	42
990316	Methanothrix soehngenii GP6	Archaea	domain	42
1301915	Methanocaldococcus bathoardescens	Archaea	domain	31
1042877	Thermococcus sp. 4557	Archaea	domain	46
427318	Saccharolobus islandicus M.16.27	Archaea	domain	38
666510	Acidilobus saccharovorans 345-15	Archaea	domain	38
1264579	Halococcus sediminicola	Archaea	domain	48
1915616	Desulfurococcaceae archaeon UBA150	Archaea	domain	44
2823152	Sulfolobales archaeon HS-7	Archaea	domain	45
619593	Acidianus sulfidivorans JP7	Archaea	domain	46
2285	Sulfolobus acidocaldarius	Archaea	domain	43
56636	Aeropyrum pernix	Archaea	domain	45
2026747	Candidatus Heimdallarchaeota archaeon	Archaea	domain	704
877455	Methanobacterium lacus	Archaea	domain	36
644295	Methanohalobium evestigatum Z-7303	Archaea	domain	41
1577791	Candidatus Methanoplasma termitum	Archaea	domain	45
1163730	Fervidicoccus fontis Kam940	Archaea	domain	33
1434118	Methanosarcina siciliae C2J	Archaea	domain	42
868131	Methanobacterium paludis	Archaea	domain	38
1183377	Pyrococcus sp. ST04	Archaea	domain	45
13773	Pyrobaculum aerophilum	Archaea	domain	48
2246	Haloferax volcanii	Archaea	domain	2
419942	Saccharolobus islandicus Y.N.15.51	Archaea	domain	38
1915972	Euryarchaeota archaeon UBA68	Archaea	domain	32
2184738	Desulfurococcaceae archaeon	Archaea	domain	249
3018267	Candidatus Micrarchaeia archaeon	Archaea	domain	105
2188	Methanococcus voltae	Archaea	domain	5
647113	Methanothermococcus okinawensis IH1	Archaea	domain	30
342949	Pyrococcus sp. NA2	Archaea	domain	45
633148	Thermosphaera aggregans DSM 11486	Archaea	domain	31
2200890	Sulfolobus sp. E1	Archaea	domain	40
2933264	Acidilobaceae archaeon	Archaea	domain	212
2876572	Candidatus Heimdallarchaeum endolithica	Archaea	domain	45
2261	Pyrococcus furiosus	Archaea	domain	1
1132501	Saccharolobus islandicus M.16.23	Archaea	domain	83
1853682	Halarchaeum sp. CBA1220	Archaea	domain	44
1132505	Saccharolobus islandicus M.16.46	Archaea	domain	45
51678	Desulfurococcus sp.	Archaea	domain	76
1915962	Euryarchaeota archaeon UBA610	Archaea	domain	29
930945	Saccharolobus islandicus REY15A	Archaea	domain	38
2594042	Promethearchaeum syntrophicum	Archaea	domain	39
273063	Sulfurisphaera tokodaii str. 7	Archaea	domain	83
406327	Methanococcus vannielii SB	Archaea	domain	31
224719	Methanobrevibacter sp. AbM4	Archaea	domain	30
304371	Methanocella paludicola SANAE	Archaea	domain	43
402880	Methanococcus maripaludis C5	Archaea	domain	31
519442	Halorhabdus utahensis DSM 12940	Archaea	domain	41
190192	Methanopyrus kandleri AV19	Archaea	domain	63
207809	Sulfolobus tengchongensis	Archaea	domain	44
517606	uncultured Candidatus Nitrosopumilus sp.	Archaea	domain	85
2775498	Metallosphaera javensis (ex Sakai et al. 2022)	Archaea	domain	46
1765057	Halobacterium sp. CBA1132	Archaea	domain	42
2026773	Candidatus Pacearchaeota archaeon	Archaea	domain	457
267377	Methanococcus maripaludis S2	Archaea	domain	31
583356	Ignisphaera aggregans DSM 17230	Archaea	domain	42
1295009	Candidatus Methanomassiliicoccus intestinalis Issoire-Mx1	Archaea	domain	44
1434104	Methanococcoides methylutens MM1	Archaea	domain	40
330779	Sulfolobus acidocaldarius DSM 639	Archaea	domain	43
399550	Staphylothermus marinus F1	Archaea	domain	44
228908	Nanoarchaeum equitans Kin4-M	Archaea	domain	76
323259	Methanospirillum hungatei JF-1	Archaea	domain	89
188937	Methanosarcina acetivorans C2A	Archaea	domain	92
2100761	Saccharolobus sp.	Archaea	domain	124
1915913	Euryarchaeota archaeon UBA52	Archaea	domain	29
698757	Pyrobaculum oguniense TE7	Archaea	domain	83
1434119	Methanosarcina siciliae HI350	Archaea	domain	41
419665	Methanococcus aeolicus Nankai-3	Archaea	domain	63
272557	Aeropyrum pernix K1	Archaea	domain	45
940295	Ignicoccus islandicus DSM 13165	Archaea	domain	44
425944	Saccharolobus islandicus L.D.8.5	Archaea	domain	37
866790	Methanothermobacter sp. CaT2	Archaea	domain	33
2823884	Candidatus Jordarchaeum sp. LHC_1308	Archaea	domain	8
2824673	Stygiolobus caldivivus	Archaea	domain	46
1915614	Acidilobaceae archaeon UBA158	Archaea	domain	42
2252	Haloferax mediterranei	Archaea	domain	1
1379702	Methanobacterium sp. MB1	Archaea	domain	37
1434123	Methanosarcina vacuolata Z-761	Archaea	domain	43
456320	Methanococcus voltae A3	Archaea	domain	29
1241935	Saccharolobus islandicus LAL14/1	Archaea	domain	37
444158	Methanococcus maripaludis C6	Archaea	domain	32
1434111	Methanosarcina lacustris Z-7289	Archaea	domain	43
1986697	Euryarchaeota archaeon TMED97	Archaea	domain	32
2798936	Candidatus Wukongarchaeum yapensis	Archaea	domain	28
29283	Halorubrum distributum	Archaea	domain	1
224325	Archaeoglobus fulgidus DSM 4304	Archaea	domain	46
64091	Halobacterium salinarum NRC-1	Archaea	domain	87
187420	Methanothermobacter thermautotrophicus str. Delta H	Archaea	domain	70
243232	Methanocaldococcus jannaschii DSM 2661	Archaea	domain	34
39152	Methanococcus maripaludis	Archaea	domain	35
178306	Pyrobaculum aerophilum str. IM2	Archaea	domain	83
272844	Pyrococcus abyssi GE5	Archaea	domain	46
186497	Pyrococcus furiosus DSM 3638	Archaea	domain	46
70601	Pyrococcus horikoshii OT3	Archaea	domain	46
273057	Saccharolobus solfataricus P2	Archaea	domain	83
273075	Thermoplasma acidophilum DSM 1728	Archaea	domain	44
273116	Thermoplasma volcanium GSS1	Archaea	domain	45
192952	Methanosarcina mazei Go1	Archaea	domain	94
1294122	Candidatus Nanobsidianus stetteri	Archaea	domain	38
1501411	uncultured Candidatus Nitrosoarchaeum sp.	Archaea	domain	44
2692200	Halobacterium bonnevillei	Archaea	domain	44
1852704	Nanoarchaeota archaeon NZ13-N	Archaea	domain	35
2614262	Candidatus Geoarchaeota archaeon	Archaea	domain	35
83982	Methanobacterium thermaggregans	Archaea	domain	1
1132498	Saccharolobus islandicus M.16.12	Archaea	domain	45
1343739	Palaeococcus pacificus DY20341	Archaea	domain	46
3061966	Promethearchaeum sp.	Archaea	domain	32
565033	Geoglobus acetivorans	Archaea	domain	40
1940235	Candidatus Nanoclepta minutus	Archaea	domain	41
2271	Thermoproteus tenax	Archaea	domain	5
2811097	Candidatus Aramenus sp.	Archaea	domain	40
2264	Thermococcus celer	Archaea	domain	4
2190	Methanocaldococcus jannaschii	Archaea	domain	35
2187	Methanococcus vannielii	Archaea	domain	16
2223	Methanothrix soehngenii	Archaea	domain	1
2180	Methanothermus fervidus	Archaea	domain	12
2203	Methanospirillum hungatei	Archaea	domain	1
2162	Methanobacterium formicicum	Archaea	domain	1
1872104	Acidianus sp.	Archaea	domain	42
2026886	Nitrosarchaeum sp.	Archaea	domain	59
1640512	Thaumarchaeota archaeon CSP1-1	Archaea	domain	41
604354	Thermococcus sibiricus MM 739	Archaea	domain	46
683846	Fervidicoccus fontis	Archaea	domain	41
1635285	Euryarchaeota archaeon 55_53	Archaea	domain	38
2886383	Candidatus Anstonellaceae archaeon	Archaea	domain	77
2247	Halorubrum lacusprofundi	Archaea	domain	1
2248	Halorubrum saccharovorum	Archaea	domain	1
2234	Archaeoglobus fulgidus	Archaea	domain	45
35743	Halorubrum sodomense	Archaea	domain	1
63740	Halorubrum vacuolatum	Archaea	domain	1
44930	Natronobacterium gregoryi	Archaea	domain	1
2242	Halobacterium salinarum	Archaea	domain	3
2257	Natronomonas pharaonis	Archaea	domain	1
2053491	Candidatus Thorarchaeota archaeon	Archaea	domain	474
1326980	Candidatus Aramenus sulfurataquae	Archaea	domain	45
2663019	Saccharolobus sp. E5-1-F	Archaea	domain	45
1702097	Saccharolobus caldissimus	Archaea	domain	44
2218537	Candidatus Helarchaeota ASGARD archaeon Hel_GB_B	Archaea	domain	26
867904	Methanomethylovorans hollandica DSM 15978	Archaea	domain	43
1459636	Candidatus Nitrososphaera evergladensis SR1	Archaea	domain	44
426368	Methanococcus maripaludis C7	Archaea	domain	32
1915837	Euryarchaeota archaeon UBA199	Archaea	domain	37
1915953	Euryarchaeota archaeon UBA601	Archaea	domain	36
54254	Thermosphaera aggregans	Archaea	domain	52
2053490	Candidatus Odinarchaeota archaeon	Archaea	domain	120
2952944	Candidatus Nezhaarchaeales archaeon	Archaea	domain	84
1532350	Metallosphaera tengchongensis	Archaea	domain	46
1915890	Euryarchaeota archaeon UBA443	Archaea	domain	35
1410574	uncultured Acidilobus sp. CIS	Archaea	domain	42
2831947	Thermosphaera sp.	Archaea	domain	54
333146	Ferroplasma acidarmanus Fer1	Archaea	domain	41
43687	Metallosphaera sedula	Archaea	domain	87
1878999	Candidatus Altarchaeales archaeon IMC4	Archaea	domain	22
311458	Candidatus Caldarchaeum subterraneum	Archaea	domain	37
1293036	Metallosphaera hakonensis JCM 8857 = DSM 7519	Archaea	domain	46
2599936	Nanobdellati archaeon	Archaea	domain	92
453591	Ignicoccus hospitalis KIN4/I	Archaea	domain	46
1434120	Methanosarcina siciliae T4/M	Archaea	domain	42
1841599	Candidatus Odinarchaeum yellowstonii	Archaea	domain	35
2831942	Candidatus Korarchaeum sp.	Archaea	domain	48
69656	Sulfurisphaera ohwakuensis	Archaea	domain	45
439386	Saccharolobus islandicus Y.G.57.14	Archaea	domain	39
2799012	Candidatus Wukongarchaeota archaeon	Archaea	domain	44
679901	Methanosalsum zhilinae DSM 4017	Archaea	domain	40
589924	Ferroglobus placidus DSM 10642	Archaea	domain	40
523850	Thermococcus onnurineus NA1	Archaea	domain	46
2735514	Candidatus Bathyarchaeota archaeon A05DMB-3	Archaea	domain	40
1434117	Methanosarcina mazei WWM610	Archaea	domain	44
163003	Thermococcus cleftensis	Archaea	domain	46
2495426	Candidatus Methanosuratincola sp.	Archaea	domain	53
406552	Natrinema sp. J7-2	Archaea	domain	41
768672	Desulfurococcus amylolyticus DSM 16532	Archaea	domain	32
673860	Candidatus Aciduliprofundum sp. MAR08-339	Archaea	domain	39
397948	Caldivirga maquilingensis IC-167	Archaea	domain	43
3060460	Pyrofollis japonicus	Archaea	domain	46
543526	Haloterrigena turkmenica DSM 5511	Archaea	domain	40
2077140	Candidatus Parvarchaeota archaeon	Archaea	domain	45
420247	Methanobrevibacter smithii ATCC 35061	Archaea	domain	30
1434106	Methanosarcina barkeri 227	Archaea	domain	46
751944	Halobacterium sp. DL1	Archaea	domain	40
2268205	Thermoproteales archaeon	Archaea	domain	39
2282146	Candidatus Methanomethylicaceae archaeon	Archaea	domain	79
1915863	Candidatus Poseidonia alphae	Archaea	domain	38
1380430	Halolamina rubra	Archaea	domain	41
368408	Thermofilum pendens Hrk 5	Archaea	domain	46
880724	Methanotorris igneus Kol 5	Archaea	domain	30
1434114	Methanosarcina mazei LYC	Archaea	domain	44
1803513	Candidatus Altarchaeum hamiconexum	Archaea	domain	39
1915801	Euryarchaeota archaeon UBA126	Archaea	domain	33
999630	Thermoproteus uzoniensis 768-20	Archaea	domain	40
2511932	Marine Group I thaumarchaeote	Archaea	domain	119
671065	Metallosphaera yellowstonensis MK1	Archaea	domain	46
1714258	Thermoproteus sp. JCHS_4	Archaea	domain	26
2026739	Methanobacteriota archaeon	Archaea	domain	3682
693661	Archaeoglobus veneficus SNP6	Archaea	domain	40
2817952	Candidatus Altarchaeum sp.	Archaea	domain	82
1434113	Methanosarcina mazei C16	Archaea	domain	43
2026803	Candidatus Woesearchaeota archaeon	Archaea	domain	252
1915811	Euryarchaeota archaeon UBA137	Archaea	domain	32
2799005	Candidatus Baldrarchaeota archaeon	Archaea	domain	33
797303	Natrinema pellirubrum DSM 15624	Archaea	domain	40
1603555	Candidatus Nitrosotenuis cloacae	Archaea	domain	41
41675	Stygiolobus azoricus	Archaea	domain	46
2528704	Pyrodictiaceae archaeon	Archaea	domain	141
1700836	Candidatus Bathyarchaeota archaeon BA2	Archaea	domain	38
2053489	Promethearchaeota archaeon	Archaea	domain	621
485914	Halomicrobium mukohataei DSM 12286	Archaea	domain	39
1915859	Euryarchaeota archaeon UBA250	Archaea	domain	31
1927129	Methanonatronarchaeum thermophilum	Archaea	domain	40
2024843	Candidatus Nitrosopumilus sp.	Archaea	domain	260
1915904	Euryarchaeota archaeon UBA497	Archaea	domain	35
415426	Hyperthermus butylicus DSM 5456	Archaea	domain	90
1333523	Salinarchaeum sp. Harcht-Bsk1	Archaea	domain	41
985053	Vulcanisaeta moutnovskia 768-28	Archaea	domain	45
429572	Saccharolobus islandicus L.S.2.15	Archaea	domain	38
2512240	Sulfolobus sp. S-194	Archaea	domain	44
1961369	Thermofilum sp.	Archaea	domain	43
933801	Acidianus hospitalis W1	Archaea	domain	40
795797	Halalkalicoccus jeotgali B3	Archaea	domain	41
3121606	Candidatus Aenigmatarchaeota archaeon	Archaea	domain	433
2026808	Candidatus Nitrosopelagicus sp.	Archaea	domain	42
2886040	Acidianus sp. HS-5	Archaea	domain	46
1582439	Nitrosopumilus piranensis	Archaea	domain	38
362976	Haloquadratum walsbyi DSM 16790	Archaea	domain	38
2508726	Candidatus Nitrosopumilus sp. SW	Archaea	domain	43
2876573	Candidatus Heimdallarchaeum aukensis	Archaea	domain	45
1132504	Saccharolobus islandicus M.16.43	Archaea	domain	83
1915761	Euryarchaeota archaeon UBA186	Archaea	domain	37
2286	Saccharolobus shibatae	Archaea	domain	50
2283	Acidianus ambivalens	Archaea	domain	47
340102	Pyrobaculum arsenaticum DSM 13514	Archaea	domain	39
268739	Natronomonas moolapensis 8.8.11	Archaea	domain	39
1041930	Methanocella conradii HZ254	Archaea	domain	42
1505907	Thermococcus eurythermalis	Archaea	domain	46
2798940	Candidatus Baldrarchaeum yapensis	Archaea	domain	40
2268142	Ignisphaera sp.	Archaea	domain	105
351160	Methanocella arvoryzae MRE50	Archaea	domain	44
797299	Halostagnicola larsenii XH-48	Archaea	domain	39
469382	Halogeometricum borinquense DSM 11551	Archaea	domain	40
490899	Desulfurococcus amylolyticus 1221n	Archaea	domain	31
694429	Pyrolobus fumarii 1A	Archaea	domain	45
1184251	Thermogladius calderae 1633	Archaea	domain	31
1434100	Methanosarcina sp. MTP4	Archaea	domain	43
1592728	Haloarcula sp. CBA1115	Archaea	domain	40
1915775	Euryarchaeota archaeon UBA488	Archaea	domain	37
2004705	Pyrobaculum sp.	Archaea	domain	114
2026714	Candidatus Bathyarchaeota archaeon	Archaea	domain	1223
2886391	Candidatus Bilamarchaeaceae archaeon	Archaea	domain	53
1094980	Methanolobus psychrophilus R15	Archaea	domain	42
410358	Methanocorpusculum labreanum Z	Archaea	domain	41
1365176	Thermofilum adornatum	Archaea	domain	82
573063	Methanocaldococcus infernus ME	Archaea	domain	31
1457250	Halapricum salinum	Archaea	domain	41
54256	Pyrodictium abyssi	Archaea	domain	43
478009	Halobacterium salinarum R1	Archaea	domain	41
1132506	Saccharolobus islandicus M.16.47	Archaea	domain	83
2799008	Candidatus Hermodarchaeota archaeon	Archaea	domain	76
1104576	Candidatus Iainarchaeum andersonii SCGC AAA011-E11	Archaea	domain	36
1132497	Saccharolobus islandicus M.16.2	Archaea	domain	84
529709	Pyrococcus yayanosii CH1	Archaea	domain	46
2026795	Nitrososphaerota archaeon	Archaea	domain	297
2928967	Candidatus Culexmicrobium thermophilum	Archaea	domain	36
1872399	Aeropyrum sp.	Archaea	domain	89
1915871	Euryarchaeota archaeon UBA28	Archaea	domain	33
1853690	Halolamina sp. CBA1230	Archaea	domain	42
444157	Pyrobaculum neutrophilum V24Sta	Archaea	domain	42
521011	Methanosphaerula palustris E1-9c	Archaea	domain	43
765177	Desulfurococcus mucosus DSM 2162	Archaea	domain	31
1867261	Candidatus Methanosuratincola petrocarbonis (ex Vanwonterghem et al. 2016)	Archaea	domain	50
2800102	Candidatus Hodarchaeota archaeon	Archaea	domain	24
1915887	Euryarchaeota archaeon UBA439	Archaea	domain	29
1915896	Euryarchaeota archaeon UBA484	Archaea	domain	46
1132502	Saccharolobus islandicus M.16.30	Archaea	domain	44
3045160	Candidatus Bathyarchaeia archaeon	Archaea	domain	770
2599821	Candidatus Altarchaeota archaeon	Archaea	domain	188
1915808	Euryarchaeota archaeon UBA132	Archaea	domain	36
930943	Saccharolobus islandicus HVE10/4	Archaea	domain	37
1502291	Marine Group I thaumarchaeote SCGC AAA799-D11	Archaea	domain	39
523846	Methanothermus fervidus DSM 2088	Archaea	domain	35
1915864	Euryarchaeota archaeon UBA256	Archaea	domain	37
426118	Saccharolobus islandicus M.16.4	Archaea	domain	39
644281	Methanocaldococcus sp. FS406-22	Archaea	domain	31
1915957	Euryarchaeota archaeon UBA605	Archaea	domain	35
1132499	Saccharolobus islandicus M.16.13	Archaea	domain	45
523849	Thermococcus litoralis DSM 5473	Archaea	domain	45
1434109	Methanosarcina barkeri str. Wiesmoor	Archaea	domain	44
2250277	Thermoprotei archaeon	Archaea	domain	201
1434107	Methanosarcina barkeri 3	Archaea	domain	44
1896163	uncultured Candidatus Nitrosopelagicus sp.	Archaea	domain	56
2591838	Promethearchaeati archaeon	Archaea	domain	39
2012491	Promethearchaeota archaeon Loki_b32	Archaea	domain	28
582419	Thermococcus paralvinellae	Archaea	domain	46
259564	Methanococcoides burtonii DSM 6242	Archaea	domain	43
413816	Halorubrum halophilum	Archaea	domain	48
634498	Methanobrevibacter ruminantium M1	Archaea	domain	47
1903181	Candidatus Methanohalarchaeum thermophilum	Archaea	domain	41
1229909	Candidatus Nitrosopumilus sediminis	Archaea	domain	38
1434102	Methanosarcina sp. WH1	Archaea	domain	43
1915817	Euryarchaeota archaeon UBA171	Archaea	domain	28
593907	Cellulomonas gilvus ATCC 13127	Bacteria	domain	45
1249652	Ehrlichia chaffeensis str. Jax	Bacteria	domain	36
1388758	Dehalococcoides mccartyi GY50	Bacteria	domain	46
56107	Cylindrospermum stagnale PCC 7417	Bacteria	domain	67
360115	Coxiella burnetii RSA 331	Bacteria	domain	42
907265	Chlamydia trachomatis RC-F(s)/852	Bacteria	domain	37
945712	Corynebacterium ulcerans BR-AD22	Bacteria	domain	45
1050219	Chlamydia psittaci CP3	Bacteria	domain	38
516051	Flagellimonas lutaonensis	Bacteria	domain	34
929102	Lactococcus lactis subsp. lactis CV56	Bacteria	domain	40
568819	Listeria monocytogenes serotype 4b str. CLIP 80459	Bacteria	domain	45
40480	Mycoplasma capricolum subsp. capripneumoniae	Bacteria	domain	31
1508644	Candidatus Arthromitus sp. SFB-mouse-NL	Bacteria	domain	34
1273266	Campylobacter fetus subsp. venerealis cfvi03/293	Bacteria	domain	37
768700	Mycoplasma suis str. Illinois	Bacteria	domain	31
583358	Thermoanaerobacter mathranii subsp. mathranii str. A3	Bacteria	domain	53
109232	Rickettsia monacensis	Bacteria	domain	32
699033	Clostridioides difficile 2007855	Bacteria	domain	33
1228997	Riemerella anatipestifer RA-CH-1	Bacteria	domain	33
309807	Salinibacter ruber DSM 13855	Bacteria	domain	44
693982	Sinorhizobium meliloti AK83	Bacteria	domain	47
698936	Sinorhizobium meliloti BL225C	Bacteria	domain	46
1432049	Rhizobium etli bv. phaseoli str. IE4803	Bacteria	domain	43
1170318	Cutibacterium avidum 44067	Bacteria	domain	46
378806	Stigmatella aurantiaca DW4/3-1	Bacteria	domain	46
1408179	Streptococcus pneumoniae A026	Bacteria	domain	34
1328325	Klebsiella pneumoniae subsp. pneumoniae KPR0928	Bacteria	domain	47
290402	Clostridium beijerinckii NCIMB 8052	Bacteria	domain	40
298654	Pseudofrankia inefficax	Bacteria	domain	44
771875	Fervidobacterium pennivorans DSM 9078	Bacteria	domain	43
1159204	Mycoplasmoides gallisepticum NC08_2008.031-4-3P	Bacteria	domain	32
511437	Lentilactobacillus buchneri NRRL B-30929	Bacteria	domain	49
1432060	Dehalococcoides mccartyi CG4	Bacteria	domain	47
1097668	Burkholderia sp. YI23	Bacteria	domain	48
1208923	Candidatus Kinetoplastidibacterium blastocrithidiae (ex Strigomonas culicis)	Bacteria	domain	39
582402	Hirschia baltica ATCC 49814	Bacteria	domain	35
1028989	Pseudomonas sp. StFLB209	Bacteria	domain	40
745277	Rahnella aquatilis CIP 78.65 = ATCC 33071	Bacteria	domain	45
1833	Rhodococcus erythropolis	Bacteria	domain	50
1130804	Streptococcus pneumoniae ST556	Bacteria	domain	34
1276282	Staphylococcus pasteuri SP1	Bacteria	domain	32
1441930	Chania multitudinisentens RB-25	Bacteria	domain	49
98360	Salmonella enterica subsp. enterica serovar Dublin	Bacteria	domain	51
1340851	Pseudomonas aeruginosa RP73	Bacteria	domain	44
1028801	Neorhizobium galegae bv. officinalis bv. officinalis str. HAMBI 1141	Bacteria	domain	43
909420	Neisseria meningitidis H44/76	Bacteria	domain	42
662945	Mycoplasmoides genitalium M6320	Bacteria	domain	36
324925	Pelodictyon phaeoclathratiforme BU-1	Bacteria	domain	44
290847	Helicobacter pylori 51	Bacteria	domain	36
768492	Serratia plymuthica AS9	Bacteria	domain	48
448385	Sorangium cellulosum So ce56	Bacteria	domain	59
1201010	Staphylococcus aureus subsp. aureus SA957	Bacteria	domain	41
862966	Streptococcus intermedius C270	Bacteria	domain	38
798300	Streptococcus pyogenes MGAS15252	Bacteria	domain	35
1080228	Synechocystis sp. PCC 6803 substr. GT-I	Bacteria	domain	40
334413	Finegoldia magna ATCC 29328	Bacteria	domain	35
331111	Escherichia coli O139:H28 str. E24377A	Bacteria	domain	53
767817	Desulfoscipio gibsoniae DSM 7213	Bacteria	domain	49
235909	Geobacillus kaustophilus HTA426	Bacteria	domain	67
709032	Sulfuricurvum kujiense DSM 16994	Bacteria	domain	36
1048264	Streptococcus pyogenes HKU QMH11M0907901	Bacteria	domain	34
1144888	Rickettsia helvetica C9P9	Bacteria	domain	33
543736	Rhodococcus opacus PD630	Bacteria	domain	48
1348114	Pseudoalteromonas piratica	Bacteria	domain	35
70775	Pseudomonas plecoglossicida	Bacteria	domain	44
1536772	Paenibacillus sp. FSL R7-0273	Bacteria	domain	51
1334565	Listeria monocytogenes EGD	Bacteria	domain	45
1087440	Klebsiella pneumoniae subsp. pneumoniae KPNIH1	Bacteria	domain	47
608538	Hydrogenobacter thermophilus TK-6	Bacteria	domain	44
648996	Thermovibrio ammonificans HB-1	Bacteria	domain	44
657322	Faecalibacterium prausnitzii SL3/3	Bacteria	domain	51
589865	Desulfurivibrio alkaliphilus AHT 2	Bacteria	domain	44
633145	Dehalococcoides mccartyi GT	Bacteria	domain	47
3026968	Corynebacterium ramonii	Bacteria	domain	44
441771	Clostridium botulinum A str. Hall	Bacteria	domain	43
31964	Clavibacter sepedonicus	Bacteria	domain	45
251229	Chroococcidiopsis thermalis PCC 7203	Bacteria	domain	42
1202537	Candidatus Carsonella ruddii CS isolate Thao2000	Bacteria	domain	25
153948	Nitrosomonas sp. AL212	Bacteria	domain	38
592029	Nonlabens dokdonensis DSW-6	Bacteria	domain	38
1458279	Staphylococcus aureus USA300-ISMMS1	Bacteria	domain	42
1055530	Helicobacter pylori SNT49	Bacteria	domain	36
570508	Helicobacter pylori P12	Bacteria	domain	36
1196095	Gilliamella apicola	Bacteria	domain	37
585395	Escherichia coli O103:H2 str. 12009	Bacteria	domain	57
585057	Escherichia coli IAI39	Bacteria	domain	48
1031536	Campylobacter lari subsp. concheus LMG 11760	Bacteria	domain	34
40576	Xenorhabdus bovienii	Bacteria	domain	52
547048	Yersinia pestis biovar Medievalis str. Harbin 35	Bacteria	domain	47
360094	Xanthomonas oryzae pv. oryzae PXO99A	Bacteria	domain	47
100901	Wolbachia endosymbiont of Onchocerca ochengi	Bacteria	domain	33
126738	Thermotoga sp. RQ7	Bacteria	domain	46
670307	Hyphomicrobium denitrificans 1NES1	Bacteria	domain	47
1136179	Rhodococcus erythropolis CCM2595	Bacteria	domain	49
1010835	Mycobacterium tuberculosis BT2	Bacteria	domain	45
2098	Metamycoplasma hominis	Bacteria	domain	33
1032480	Microlunatus phosphovorus NM-1	Bacteria	domain	45
1434214	Mannheimia varigena USDA-ARS-USMARC-1312	Bacteria	domain	34
767455	Lactobacillus delbrueckii subsp. bulgaricus ND02	Bacteria	domain	44
1432061	Dehalococcoides mccartyi CG5	Bacteria	domain	47
1050221	Chlamydia psittaci NJ1	Bacteria	domain	38
1173020	Chamaesiphon minutus PCC 6605	Bacteria	domain	48
1358410	Campylobacter coli 15-537360	Bacteria	domain	35
1076588	Thiolapillus brandeum	Bacteria	domain	38
585535	Helicobacter pylori 35A	Bacteria	domain	36
1029718	Candidatus Arthromitus sp. SFB-mouse-Japan	Bacteria	domain	34
360107	Campylobacter hominis ATCC BAA-381	Bacteria	domain	36
1335307	Burkholderia pseudomallei MSHR305	Bacteria	domain	47
479434	Sphaerobacter thermophilus DSM 20745	Bacteria	domain	49
317655	Sphingopyxis alaskensis RB2256	Bacteria	domain	45
487215	Streptococcus pyogenes Alab49	Bacteria	domain	35
396588	Thioalkalivibrio sulfidiphilus HL-EbGr7	Bacteria	domain	43
1246301	Variovorax paradoxus B4	Bacteria	domain	45
570417	Wolbachia endosymbiont of Culex quinquefasciatus Pel	Bacteria	domain	32
150340	Vibrio antiquarius	Bacteria	domain	42
246194	Carboxydothermus hydrogenoformans Z-2901	Bacteria	domain	47
580331	Thermoanaerobacter italicus Ab9	Bacteria	domain	51
1198676	Streptococcus mutans GS-5	Bacteria	domain	35
187101	Sneathia vaginalis	Bacteria	domain	28
1282357	Shigella flexneri 2003036	Bacteria	domain	58
59919	Prochlorococcus marinus subsp. pastoris str. CCMP1986	Bacteria	domain	37
93222	Pandoraea sputorum	Bacteria	domain	46
169760	Paenibacillus stellifer	Bacteria	domain	51
708248	Mycoplasma suis KI3806	Bacteria	domain	31
1206780	Mycobacterium tuberculosis variant bovis BCG str. Korea 1168P	Bacteria	domain	45
1316932	Mannheimia haemolytica M42548	Bacteria	domain	38
1406860	Salmonella enterica subsp. enterica serovar Agona str. 24249	Bacteria	domain	48
1453429	Candidatus Atelocyanobacterium thalassa isolate ALOHA	Bacteria	domain	35
1306417	Burkholderia pseudomallei MSHR5858	Bacteria	domain	46
246273	Wolbachia endosymbiont of Cimex lectularius	Bacteria	domain	33
491081	Treponema pallidum subsp. pallidum DAL-1	Bacteria	domain	43
203275	Tannerella forsythia 92A2	Bacteria	domain	44
1080229	Synechocystis sp. PCC 6803 substr. PCC-N	Bacteria	domain	40
1028799	Staphylococcus aureus subsp. aureus VC40	Bacteria	domain	41
60481	Shewanella sp. MR-7	Bacteria	domain	44
1262673	Chlamydia trachomatis L2/434/Bu(f)	Bacteria	domain	37
318167	Shewanella frigidimarina NCIMB 400	Bacteria	domain	49
927704	Selenomonas ruminantium subsp. lactilytica TAM6421	Bacteria	domain	51
290317	Chlorobium phaeobacteroides DSM 266	Bacteria	domain	44
290398	Chromohalobacter israelensis DSM 3043	Bacteria	domain	47
1198232	Cycloclasticus zancles 78-ME	Bacteria	domain	36
1435356	Rhodococcus pyridinivorans SB3094	Bacteria	domain	49
278197	Pediococcus pentosaceus ATCC 25745	Bacteria	domain	44
1310114	Mycobacterium tuberculosis CAS/NITR204	Bacteria	domain	44
1458461	Candidatus Phaeomarinibacter ectocarpi	Bacteria	domain	39
767453	Limosilactobacillus fermentum F-6	Bacteria	domain	43
65093	Halothece sp. PCC 7418	Bacteria	domain	41
374930	Haemophilus influenzae PittEE	Bacteria	domain	40
86416	Clostridium pasteurianum BC1	Bacteria	domain	43
1211579	Pseudomonas putida NBRC 14164	Bacteria	domain	44
349747	Yersinia pseudotuberculosis IP 31758	Bacteria	domain	46
914127	Vibrio vulnificus MO6-24/O	Bacteria	domain	44
240016	Verrucomicrobium spinosum DSM 4136 = JCM 18804	Bacteria	domain	53
573062	Thermoanaerobacter sp. X513	Bacteria	domain	48
370552	Streptococcus pyogenes MGAS10270	Bacteria	domain	35
189423	Streptococcus pneumoniae 670-6B	Bacteria	domain	34
1328	Streptococcus anginosus	Bacteria	domain	38
1327989	Serratia sp. FS14	Bacteria	domain	48
1334564	Serratia marcescens SM39	Bacteria	domain	50
1105105	Rickettsia rickettsii str. Arizona	Bacteria	domain	33
1125847	Pseudorhizobium banfieldiae	Bacteria	domain	43
386415	Clostridium novyi NT	Bacteria	domain	39
930166	Pseudomonas brassicacearum	Bacteria	domain	41
1408206	Pediococcus pentosaceus SL4	Bacteria	domain	43
318586	Paracoccus denitrificans PD1222	Bacteria	domain	43
1536769	Paenibacillus sp. FSL P4-0081	Bacteria	domain	52
693986	Methylobacterium oryzae CBMB20	Bacteria	domain	46
380749	Hydrogenobaculum sp. Y04AAS1	Bacteria	domain	43
985081	Helicobacter pylori 2017	Bacteria	domain	36
381764	Fervidobacterium nodosum Rt17-B1	Bacteria	domain	43
504474	Corynebacterium urealyticum DSM 7109	Bacteria	domain	45
645127	Corynebacterium kroppenstedtii DSM 44385	Bacteria	domain	46
1249651	Ehrlichia chaffeensis str. Heartland	Bacteria	domain	36
1203460	Streptomyces hygroscopicus subsp. jinggangensis TL01	Bacteria	domain	54
400092	Pontibacter korlensis	Bacteria	domain	34
665571	Winmispira thermophila DSM 6192	Bacteria	domain	46
1105096	Rickettsia prowazekii str. BuV67-CWPP	Bacteria	domain	33
1262456	Ralstonia pseudosolanacearum FQY_4	Bacteria	domain	42
264730	Pseudomonas savastanoi pv. phaseolicola 1448A	Bacteria	domain	37
1127134	Nocardia cyriacigeorgica GUH-2	Bacteria	domain	47
583345	Methylotenera mobilis JLW8	Bacteria	domain	38
882094	Listeria monocytogenes L312	Bacteria	domain	45
272622	Lactococcus cremoris subsp. cremoris SK11	Bacteria	domain	40
1416753	Ensifer adhaerens OV14	Bacteria	domain	45
484770	Pelosinus sp. UFO1	Bacteria	domain	65
768704	Desulfosporosinus meridiei DSM 13257	Bacteria	domain	51
525146	Desulfovibrio desulfuricans ATCC 27774	Bacteria	domain	46
1204414	Corynebacterium glutamicum K051	Bacteria	domain	46
700015	Coriobacterium glomerans PW2	Bacteria	domain	45
931276	Clostridium saccharoperbutylacetonicum N1-4(HMT)	Bacteria	domain	41
33014	Clavibacter michiganensis subsp. insidiosus	Bacteria	domain	46
511995	Candidatus Azobacteroides pseudotrichonymphae genomovar. CFP2	Bacteria	domain	35
349101	Cereibacter sphaeroides ATCC 17029	Bacteria	domain	44
1105114	Rickettsia montanensis str. OSU 85-930	Bacteria	domain	33
373994	Rivularia sp. PCC 7116	Bacteria	domain	44
1069534	Ligilactobacillus ruminis ATCC 27782	Bacteria	domain	47
221027	Treponema putidum	Bacteria	domain	43
1276227	Spiroplasma chrysopicola DF-1	Bacteria	domain	32
205918	Pseudomonas syringae pv. syringae B728a	Bacteria	domain	38
1276648	Cutibacterium acnes hdn-1	Bacteria	domain	45
699036	Clostridioides difficile CF5	Bacteria	domain	32
1536773	Paenibacillus sp. FSL R7-0331	Bacteria	domain	53
323261	Nitrosococcus oceani ATCC 19707	Bacteria	domain	44
164757	Mycobacterium sp. JLS	Bacteria	domain	47
754503	Mesomycoplasma hyopneumoniae 7422	Bacteria	domain	30
187303	Methylocystis hydrogenophila	Bacteria	domain	45
595537	Variovorax paradoxus EPS	Bacteria	domain	52
1284663	Lactiplantibacillus plantarum ZJ316	Bacteria	domain	46
1392499	Klebsiella pneumoniae subsp. pneumoniae 1158	Bacteria	domain	45
376686	Flavobacterium johnsoniae UW101	Bacteria	domain	36
1158600	Enterococcus faecium ATCC 8459 = NRRL B-2354	Bacteria	domain	37
706194	Candidatus Karelsulcia muelleri CARI	Bacteria	domain	30
160799	Paenibacillus borealis	Bacteria	domain	53
545776	Treponema paraluiscuniculi Cuniculi A	Bacteria	domain	43
765912	Thioflavicoccus mobilis 8321	Bacteria	domain	45
1314	Streptococcus pyogenes	Bacteria	domain	37
1302863	Streptococcus cristatus AS 1.3089	Bacteria	domain	35
1367847	Paracoccus aminophilus JCM 7686	Bacteria	domain	44
497965	Gloeothece verrucosa PCC 7822	Bacteria	domain	42
443906	Clavibacter michiganensis subsp. michiganensis NCPPB 382	Bacteria	domain	45
204669	Candidatus Koribacter versatilis Ellin345	Bacteria	domain	46
638303	Thermocrinis albus DSM 14484	Bacteria	domain	44
406817	Xenorhabdus nematophila ATCC 19061	Bacteria	domain	47
2902295	Vibrio campbellii ATCC BAA-1116	Bacteria	domain	47
1291379	Treponema pedis str. T A4	Bacteria	domain	44
1255043	Thioalkalivibrio nitratireducens DSM 14787	Bacteria	domain	45
469371	Thermobispora bispora DSM 43833	Bacteria	domain	48
1150621	Sulfurospirillum multivorans DSM 12446	Bacteria	domain	42
69328	Pseudomonas sp. VLB120	Bacteria	domain	43
246195	Dichelobacter nodosus VCS1703A	Bacteria	domain	37
391616	Octadecabacter arcticus 238	Bacteria	domain	39
1216962	Helicobacter heilmannii ASB1.4	Bacteria	domain	37
326424	Frankia alni ACN14a	Bacteria	domain	44
591946	Escherichia coli LF82	Bacteria	domain	48
474186	Enterococcus faecalis OG1RF	Bacteria	domain	38
1333850	Enterobacter cloacae ECNIH2	Bacteria	domain	49
1117941	Lactococcus lactis subsp. lactis NCDO 2118	Bacteria	domain	46
525897	Desulfomicrobium baculatum DSM 4028	Bacteria	domain	49
717608	[Clostridium] cf. saccharolyticum K10	Bacteria	domain	39
395019	Burkholderia multivorans ATCC 17616	Bacteria	domain	45
663917	Geobacter sulfurreducens KN400	Bacteria	domain	44
401053	Terriglobus saanensis SP1PR4	Bacteria	domain	47
171101	Streptococcus pneumoniae R6	Bacteria	domain	34
1412585	Salmonella enterica subsp. enterica serovar Enteritidis str. EC20090530	Bacteria	domain	47
369723	Salinispora tropica CNB-440	Bacteria	domain	47
1147786	Pseudomonas mandelii JR-1	Bacteria	domain	43
1192197	Pelosinus fermentans JBW45	Bacteria	domain	54
926562	Owenweeksia hongkongensis DSM 17368	Bacteria	domain	33
28072	Nostoc sp. PCC 7524	Bacteria	domain	60
572418	Mycobacterium tuberculosis variant africanum GM041182	Bacteria	domain	45
886377	Allomuricauda ruestringensis DSM 13258	Bacteria	domain	34
439375	Brucella anthropi ATCC 49188	Bacteria	domain	46
393011	Francisella tularensis subsp. holarctica OSU18	Bacteria	domain	34
880071	Bernardetia litoralis DSM 6794	Bacteria	domain	34
469008	Escherichia coli BL21(DE3)	Bacteria	domain	46
1454006	Siansivirga zeaxanthinifaciens CC-SAMT-1	Bacteria	domain	32
869303	Streptococcus pneumoniae SPN034156	Bacteria	domain	36
64471	Synechococcus sp. CC9311	Bacteria	domain	42
1280380	Synechococcus sp. KORDI-100	Bacteria	domain	42
215689	Erwinia sp. Ejp617	Bacteria	domain	42
1421338	Enterobacter asburiae L1	Bacteria	domain	47
502558	Eggerthella sp. YY7918	Bacteria	domain	47
399726	Thermoanaerobacter sp. X514	Bacteria	domain	47
315277	Chlamydia trachomatis A/HAR-13	Bacteria	domain	37
1234367	Chlamydia pecorum PV3056/3	Bacteria	domain	38
1053648	Candidatus Tremblaya princeps PCVAL	Bacteria	domain	7
360106	Campylobacter fetus subsp. fetus 82-40	Bacteria	domain	37
521460	Caldicellulosiruptor bescii DSM 6725	Bacteria	domain	43
1435984	Burkholderia pseudomallei MSHR62	Bacteria	domain	46
864803	Clostridium beijerinckii ATCC 35702	Bacteria	domain	40
401472	Corynebacterium ureicelerivorans	Bacteria	domain	46
203124	Trichodesmium erythraeum IMS101	Bacteria	domain	35
545694	Treponema primitia ZAS-2	Bacteria	domain	47
858215	Thermoanaerobacterium xylanolyticum LX-11	Bacteria	domain	48
65058	Corynebacterium ulcerans	Bacteria	domain	47
936153	Enterococcus faecalis 62	Bacteria	domain	42
1305849	Enterococcus faecium Aus0085	Bacteria	domain	43
1080230	Synechocystis sp. PCC 6803 substr. PCC-P	Bacteria	domain	40
1005041	Streptococcus suis SS12	Bacteria	domain	36
218494	Streptococcus suis P1/7	Bacteria	domain	34
1434306	Streptomyces noursei ZPM	Bacteria	domain	53
1105098	Rickettsia prowazekii str. GvV257	Bacteria	domain	33
335284	Psychrobacter cryohalolentis K5	Bacteria	domain	35
1352355	Pseudomonas aeruginosa c7447m	Bacteria	domain	44
1280938	Pseudomonas aeruginosa B136-33	Bacteria	domain	44
471857	Saccharomonospora viridis DSM 43017	Bacteria	domain	46
564419	Chlamydia trachomatis 70s	Bacteria	domain	37
1218356	Chlamydia psittaci WS/RT/E30	Bacteria	domain	38
1434773	Chlamydia muridarum str. Nigg CM972	Bacteria	domain	37
289377	Thermodesulfobacterium commune DSM 2178	Bacteria	domain	46
349746	Yersinia pestis Angola	Bacteria	domain	46
289376	Thermodesulfovibrio yellowstonii DSM 11347	Bacteria	domain	47
1394889	Thermosynechococcus sp. NK55a	Bacteria	domain	41
1403449	Streptococcus equi subsp. zooepidemicus CY	Bacteria	domain	36
176279	Staphylococcus epidermidis RP62A	Bacteria	domain	43
295319	Salmonella enterica subsp. enterica serovar Paratyphi A str. ATCC 9150	Bacteria	domain	51
1142394	Phycisphaera mikurensis NBRC 102666	Bacteria	domain	45
1499686	Pseudomonas saudiphocaensis	Bacteria	domain	42
478434	Mycobacterium tuberculosis KZN 1435	Bacteria	domain	45
1112856	Mycoplasmoides pneumoniae 309	Bacteria	domain	34
2110	Mycoplasmopsis agalactiae	Bacteria	domain	34
297245	Legionella pneumophila str. Lens	Bacteria	domain	40
390333	Lactobacillus delbrueckii subsp. bulgaricus ATCC 11842 = JCM 1002	Bacteria	domain	47
321967	Lacticaseibacillus paracasei ATCC 334	Bacteria	domain	47
546269	Filifactor alocis ATCC 35896	Bacteria	domain	36
566546	Escherichia coli W	Bacteria	domain	47
316401	Escherichia coli ETEC H10407	Bacteria	domain	53
251221	Gloeobacter violaceus PCC 7421	Bacteria	domain	44
231023	Pseudomonas putida ND6	Bacteria	domain	42
1311760	Mannheimia haemolytica D174	Bacteria	domain	40
314260	Parvularcula bermudensis HTCC2503	Bacteria	domain	43
1185650	Mycobacteroides abscessus subsp. abscessus	Bacteria	domain	49
1316930	Mycoplasmopsis bovis CQ-W70	Bacteria	domain	34
313624	Nodularia spumigena CCY9414	Bacteria	domain	42
1415773	Mycoplasma ovis str. Michigan	Bacteria	domain	31
1191523	Melioribacter roseus P3M-2	Bacteria	domain	43
405566	Lactobacillus helveticus DPC 4571	Bacteria	domain	45
72407	Klebsiella pneumoniae subsp. pneumoniae	Bacteria	domain	51
281310	Haemophilus influenzae 86-028NP	Bacteria	domain	39
685727	Prescottella equi 103S	Bacteria	domain	50
431946	Escherichia coli SE15	Bacteria	domain	46
590409	Dickeya parazeae Ech586	Bacteria	domain	48
558173	Corynebacterium doosanense CAU 212 = DSM 45436	Bacteria	domain	47
1778540	Dickeya fangzhongdai	Bacteria	domain	47
452471	Candidatus Amoebophilus asiaticus 5a2	Bacteria	domain	34
1295010	Campylobacter jejuni subsp. jejuni R14	Bacteria	domain	35
1367491	Campylobacter coli 76339	Bacteria	domain	34
1249659	Burkholderia pseudomallei MSHR520	Bacteria	domain	47
637387	Mycoplasmopsis fermentans JER	Bacteria	domain	36
935599	Neisseria meningitidis G2136	Bacteria	domain	43
926550	Caldilinea aerophila DSM 14535 = NBRC 104270	Bacteria	domain	46
222891	Ehrlichia sennetsu str. Miyayama	Bacteria	domain	32
1310115	Mycobacterium tuberculosis EAI5/NITR206	Bacteria	domain	44
272633	Malacoplasma penetrans HF-2	Bacteria	domain	29
349215	Micavibrio aeruginosavorus EPB	Bacteria	domain	39
314315	Latilactobacillus sakei subsp. sakei 23K	Bacteria	domain	42
515620	Lachnospira eligens ATCC 27750	Bacteria	domain	33
1042878	Cupriavidus necator N-1	Bacteria	domain	49
1071765	Chlamydia trachomatis G/SotonG1	Bacteria	domain	37
471472	Chlamydia trachomatis L2/434/Bu	Bacteria	domain	37
632335	Caldicellulosiruptor acetigenus I77R1B	Bacteria	domain	44
441772	Clostridium botulinum F str. Langeland	Bacteria	domain	43
717960	Faecalitalea cylindroides T2-87	Bacteria	domain	36
119857	Francisella tularensis subsp. holarctica	Bacteria	domain	34
866895	Halobacillus halophilus DSM 2266	Bacteria	domain	46
637386	Yersinia pestis Z176003	Bacteria	domain	47
1308548	Xanthomonas citri subsp. citri UI6	Bacteria	domain	47
316278	Synechococcus sp. RCC307	Bacteria	domain	42
362257	Streptomyces vietnamensis	Bacteria	domain	54
370554	Streptococcus pyogenes MGAS10750	Bacteria	domain	34
1515612	Sphingopyxis fribergensis	Bacteria	domain	45
425104	Shewanella sediminis HAW-EB3	Bacteria	domain	45
1637999	Verrucomicrobia bacterium IMCC26134	Bacteria	domain	45
738	Glaesserella parasuis	Bacteria	domain	45
172045	Elizabethkingia miricola	Bacteria	domain	35
255470	Dehalococcoides mccartyi CBDB1	Bacteria	domain	47
1071754	Chlamydia trachomatis A/5291	Bacteria	domain	37
1041809	Candidatus Arthromitus sp. SFB-mouse-Yit	Bacteria	domain	35
360109	Campylobacter jejuni subsp. doylei 269.97	Bacteria	domain	35
1244528	Campylobacter fetus subsp. testudinum 03-427	Bacteria	domain	36
272564	Desulfitobacterium hafniense DCB-2	Bacteria	domain	49
502800	Yersinia pseudotuberculosis YPIII	Bacteria	domain	46
1453495	Yersinia aldovae 670-83	Bacteria	domain	47
759620	Weissella ceti	Bacteria	domain	45
592205	Helicobacter pylori B38	Bacteria	domain	36
486410	Streptococcus dysgalactiae subsp. equisimilis GGS_124	Bacteria	domain	35
1231389	Streptococcus agalactiae SA20-06	Bacteria	domain	38
1118959	Staphylococcus aureus subsp. aureus M013	Bacteria	domain	41
504472	Spirosoma linguale DSM 74	Bacteria	domain	46
1611770	Pseudomonas sp. MRSN 12121	Bacteria	domain	46
1449976	Kutzneria albida DSM 43870	Bacteria	domain	45
547144	Hydrogenobaculum sp. HO	Bacteria	domain	44
869727	Helicobacter pylori 908	Bacteria	domain	36
340184	Escherichia coli B7A	Bacteria	domain	49
868595	Desulfotomaculum nigrificans CO-1-SRB	Bacteria	domain	47
383629	Phaeobacter inhibens 2.10	Bacteria	domain	41
679936	Sulfobacillus acidophilus DSM 10332	Bacteria	domain	52
319701	Streptococcus pyogenes MGAS6180	Bacteria	domain	35
981539	Streptococcus gallolyticus subsp. gallolyticus ATCC 43143	Bacteria	domain	37
1003195	Streptantibioticus cattleyicolor NRRL 8057 = DSM 46488	Bacteria	domain	53
216599	Shigella sonnei 53G	Bacteria	domain	57
798128	Thermus thermophilus JL-18	Bacteria	domain	47
1105097	Rickettsia prowazekii str. Dachau	Bacteria	domain	33
380358	Xanthomonas albilineans GPE PC73	Bacteria	domain	44
754252	Propionibacterium freudenreichii subsp. shermanii CIRM-BIA1	Bacteria	domain	45
1262462	Yersinia enterocolitica (type O:5) str. YE53/03	Bacteria	domain	44
1114967	Cutibacterium acnes TypeIA2 P.acn17	Bacteria	domain	45
1208324	Celeribacter indicus	Bacteria	domain	42
481743	Paenibacillus sp. Y412MC10	Bacteria	domain	44
56110	Oxynema acuminatum PCC 6304	Bacteria	domain	67
334380	Orientia tsutsugamushi str. Ikeda	Bacteria	domain	34
1159202	Mycoplasmoides gallisepticum NC06_2006.080-5-2P	Bacteria	domain	32
657316	Megamonas hypermegale ART12/1	Bacteria	domain	39
933093	Legionella pneumophila subsp. pneumophila ATCC 43290	Bacteria	domain	39
909954	Lactobacillus johnsonii DPC 6026	Bacteria	domain	46
272621	Lactobacillus acidophilus NCFM	Bacteria	domain	45
375286	Janthinobacterium sp. Marseille	Bacteria	domain	41
1055529	Helicobacter pylori Puno135	Bacteria	domain	36
395095	Mycobacterium tuberculosis str. Haarlem	Bacteria	domain	45
956149	Cronobacter sakazakii SP291	Bacteria	domain	48
875328	Mycolicibacter sinensis	Bacteria	domain	46
262723	Mycoplasmopsis synoviae 53	Bacteria	domain	34
630	Yersinia enterocolitica	Bacteria	domain	54
396595	Thioalkalivibrio sp. K90mix	Bacteria	domain	44
361277	Terribacillus saccharophilus	Bacteria	domain	41
1276229	Spiroplasma syrphidicola EA-1	Bacteria	domain	30
336982	Mycobacterium tuberculosis F11	Bacteria	domain	45
1772	Mycolicibacterium smegmatis	Bacteria	domain	47
1299325	Mycobacteroides abscessus subsp. bolletii 103	Bacteria	domain	45
228405	Hyphomonas neptunium ATCC 15444	Bacteria	domain	43
1351	Enterococcus faecalis	Bacteria	domain	27
709991	Odoribacter splanchnicus DSM 20712	Bacteria	domain	42
1082931	Pelagibacterium halotolerans B2	Bacteria	domain	45
547143	Hydrogenobaculum sp. 3684	Bacteria	domain	43
1407463	Helicobacter pylori BM012S	Bacteria	domain	36
1224746	Gluconobacter oxydans H24	Bacteria	domain	46
717961	[Eubacterium] siraeum V10Sc8a	Bacteria	domain	33
299767	Enterobacter ludwigii	Bacteria	domain	59
1415775	Clostridium baratii str. Sullivan	Bacteria	domain	39
707186	Chlamydia trachomatis G/11222	Bacteria	domain	37
707183	Chlamydia trachomatis E/11023	Bacteria	domain	37
446470	Stackebrandtia nassauensis DSM 44728	Bacteria	domain	45
1249476	Burkholderia pseudomallei NAU20B-16	Bacteria	domain	46
1306418	Burkholderia pseudomallei HBPUB10134a	Bacteria	domain	46
574521	Escherichia coli O127:H6 str. E2348/69	Bacteria	domain	55
393127	Listeria monocytogenes Finland 1998	Bacteria	domain	45
1205675	Mycobacterium canetti CIPT 140070008	Bacteria	domain	45
754409	Winogradskyella sp. PG-2	Bacteria	domain	50
1157947	Thermotoga sp. Cell2	Bacteria	domain	46
1163617	Sulfuricella denitrificans skB26	Bacteria	domain	43
548473	Staphylococcus aureus subsp. aureus TCH60	Bacteria	domain	41
1123523	Staphylococcus aureus subsp. aureus 11819-97	Bacteria	domain	41
1283	Staphylococcus haemolyticus	Bacteria	domain	38
331113	Simkania negevensis Z	Bacteria	domain	35
1454592	Salmonella enterica subsp. enterica serovar Anatum str. CDC 06-0532	Bacteria	domain	48
203119	Acetivibrio thermocellus ATCC 27405	Bacteria	domain	45
1536770	Paenibacillus sp. FSL R5-0345	Bacteria	domain	53
983544	Lacinutrix sp. 5H-3-7-4	Bacteria	domain	29
765963	Helicobacter pylori PeCan4	Bacteria	domain	36
1051974	Granulibacter bethesdensis CGDNIH2	Bacteria	domain	46
550540	Ferrimonas balearica DSM 9799	Bacteria	domain	47
585054	Escherichia fergusonii ATCC 35469	Bacteria	domain	49
331112	Escherichia coli HS	Bacteria	domain	48
1433287	Mannheimia varigena USDA-ARS-USMARC-1296	Bacteria	domain	37
990317	Streptococcus gallolyticus subsp. gallolyticus ATCC BAA-2069	Bacteria	domain	37
216778	Stenotrophomonas rhizophila	Bacteria	domain	46
663951	Staphylococcus aureus subsp. aureus TW20	Bacteria	domain	41
652103	Rhodopseudomonas palustris DX-1	Bacteria	domain	46
207559	Oleidesulfovibrio alaskensis G20	Bacteria	domain	48
1391727	Helicobacter pylori 26695-1CL	Bacteria	domain	36
1565605	Rugosibacter aromaticivorans	Bacteria	domain	43
1496	Clostridioides difficile	Bacteria	domain	36
935591	Neisseria meningitidis M01-240149	Bacteria	domain	44
1091501	Mycobacterium tuberculosis RGTB423	Bacteria	domain	45
410289	Mycobacterium tuberculosis variant bovis BCG str. Pasteur 1173P2	Bacteria	domain	45
637909	Streptococcus gallolyticus UCN34	Bacteria	domain	39
203120	Leuconostoc mesenteroides subsp. mesenteroides ATCC 8293	Bacteria	domain	40
349519	Leuconostoc citreum KM20	Bacteria	domain	40
478801	Kytococcus sedentarius DSM 20547	Bacteria	domain	47
316435	Escherichia coli Nissle 1917	Bacteria	domain	53
413503	Cronobacter malonaticus	Bacteria	domain	48
1087451	Corynebacterium pseudotuberculosis 31	Bacteria	domain	41
1176492	Burkholderia glumae LMG 2196 = ATCC 33617	Bacteria	domain	45
1382920	Helicobacter pylori oki102	Bacteria	domain	36
1127122	Helicobacter pylori XZ274	Bacteria	domain	36
266940	Kineococcus radiotolerans SRS30216 = ATCC BAA-149	Bacteria	domain	46
119856	Francisella tularensis subsp. tularensis	Bacteria	domain	36
887702	Weissella tructae	Bacteria	domain	42
1105099	Rickettsia prowazekii str. RpGvF24	Bacteria	domain	33
743721	Pseudoxanthomonas suwonensis 11-1	Bacteria	domain	46
1171373	Acidipropionibacterium acidipropionici ATCC 4875	Bacteria	domain	49
886882	Paenibacillus polymyxa SC2	Bacteria	domain	99
487521	Mycobacterium intracellulare ATCC 13950	Bacteria	domain	45
887061	Methylovorus sp. MP688	Bacteria	domain	40
443254	Marinitoga piezophila KA3	Bacteria	domain	44
1104322	Lactococcus cremoris subsp. cremoris A76	Bacteria	domain	38
1235834	Kosakonia sacchari SP1	Bacteria	domain	49
512562	Helicobacter pylori Shi470	Bacteria	domain	36
990315	Xanthomonas campestris pv. raphani 756C	Bacteria	domain	48
718252	Faecalibacterium prausnitzii L2-6	Bacteria	domain	46
869729	Escherichia coli UM146	Bacteria	domain	52
41431	Rippkaea orientalis PCC 8801	Bacteria	domain	43
1071767	Chlamydia trachomatis Ia/SotonIa3	Bacteria	domain	37
1249663	Burkholderia thailandensis H0587	Bacteria	domain	46
441156	Burkholderia pseudomallei 7894	Bacteria	domain	46
1318617	Candidatus Malacoplasma girerdii	Bacteria	domain	30
929557	Chlamydia psittaci RD1	Bacteria	domain	37
1087452	Corynebacterium pseudotuberculosis 3/99-5	Bacteria	domain	43
377628	Yersinia pestis Nepal516	Bacteria	domain	47
985080	Helicobacter pylori 2018	Bacteria	domain	36
278137	Mycolicibacterium gilvum Spyr1	Bacteria	domain	47
868597	Stenotrophomonas maltophilia JV3	Bacteria	domain	48
272951	Rickettsia sibirica 246	Bacteria	domain	33
66712	Propionibacterium freudenreichii subsp. freudenreichii	Bacteria	domain	45
935589	Neisseria meningitidis NZ-05/33	Bacteria	domain	43
1249615	Mycobacterium tuberculosis K	Bacteria	domain	45
722438	Mycoplasmoides pneumoniae FH	Bacteria	domain	34
426117	Methylobacterium sp. 4-46	Bacteria	domain	50
440085	Methylorubrum extorquens CM4	Bacteria	domain	45
156889	Magnetococcus marinus MC-1	Bacteria	domain	42
889932	Lactiplantibacillus plantarum ST-III	Bacteria	domain	47
347257	Mycoplasmopsis agalactiae PG2	Bacteria	domain	34
379066	Gemmatimonas aurantiaca T-27	Bacteria	domain	47
553190	Gardnerella vaginalis 409-05	Bacteria	domain	44
644651	Erwinia pyrifoliae DSM 12163	Bacteria	domain	42
269798	Cytophaga hutchinsonii ATCC 33406	Bacteria	domain	34
395962	Rippkaea orientalis PCC 8802	Bacteria	domain	42
1718	Corynebacterium glutamicum	Bacteria	domain	53
1348584	Cellulophaga baltica 18	Bacteria	domain	33
331271	Burkholderia orbicola AU 1054	Bacteria	domain	45
1306400	Mycobacterium tuberculosis str. Beijing/NITR203	Bacteria	domain	44
293614	Rickettsia akari str. Hartford	Bacteria	domain	33
1116391	Paenibacillus mucilaginosus 3016	Bacteria	domain	79
1304892	Xanthomonas axonopodis Xac29-1	Bacteria	domain	47
937774	Taylorella equigenitalis MCE9	Bacteria	domain	33
585425	Synechococcus sp. KORDI-52	Bacteria	domain	41
627192	Sphingobium sp. SYK-6	Bacteria	domain	46
637905	Shewanella violacea DSS12	Bacteria	domain	46
859199	Salmonella enterica subsp. enterica serovar Montevideo str. 507440-20	Bacteria	domain	48
992406	Riemerella anatipestifer RA-GD	Bacteria	domain	33
491916	Rhizobium etli CIAT 652	Bacteria	domain	43
237609	Pseudomonas alkylphenolica	Bacteria	domain	43
93059	Prochlorococcus marinus str. MIT 9211	Bacteria	domain	39
227941	Chlamydia caviae GPIC	Bacteria	domain	38
1131442	Mycobacterium marinum E11	Bacteria	domain	48
1430440	Magnetospirillum gryphiswaldense MSR-1 v2	Bacteria	domain	46
1163743	Helicobacter pylori HUP-B14	Bacteria	domain	36
1288122	Edwardsiella piscicida C07-087	Bacteria	domain	47
391774	Nitratidesulfovibrio vulgaris DP4	Bacteria	domain	50
1173027	Allocoleopsis franciscana PCC 7113	Bacteria	domain	68
264202	Chlamydia felis Fe/C-56	Bacteria	domain	38
91604	Candidatus Odyssella acanthamoebae	Bacteria	domain	41
632518	Caldicellulosiruptor owensensis OL	Bacteria	domain	44
272560	Burkholderia pseudomallei K96243	Bacteria	domain	46
190905	Lactobacillus kefiranofaciens subsp. kefiranofaciens	Bacteria	domain	46
1029983	Salmonella enterica subsp. enterica serovar Abony str. 0014	Bacteria	domain	51
1432050	Rhizobium etli bv. mimosae str. IE4771	Bacteria	domain	43
1501269	Prochlorococcus sp. MIT 0801	Bacteria	domain	38
105559	Nitrosococcus watsonii C-113	Bacteria	domain	44
743967	Mycoplasma yeatsii GM274B	Bacteria	domain	28
1299328	Mycobacterium kansasii 824	Bacteria	domain	46
1138383	Mycobacterium paraintracellulare	Bacteria	domain	45
1111676	Mycoplasma haemocanis str. Illinois	Bacteria	domain	29
1097669	Mycobacterium tuberculosis UT205	Bacteria	domain	45
1583100	Myroides sp. A21	Bacteria	domain	41
1318634	Lacticaseibacillus rhamnosus LOCK908	Bacteria	domain	47
407976	Shewanella baltica OS223	Bacteria	domain	47
907239	Helicobacter pylori SouthAfrica7	Bacteria	domain	36
1166018	Fibrella aestuarina BUZ 2	Bacteria	domain	62
1355100	Escherichia coli JJ1886	Bacteria	domain	48
333849	Enterococcus faecium DO	Bacteria	domain	43
1167006	Desulfocapsa sulfexigens DSM 10523	Bacteria	domain	40
1228987	cyanobacterium endosymbiont of Epithemia turgida isolate EtSB Lake Yunoko	Bacteria	domain	37
325775	Coxiella endosymbiont of Amblyomma americanum	Bacteria	domain	37
1224164	Corynebacterium vitaeruminis DSM 20294	Bacteria	domain	47
573237	Chlamydia trachomatis D(s)2923	Bacteria	domain	37
446466	Cellulomonas flavigena DSM 20109	Bacteria	domain	44
1240980	Campylobacter fetus subsp. fetus 04/554	Bacteria	domain	37
315456	Rickettsia felis Marseille-URRWFXCal2	Bacteria	domain	33
698761	Rhizobium tropici CIAT 899	Bacteria	domain	45
645463	Clostridioides difficile R20291	Bacteria	domain	33
1045004	Oenococcus kitaharae DSM 17330	Bacteria	domain	43
478433	Mycobacterium tuberculosis KZN 4207	Bacteria	domain	45
1311759	Mannheimia haemolytica D171	Bacteria	domain	38
1360	Lactococcus lactis subsp. lactis	Bacteria	domain	40
1225181	Klebsiella pneumoniae subsp. pneumoniae KPNIH24	Bacteria	domain	46
706587	Desulfomonile tiedjei DSM 6799	Bacteria	domain	47
1310161	Corynebacterium glutamicum MB001	Bacteria	domain	45
1075085	Chlamydia trachomatis L2b/Canada1	Bacteria	domain	37
871271	Candidatus Zinderia insecticola CARI	Bacteria	domain	23
1273173	Campylobacter coli CVM N29710	Bacteria	domain	35
573370	Solidesulfovibrio magneticus RS-1	Bacteria	domain	47
204773	Herminiimonas arsenicoxydans	Bacteria	domain	42
663918	Mycoplasmoides genitalium M2321	Bacteria	domain	36
1604335	Yersinia rochesterensis	Bacteria	domain	47
579112	Vibrio cholerae M66-2	Bacteria	domain	53
869306	Streptococcus pneumoniae SPN994038	Bacteria	domain	35
1194526	Staphylococcus warneri SG1	Bacteria	domain	39
1034809	Staphylococcus lugdunensis N920143	Bacteria	domain	38
698737	Staphylococcus lugdunensis HKU09-01	Bacteria	domain	40
1413214	Paenibacillus polymyxa SQR-21	Bacteria	domain	51
1445510	Gynuella sunshinyii YC6258	Bacteria	domain	39
1009464	Gardnerella vaginalis HMP9231	Bacteria	domain	44
1356861	Francisella orientalis LADL 07-285A	Bacteria	domain	35
698962	Corynebacterium diphtheriae 31A	Bacteria	domain	42
167879	Colwellia psychrerythraea 34H	Bacteria	domain	35
1346614	Serratia liquefaciens ATCC 27592	Bacteria	domain	49
1338034	Vibrio parahaemolyticus O1:Kuk str. FDA_R31	Bacteria	domain	45
657323	Ruminococcus sp. SR1/5	Bacteria	domain	36
449216	Rickettsia prowazekii str. Rp22	Bacteria	domain	33
3022791	Stutzerimonas decontaminans	Bacteria	domain	44
1407059	Pseudomonas aeruginosa PA38182	Bacteria	domain	46
1212491	Legionella fallonii LLAP-10	Bacteria	domain	41
1452723	Mycobacterium tuberculosis 18b	Bacteria	domain	45
272623	Lactococcus lactis subsp. lactis Il1403	Bacteria	domain	38
1597	Lacticaseibacillus paracasei	Bacteria	domain	49
471856	Jonesia denitrificans DSM 20603	Bacteria	domain	49
1458476	Xanthomonas oryzae pv. oryzae PXO86	Bacteria	domain	47
374931	Haemophilus influenzae PittGG	Bacteria	domain	37
1173025	Geitlerinema sp. PCC 7407	Bacteria	domain	42
1450527	Francisella tularensis subsp. novicida D9876	Bacteria	domain	32
1217721	Dyella japonica A8	Bacteria	domain	46
159087	Dechloromonas aromatica RCB	Bacteria	domain	47
693978	Riemerella anatipestifer ATCC 11845 = DSM 15868	Bacteria	domain	33
1249472	Burkholderia pseudomallei MSHR2543	Bacteria	domain	47
1052684	Paenibacillus polymyxa M1	Bacteria	domain	51
29471	Pectobacterium atrosepticum	Bacteria	domain	48
1266738	Proteus mirabilis BB2000	Bacteria	domain	49
1435044	Pseudomonas monteilii SB3078	Bacteria	domain	42
996285	Stutzerimonas stutzeri DSM 4166	Bacteria	domain	44
216895	Vibrio vulnificus CMCP6	Bacteria	domain	47
1262452	Streptomyces sp. 769	Bacteria	domain	52
40041	Streptococcus equi subsp. zooepidemicus	Bacteria	domain	35
205921	Streptococcus agalactiae A909	Bacteria	domain	35
1105095	Rickettsia prowazekii str. Katsinyian	Bacteria	domain	33
652620	Rickettsia japonica YH	Bacteria	domain	33
1037911	Pseudomonas fluorescens A506	Bacteria	domain	41
1457392	Pseudomonas aeruginosa PA96	Bacteria	domain	44
167555	Prochlorococcus marinus str. NATL1A	Bacteria	domain	37
146891	Prochlorococcus marinus str. AS9601	Bacteria	domain	37
997761	Paenibacillus mucilaginosus K02	Bacteria	domain	70
1286528	Neorickettsia helminthoeca str. Oregon	Bacteria	domain	33
1126011	Listeria monocytogenes 07PF0776	Bacteria	domain	44
395491	Rhizobium leguminosarum bv. trifolii WSM1325	Bacteria	domain	43
640132	Segniliparus rotundus DSM 44985	Bacteria	domain	46
525903	Thermanaerovibrio acidaminovorans DSM 6589	Bacteria	domain	46
693216	Cronobacter turicensis z3032	Bacteria	domain	51
290338	Citrobacter koseri ATCC BAA-895	Bacteria	domain	46
290318	Chlorobium phaeovibrioides DSM 265	Bacteria	domain	44
1218176	Chlamydia psittaci 84/55	Bacteria	domain	38
488538	Candidatus Puniceispirillum marinum IMCC1322	Bacteria	domain	35
685039	Staphylococcus aureus subsp. aureus ED133	Bacteria	domain	41
418127	Staphylococcus aureus subsp. aureus Mu3	Bacteria	domain	41
451515	Staphylococcus aureus subsp. aureus USA300_FPR3757	Bacteria	domain	39
717605	Thermobacillus composti KWC4	Bacteria	domain	45
1155776	Treponema pallidum subsp. endemicum str. Bosnia A	Bacteria	domain	43
225364	Wolbachia endosymbiont of Drosophila simulans wAu	Bacteria	domain	33
1440052	Escherichia albertii KF1	Bacteria	domain	52
166314	Synechococcus sp. WH 8109	Bacteria	domain	41
1971	Streptomyces noursei	Bacteria	domain	53
748280	Pseudogulbenkiania sp. NH8B	Bacteria	domain	52
166935	Pseudoalteromonas translucida	Bacteria	domain	44
1093787	Pseudomonas aeruginosa DK2	Bacteria	domain	44
573737	Pandoraea oxalativorans	Bacteria	domain	46
710685	Mycolicibacterium rhodesiae NBB3	Bacteria	domain	46
1267000	Metamycoplasma hominis ATCC 27545	Bacteria	domain	33
1406864	Mesoplasma florum W37	Bacteria	domain	27
1457187	Listeria monocytogenes WSLC1001	Bacteria	domain	45
300269	Shigella sonnei Ss046	Bacteria	domain	56
859654	Candidatus Blochmanniella vafra str. BVAF	Bacteria	domain	36
28450	Burkholderia pseudomallei	Bacteria	domain	56
884204	Burkholderia pseudomallei 1026b	Bacteria	domain	47
1835254	Polynucleobacter duraquae	Bacteria	domain	38
1207075	Pseudomonas sp. UW4	Bacteria	domain	44
1105102	Rickettsia rickettsii str. Colombia	Bacteria	domain	33
1124936	Salmonella enterica subsp. enterica serovar Heidelberg str. 41578	Bacteria	domain	48
1230587	Sinorhizobium meliloti Rm41	Bacteria	domain	47
672	Vibrio vulnificus	Bacteria	domain	44
1435056	Trueperella pyogenes TP8	Bacteria	domain	44
1343064	Staphylococcus aureus subsp. aureus ST772-MRSA-V	Bacteria	domain	42
863767	Listeria monocytogenes serotype 7 str. SLCC2482	Bacteria	domain	45
399741	Serratia proteamaculans 568	Bacteria	domain	49
1173427	Salmonella enterica subsp. enterica serovar Bareilly str. CFSAN000189	Bacteria	domain	48
941638	Rickettsia slovaca 13-B	Bacteria	domain	33
1408276	Pseudomonas aeruginosa LESlike5	Bacteria	domain	45
1051003	Pseudomonas aeruginosa 19BR	Bacteria	domain	45
1095774	Pantoea ananatis PA13	Bacteria	domain	43
1029756	Hyphomicrobium nitrativorans NL23	Bacteria	domain	47
767434	Frateuria aurantia DSM 6220	Bacteria	domain	44
376619	Francisella tularensis subsp. holarctica LVS	Bacteria	domain	34
531844	Flavobacteriaceae bacterium 3519-10	Bacteria	domain	35
1249668	Burkholderia ubonensis MSMB22	Bacteria	domain	47
1382926	Helicobacter pylori oki828	Bacteria	domain	36
421628	Ectothiorhodospira haloalkaliphila	Bacteria	domain	45
691437	Geobacillus sp. C56-T3	Bacteria	domain	64
264	Francisella tularensis subsp. novicida	Bacteria	domain	32
693977	Deinococcus proteolyticus MRP	Bacteria	domain	42
667013	Candidatus Carsonella ruddii DC	Bacteria	domain	27
326427	Chloroflexus aggregans DSM 9485	Bacteria	domain	47
1431547	Chlamydia trachomatis C/TW-3	Bacteria	domain	37
1239881	Candidatus Portiera aleyrodidarum BT-QVLC	Bacteria	domain	32
1202540	Candidatus Carsonella ruddii PC isolate NHV	Bacteria	domain	26
632292	Caldicellulosiruptor hydrothermalis 108	Bacteria	domain	43
1163740	Helicobacter pylori Shi112	Bacteria	domain	37
1435994	Burkholderia pseudomallei MSHR2243	Bacteria	domain	47
412022	Burkholderia mallei NCTC 10229	Bacteria	domain	46
1007870	Chlamydia trachomatis RC-L2/55	Bacteria	domain	37
324602	Chloroflexus aurantiacus J-10-fl	Bacteria	domain	47
977880	Cupriavidus taiwanensis LMG 19424	Bacteria	domain	46
580327	Thermoanaerobacterium thermosaccharolyticum DSM 571	Bacteria	domain	47
743525	Thermus scotoductus SA-01	Bacteria	domain	46
1309807	Streptococcus agalactiae ILRI005	Bacteria	domain	36
1417990	Streptococcus agalactiae 138P	Bacteria	domain	36
435998	Serratia marcescens WW4	Bacteria	domain	49
286636	Streptococcus pyogenes MGAS10394	Bacteria	domain	34
653938	Listeria monocytogenes 08-5578	Bacteria	domain	44
537973	Lacticaseibacillus paracasei subsp. paracasei 8700:2	Bacteria	domain	47
316274	Herpetosiphon aurantiacus DSM 785	Bacteria	domain	47
266265	Paraburkholderia xenovorans LB400	Bacteria	domain	50
36870	Wigglesworthia glossinidia endosymbiont of Glossina brevipalpis	Bacteria	domain	32
446471	Xylanimonas cellulosilytica DSM 15894	Bacteria	domain	46
649716	Yersinia pestis Pestoides G	Bacteria	domain	46
632	Yersinia pestis	Bacteria	domain	49
611301	Xanthomonas citri pv. citri	Bacteria	domain	49
1408160	Thermotoga profunda AZM34c06	Bacteria	domain	46
498213	Clostridium botulinum B1 str. Okra	Bacteria	domain	43
869216	Streptococcus pneumoniae INV200	Bacteria	domain	35
273036	Staphylococcus aureus RF122	Bacteria	domain	42
1002809	Solibacillus silvestris StLB046	Bacteria	domain	38
1412462	Salmonella enterica subsp. enterica serovar Enteritidis str. EC20090531	Bacteria	domain	49
1030843	Porphyromonas gingivalis TDC60	Bacteria	domain	43
338966	Pelobacter propionicus DSM 2379	Bacteria	domain	45
93220	Pandoraea pnomenusa	Bacteria	domain	46
1366053	Mannheimia haemolytica USMARC_2286	Bacteria	domain	38
362948	Ligilactobacillus salivarius UCC118	Bacteria	domain	45
1358027	Limosilactobacillus reuteri TD1	Bacteria	domain	47
658600	Chlamydia muridarum MopnTet14	Bacteria	domain	37
1314884	Lactobacillus acidophilus La-14	Bacteria	domain	45
637913	Helicobacter pylori v225d	Bacteria	domain	36
28110	Francisella philomiragia	Bacteria	domain	35
485915	Desulfohalobium retbaense DSM 5692	Bacteria	domain	45
755178	Cyanobacterium aponinum PCC 10605	Bacteria	domain	40
1089446	Corynebacterium pseudotuberculosis 267	Bacteria	domain	43
515619	Agathobacter rectalis ATCC 33656	Bacteria	domain	35
360911	Exiguobacterium sp. AT1b	Bacteria	domain	46
269799	Geobacter metallireducens GS-15	Bacteria	domain	46
1545702	Lactobacillus sp. wkB8	Bacteria	domain	42
490759	Marinobacter sp. BSs20148	Bacteria	domain	40
1071759	Chlamydia trachomatis E/SW3	Bacteria	domain	37
754476	Methylophaga nitratireducenticrescens	Bacteria	domain	37
1112254	Chlamydia psittaci 02DC15	Bacteria	domain	38
684738	Lactococcus lactis subsp. lactis KF147	Bacteria	domain	45
1427984	Candidatus Hepatoplasma crinochetorum Av	Bacteria	domain	27
1388752	Campylobacter subantarcticus LMG 24377	Bacteria	domain	35
1093099	Campylobacter fetus subsp. venerealis 97/608	Bacteria	domain	37
528354	Neisseria gonorrhoeae MS11	Bacteria	domain	43
1268072	Paenibacillus sabinae T27	Bacteria	domain	51
296591	Polaromonas sp. JS666	Bacteria	domain	43
1114966	Cutibacterium acnes TypeIA2 P.acn33	Bacteria	domain	45
1400868	Pseudomonas aeruginosa VRFPA04	Bacteria	domain	39
1366050	Ralstonia pickettii DTP0602	Bacteria	domain	48
1105103	Rickettsia rickettsii str. Hauke	Bacteria	domain	33
657313	[Ruminococcus] torques L2-14	Bacteria	domain	34
158189	Sphaerochaeta globosa str. Buddy	Bacteria	domain	46
271848	Burkholderia thailandensis E264	Bacteria	domain	45
1249665	Burkholderia thailandensis E254	Bacteria	domain	45
707185	Chlamydia trachomatis G/9768	Bacteria	domain	37
872331	Mesomycoplasma hyorhinis HUB-1	Bacteria	domain	29
360105	Campylobacter curvus 525.92	Bacteria	domain	37
479437	Eggerthella lenta DSM 2243	Bacteria	domain	47
765698	Mesorhizobium ciceri biovar biserrulae WSM1271	Bacteria	domain	47
695560	Lactobacillus amylovorus GRL 1112	Bacteria	domain	45
102611	Helicobacter pylori J166	Bacteria	domain	36
393115	Francisella tularensis subsp. tularensis FSC198	Bacteria	domain	33
1034807	Flavobacterium branchiophilum FL-15	Bacteria	domain	37
661478	Fimbriimonas ginsengisoli Gsoil 348	Bacteria	domain	48
471854	Dyadobacter fermentans DSM 18053	Bacteria	domain	36
1249475	Burkholderia pseudomallei MSHR840	Bacteria	domain	46
1183379	Campylobacter coli RM4661	Bacteria	domain	34
1240471	Candidatus Blochmanniella chromaiodes str. 640	Bacteria	domain	39
2342	Candidatus Sodalis pierantonii str. SOPE	Bacteria	domain	48
216591	Burkholderia cenocepacia J2315	Bacteria	domain	46
696281	Desulforamulus ruminis DSM 2154	Bacteria	domain	48
1329907	Escherichia coli APEC IMT5155	Bacteria	domain	51
536056	Escherichia coli DH1	Bacteria	domain	49
1248823	Escherichia coli O145:H28 str. RM12581	Bacteria	domain	62
751585	Coprococcus sp. ART55/1	Bacteria	domain	25
218497	Chlamydia abortus S26/3	Bacteria	domain	38
1267577	Candidatus Kinetoplastidibacterium crithidiae (ex Angomonas deanei ATCC 30255)	Bacteria	domain	40
1508404	Jeotgalibacillus malaysiensis	Bacteria	domain	76
526227	Allomeiothermus silvanus DSM 9946	Bacteria	domain	44
1457190	Listeria ivanovii WSLC3009	Bacteria	domain	44
1048245	Mycobacterium canetti CIPT 140010059	Bacteria	domain	45
1174529	Candidatus Liberibacter asiaticus str. gxpsy	Bacteria	domain	38
1071763	Chlamydia trachomatis F/SW5	Bacteria	domain	37
309798	Coprothermobacter proteolyticus DSM 5265	Bacteria	domain	46
1389489	Leifsonia xyli subsp. cynodontis DSM 46306	Bacteria	domain	46
123214	Persephonella marina EX-H1	Bacteria	domain	37
1435365	Burkholderia pseudomallei TSV 48	Bacteria	domain	44
476281	Candidatus Ishikawaella capsulata Mpkobe	Bacteria	domain	36
208596	Carnobacterium sp. 17-4	Bacteria	domain	38
1408283	Clostridium botulinum CDC_1436	Bacteria	domain	42
720554	Acetivibrio clariflavus DSM 19732	Bacteria	domain	48
583346	Clostridium kluyveri NBRC 12016	Bacteria	domain	48
694431	Desulfurella acetivorans A63	Bacteria	domain	45
1206105	Enterococcus faecalis D32	Bacteria	domain	42
218491	Pectobacterium atrosepticum SCRI1043	Bacteria	domain	47
1248902	Escherichia coli O145:H28 str. RM13514	Bacteria	domain	61
1248915	Escherichia coli O145:H28 str. RM13516	Bacteria	domain	57
1328324	Klebsiella pneumoniae subsp. pneumoniae KPNIH27	Bacteria	domain	45
633699	Lactobacillus johnsonii FI9785	Bacteria	domain	45
1229785	Burkholderia pseudomallei BPC006	Bacteria	domain	46
1420917	Marinobacter salarius	Bacteria	domain	39
891974	Plautia stali symbiont	Bacteria	domain	49
246198	Prevotella intermedia 17	Bacteria	domain	39
388272	Pseudomonas aeruginosa PACS2	Bacteria	domain	44
1367494	Pseudomonas aeruginosa PAO1-VE13	Bacteria	domain	44
743720	Pseudomonas fulva 12-X	Bacteria	domain	41
992186	Cereibacter sphaeroides WS8N	Bacteria	domain	43
657314	Blautia obeum A2-162	Bacteria	domain	35
198215	Shigella flexneri 2a str. 2457T	Bacteria	domain	59
381754	Pseudomonas paraeruginosa PA7	Bacteria	domain	44
272563	Clostridioides difficile 630	Bacteria	domain	36
243272	Metamycoplasma arthritidis 158L3-1	Bacteria	domain	33
355278	Leptospira biflexa serovar Patoc strain 'Patoc 1 (Ames)'	Bacteria	domain	35
357544	Helicobacter pylori HPAG1	Bacteria	domain	36
662947	Mycoplasmoides genitalium M2288	Bacteria	domain	36
65393	Gloeothece citriformis PCC 7424	Bacteria	domain	41
1296990	Komagataeibacter xylinus E25	Bacteria	domain	44
627344	Zymomonas mobilis subsp. mobilis ATCC 29191	Bacteria	domain	44
405440	Xylella fastidiosa M12	Bacteria	domain	45
400673	Legionella pneumophila str. Corby	Bacteria	domain	40
708616	Mycoplasmoides gallisepticum str. F	Bacteria	domain	32
598659	Nautilia profundicola AmH	Bacteria	domain	36
1299331	Mycobacterium intracellulare 1956	Bacteria	domain	47
1292033	Mycoplasma putrefaciens Mput9231	Bacteria	domain	29
633147	Olsenella uli DSM 7084	Bacteria	domain	45
316	Stutzerimonas stutzeri	Bacteria	domain	60
662598	Neisseria meningitidis alpha14	Bacteria	domain	42
1306414	Mycobacterium tuberculosis EAI5	Bacteria	domain	45
718255	Roseburia intestinalis XB6B4	Bacteria	domain	43
247156	Nocardia farcinica IFM 10152	Bacteria	domain	52
1028800	Neorhizobium galegae bv. orientalis str. HAMBI 540	Bacteria	domain	43
693746	Oscillibacter valericigenes Sjm18-20	Bacteria	domain	45
317025	Hydrogenovibrio crunogenus XCL-2	Bacteria	domain	34
345073	Vibrio cholerae O395	Bacteria	domain	52
555079	Thermosediminibacter oceani DSM 16646	Bacteria	domain	51
1123366	Thalassospira xiamenensis M-5 = DSM 17429	Bacteria	domain	44
862967	Streptococcus intermedius B196	Bacteria	domain	38
377629	Teredinibacter turnerae T7901	Bacteria	domain	37
1069533	Streptococcus infantarius subsp. infantarius CJ18	Bacteria	domain	37
1538644	Sphingobacterium sp. ML3W	Bacteria	domain	49
366394	Sinorhizobium medicae WSM419	Bacteria	domain	47
1303692	Streptomyces microflavus DSM 40593	Bacteria	domain	56
1412460	Salmonella enterica subsp. enterica serovar Enteritidis str. EC20090135	Bacteria	domain	49
357804	Psychromonas ingrahamii 37	Bacteria	domain	40
1205676	Mycobacterium canetti CIPT 140060008	Bacteria	domain	45
563041	Helicobacter pylori G27	Bacteria	domain	36
930781	Listeria monocytogenes J1816	Bacteria	domain	44
979556	Microbacterium testaceum StLB037	Bacteria	domain	45
279238	Novosphingobium aromaticivorans DSM 12444	Bacteria	domain	45
1031710	Afipia carboxidovorans OM4	Bacteria	domain	48
584721	Pasteurella multocida subsp. multocida str. 3480	Bacteria	domain	35
767029	Arachnia propionica F0230a	Bacteria	domain	46
1415629	Pseudomonas aeruginosa MTB-1	Bacteria	domain	44
1259844	Pseudomonas sp. FGI182	Bacteria	domain	44
398527	Paraburkholderia phytofirmans PsJN	Bacteria	domain	47
1318615	Streptococcus agalactiae ILRI112	Bacteria	domain	35
293653	Streptococcus pyogenes MGAS5005	Bacteria	domain	35
713585	Thioalkalivibrio paradoxus ARh 1	Bacteria	domain	45
991905	Polymorphum gilvum SL003B-26A1	Bacteria	domain	46
1173026	Gloeocapsa sp. PCC 7428	Bacteria	domain	40
40754	Thioploca ingrica	Bacteria	domain	44
1214242	Streptomyces collinus Tu 365	Bacteria	domain	55
1007064	Streptococcus suis ST3	Bacteria	domain	41
1223802	Sulfuritalea hydrogenivorans sk43H	Bacteria	domain	44
387093	Sulfurovum sp. NBC37-1	Bacteria	domain	37
455434	Treponema pallidum subsp. pallidum SS14	Bacteria	domain	43
1209989	Tepidanaerobacter acetatoxydans Re1	Bacteria	domain	46
653045	Streptomyces violaceusniger Tu 4113	Bacteria	domain	59
457428	Streptomyces lividans TK24	Bacteria	domain	51
869816	Staphylococcus aureus subsp. aureus JKD6159	Bacteria	domain	40
1155084	Staphylococcus aureus subsp. aureus 71193	Bacteria	domain	40
1254432	Sorangium cellulosum So0157-2	Bacteria	domain	56
1408277	Pseudomonas aeruginosa LESlike7	Bacteria	domain	44
59922	Prochlorococcus marinus str. MIT 9303	Bacteria	domain	42
1295140	Haemophilus influenzae CGSHiCZ412602	Bacteria	domain	38
529507	Proteus mirabilis HI4320	Bacteria	domain	48
1196325	Pseudomonas putida DOT-T1E	Bacteria	domain	42
150396	Pseudomonas sp. MT-1	Bacteria	domain	44
688269	Pseudothermotoga thermarum DSM 5069	Bacteria	domain	45
762570	Rhodothermus marinus SG0.5JP17-172	Bacteria	domain	45
700508	Mycolicibacterium neoaurum VKM Ac-1815D	Bacteria	domain	46
1303024	Mycobacteroides abscessus subsp. bolletii 50594	Bacteria	domain	46
643867	Marivirga tractuosa DSM 4126	Bacteria	domain	34
869210	Marinithermus hydrothermalis DSM 14884	Bacteria	domain	45
1307761	Salinispira pacifica	Bacteria	domain	42
1229756	Leuconostoc gelidum JB7	Bacteria	domain	41
273526	Serratia marcescens subsp. marcescens Db11	Bacteria	domain	50
319224	Shewanella putrefaciens CN-32	Bacteria	domain	46
234267	Candidatus Solibacter usitatus Ellin6076	Bacteria	domain	46
573825	Leptospira interrogans serovar Lai str. IPAV	Bacteria	domain	37
1183438	Gloeobacter kilaueensis JS1	Bacteria	domain	48
714962	Escherichia coli IHE3034	Bacteria	domain	55
579405	Musicola paradisiaca Ech703	Bacteria	domain	46
1117942	Corynebacterium pseudotuberculosis P54B96	Bacteria	domain	43
985079	Burkholderia multivorans ATCC BAA-247	Bacteria	domain	45
1385722	Campylobacter jejuni subsp. jejuni NCTC 11168-mfK12E5	Bacteria	domain	34
1202536	Candidatus Carsonella ruddii CE isolate Thao2000	Bacteria	domain	25
1460373	Chlamydia muridarum str. Nigg 2 MCR	Bacteria	domain	37
907270	Chlamydia trachomatis RC-J(s)/122	Bacteria	domain	37
698967	Corynebacterium diphtheriae HC01	Bacteria	domain	42
266264	Cupriavidus metallidurans CH34	Bacteria	domain	48
302409	Ehrlichia ruminantium str. Gardel	Bacteria	domain	35
634500	Erwinia billingiae Eb661	Bacteria	domain	47
984129	Francisella cf. novicida Fx1	Bacteria	domain	32
1888	Streptomyces albus	Bacteria	domain	52
529884	Rhodoluna lacicola	Bacteria	domain	39
761659	Salinibacter ruber M8	Bacteria	domain	44
1271863	Salmonella enterica subsp. enterica serovar Cubana str. CFSAN002050	Bacteria	domain	51
398579	Shewanella pealeana ATCC 700345	Bacteria	domain	40
1117647	Simiduia agarivorans SA1 = DSM 21679	Bacteria	domain	36
1276258	Spiroplasma apis B31	Bacteria	domain	28
1907	Streptomyces glaucescens	Bacteria	domain	54
426114	Thiomonas arsenitoxydans	Bacteria	domain	43
75906	Thermocrinis ruber	Bacteria	domain	43
1408159	Pseudothermotoga caldifontis AZM44c09	Bacteria	domain	45
525904	Thermobaculum terrenum ATCC BAA-798	Bacteria	domain	46
340099	Thermoanaerobacter pseudethanolicus ATCC 33223	Bacteria	domain	49
2325	Thermoanaerobacter kivui	Bacteria	domain	50
488221	Streptococcus pneumoniae 70585	Bacteria	domain	34
1033991	Rhizobium leguminosarum bv. trifolii CB782	Bacteria	domain	43
279808	Staphylococcus haemolyticus JCSC1435	Bacteria	domain	39
1340847	Streptococcus suis T15	Bacteria	domain	37
1449752	Staphylococcus epidermidis PM221	Bacteria	domain	43
216595	Pseudomonas [fluorescens] SBW25	Bacteria	domain	40
862970	Streptococcus anginosus C1051	Bacteria	domain	38
37919	Rhodococcus opacus	Bacteria	domain	49
587753	Pseudomonas chlororaphis	Bacteria	domain	53
869311	Streptococcus pneumoniae SPN032672	Bacteria	domain	34
512566	Streptococcus pneumoniae G54	Bacteria	domain	35
552526	Streptococcus equi subsp. zooepidemicus MGCS10565	Bacteria	domain	36
1051072	Streptococcus equi subsp. zooepidemicus ATCC 35246	Bacteria	domain	36
866913	Salmonella enterica subsp. enterica serovar 4,[5],12:i:- str. 08-1736	Bacteria	domain	50
2045	Pimelobacter simplex	Bacteria	domain	46
1484158	Pantoea sp. PSNIH1	Bacteria	domain	47
515618	Candidatus Riesia pediculicola USDA	Bacteria	domain	32
1300150	Enterococcus mundtii QU 25	Bacteria	domain	41
697284	Paenibacillus larvae subsp. larvae DSM 25430	Bacteria	domain	57
936139	Mesomycoplasma hyorhinis MCLD	Bacteria	domain	29
1123519	Stutzerimonas stutzeri DSM 10701	Bacteria	domain	45
871738	Dehalobacter restrictus DSM 9455	Bacteria	domain	47
313603	Maribacter sp. HTCC2170	Bacteria	domain	38
1163739	Helicobacter pylori Shi417	Bacteria	domain	36
106370	Frankia casuarinae	Bacteria	domain	44
59374	Fibrobacter succinogenes subsp. succinogenes S85	Bacteria	domain	47
679895	Escherichia coli BW25113	Bacteria	domain	49
57497	Deinococcus radiopugnans	Bacteria	domain	44
583355	Coraliomargarita akajimensis DSM 45221	Bacteria	domain	41
717962	Pseudocoprococcus catus GD/7	Bacteria	domain	37
480224	Chloroflexus aurantiacus Y-400-fl	Bacteria	domain	48
1138871	Mycobacterium intracellulare subsp. yongonense 05-1390	Bacteria	domain	45
1208920	Candidatus Kinetoplastidibacterium stringomonadis TCC290E	Bacteria	domain	39
1357994	Campylobacter jejuni subsp. jejuni 00-2425	Bacteria	domain	34
360102	Yersinia pestis Antiqua	Bacteria	domain	48
196600	Vibrio vulnificus YJ016	Bacteria	domain	43
292563	Cyanobacterium stanieri PCC 7202	Bacteria	domain	39
573059	Nitratidesulfovibrio vulgaris RCH1	Bacteria	domain	50
1407064	Erwinia amylovora LA637	Bacteria	domain	36
1335916	Escherichia coli LY180	Bacteria	domain	48
404380	Citrifermentans bemidjiense Bem	Bacteria	domain	47
1002804	Helicobacter bizzozeronii CIII-1	Bacteria	domain	36
640131	Klebsiella variicola At-22	Bacteria	domain	46
1261126	Mannheimia haemolytica D153	Bacteria	domain	38
1205910	Nocardiopsis alba ATCC BAA-2165	Bacteria	domain	47
416591	Pseudothermotoga lettingae TMO	Bacteria	domain	46
82654	Thalassoporum mexicanum PCC 7367	Bacteria	domain	43
158822	Cedecea neteri	Bacteria	domain	57
482957	Burkholderia lata	Bacteria	domain	45
1249526	Mannheimia haemolytica USDA-ARS-USMARC-185	Bacteria	domain	37
743966	Mesomycoplasma bovoculi M165/69	Bacteria	domain	29
191610	Corynebacterium atypicum	Bacteria	domain	50
626418	Burkholderia glumae BGR1	Bacteria	domain	47
903503	Candidatus Moranella endobia PCIT	Bacteria	domain	40
1112252	Chlamydia psittaci 01DC11	Bacteria	domain	38
929506	Clostridium botulinum BKT015925	Bacteria	domain	44
941968	Clostridium botulinum H04402 065	Bacteria	domain	43
931281	Pseudomonas putida BIRD-1	Bacteria	domain	42
661410	Methylorubrum extorquens DM4	Bacteria	domain	46
160488	Pseudomonas putida KT2440	Bacteria	domain	42
216142	Pseudomonas rhizosphaerae	Bacteria	domain	40
1071781	Chlamydia trachomatis L2b/Ams4	Bacteria	domain	37
859657	Ralstonia solanacearum PSI07	Bacteria	domain	45
1408178	Streptococcus thermophilus ASCC 1275	Bacteria	domain	38
335541	Syntrophomonas wolfei subsp. wolfei str. Goettingen G311	Bacteria	domain	46
590168	Thermotoga petrophila RKU-10	Bacteria	domain	46
882102	Vibrio anguillarum 775	Bacteria	domain	50
763057	Mesorhizobium huakuii 7653R	Bacteria	domain	50
431943	Clostridium kluyveri DSM 555	Bacteria	domain	49
794851	Helicobacter pylori Sat464	Bacteria	domain	36
650150	Erysipelothrix rhusiopathiae str. Fujisawa	Bacteria	domain	35
1163745	Helicobacter cetorum MIT 99-5656	Bacteria	domain	37
351605	Geotalea uraniireducens Rf4	Bacteria	domain	47
386585	Escherichia coli O157:H7 str. Sakai	Bacteria	domain	62
1509	Clostridium sporogenes	Bacteria	domain	41
568814	Streptococcus suis BM407	Bacteria	domain	34
546414	Deinococcus deserti VCD115	Bacteria	domain	44
500464	Chlamydia psittaci Mat116	Bacteria	domain	38
309803	Thermotoga neapolitana DSM 4359	Bacteria	domain	46
1206109	Candidatus Portiera aleyrodidarum BT-B-HRs	Bacteria	domain	32
1394709	candidate division SR1 bacterium RAAC1_SR1_1	Bacteria	domain	37
953739	Streptomyces venezuelae ATCC 10712	Bacteria	domain	55
318161	Shewanella denitrificans OS217	Bacteria	domain	45
526218	Sebaldella termitidis ATCC 33386	Bacteria	domain	30
446469	Sanguibacter keddieii DSM 10542	Bacteria	domain	47
347255	Rickettsia africae ESF-5	Bacteria	domain	33
313595	Psychroflexus torquis ATCC 700755	Bacteria	domain	32
264731	Xylanibacter ruminicola 23	Bacteria	domain	40
118163	Pleurocapsa sp. PCC 7327	Bacteria	domain	41
179408	Phormidium nigroviride PCC 7112	Bacteria	domain	67
386656	Yersinia pestis Pestoides F	Bacteria	domain	47
891398	Candidatus Tremblaya princeps PCIT	Bacteria	domain	7
479431	Nakamurella multipartita DSM 44233	Bacteria	domain	46
1278073	Myxococcus stipitatus DSM 14675	Bacteria	domain	73
637385	Yersinia pestis D182038	Bacteria	domain	47
561304	Mycobacterium leprae Br4923	Bacteria	domain	45
350054	Mycolicibacterium gilvum PYR-GCK	Bacteria	domain	47
557598	Laribacter hongkongensis HLHK9	Bacteria	domain	45
710696	Intrasporangium calvum DSM 43043	Bacteria	domain	45
582899	Hyphomicrobium denitrificans ATCC 51888	Bacteria	domain	46
1094466	Flavobacterium indicum GPTSA100-9 = DSM 17447	Bacteria	domain	36
216592	Escherichia coli 042	Bacteria	domain	52
138119	Desulfitobacterium hafniense Y51	Bacteria	domain	50
216389	Dehalococcoides mccartyi BAV1	Bacteria	domain	46
484021	Klebsiella pneumoniae subsp. pneumoniae NTUH-K2044	Bacteria	domain	46
420662	Methylibium petroleiphilum PM1	Bacteria	domain	69
489653	Neisseria lactamica 020-06	Bacteria	domain	41
1168287	Mycobacterium sp. MOTT36Y	Bacteria	domain	45
436113	Mycoplasma mycoides subsp. capri str. GM12	Bacteria	domain	29
1145276	Lysinibacillus varians	Bacteria	domain	42
907238	Helicobacter pylori India7	Bacteria	domain	36
882097	Listeria monocytogenes SLCC2376	Bacteria	domain	45
177439	Desulfotalea psychrophila LSv54	Bacteria	domain	44
748671	Lactobacillus crispatus ST1	Bacteria	domain	45
1407063	Erwinia amylovora LA636	Bacteria	domain	36
557723	Glaesserella parasuis SH0165	Bacteria	domain	39
871968	Desulfitobacterium metallireducens DSM 15288	Bacteria	domain	51
701177	Escherichia coli O55:H7 str. CB9615	Bacteria	domain	57
1005058	Gallibacterium anatis UMN179	Bacteria	domain	37
1495769	Candidatus Johnevansia muelleri	Bacteria	domain	32
1163748	Marinobacter nauticus ATCC 49840	Bacteria	domain	39
749222	Nitratifractor salsuginis DSM 16511	Bacteria	domain	42
909952	Cutibacterium acnes 266	Bacteria	domain	45
1331671	Pseudomonas putida H8234	Bacteria	domain	45
1245471	Metapseudomonas resinovorans NBRC 106553	Bacteria	domain	42
754523	Rhizobium leguminosarum bv. trifolii WSM1689	Bacteria	domain	44
1549858	Sphingomonas taxi	Bacteria	domain	46
667014	Thermodesulfatator indicus DSM 15286	Bacteria	domain	47
717772	Thiomicrospira aerophila AL3	Bacteria	domain	34
867900	Cellulophaga lytica DSM 7489	Bacteria	domain	31
580033	Campylobacter volucris LMG 24379	Bacteria	domain	34
1031564	Campylobacter insulaenigrae NCTC 12927	Bacteria	domain	35
1437000	Burkholderia pseudomallei MSHR1153	Bacteria	domain	47
984892	Staphylococcus pseudintermedius ED99	Bacteria	domain	40
409438	Escherichia coli SE11	Bacteria	domain	49
364106	Escherichia coli UTI89	Bacteria	domain	51
1452724	Flavobacterium psychrophilum FPG3	Bacteria	domain	34
1163741	Helicobacter pylori Shi169	Bacteria	domain	36
393130	Listeria monocytogenes J0161	Bacteria	domain	44
1199187	Mycobacterium avium subsp. paratuberculosis MAP4	Bacteria	domain	46
662946	Mycoplasmoides genitalium M6282	Bacteria	domain	36
76869	Pseudomonas putida GB-1	Bacteria	domain	44
392021	Rickettsia rickettsii str. 'Sheila Smith'	Bacteria	domain	33
342451	Staphylococcus saprophyticus subsp. saprophyticus ATCC 15305 = NCTC 7292	Bacteria	domain	41
160491	Streptococcus pyogenes str. Manfredo	Bacteria	domain	35
1157948	Thermotoga sp. 2812B	Bacteria	domain	46
204536	Sulfurihydrogenibium azorense Az-Fu1	Bacteria	domain	35
927666	Streptococcus oralis Uo5	Bacteria	domain	36
458234	Francisella tularensis subsp. holarctica FTNF002-00	Bacteria	domain	34
562019	Rickettsia peacockii str. Rustic	Bacteria	domain	33
351671	Xenorhabdus doucetiae	Bacteria	domain	46
591167	Streptomyces pratensis ATCC 33331	Bacteria	domain	54
487213	Streptococcus pneumoniae Taiwan19F-14	Bacteria	domain	34
981540	Streptococcus pasteurianus ATCC 43144	Bacteria	domain	37
936154	Streptococcus parauberis KCTC 11537	Bacteria	domain	37
1087453	Corynebacterium pseudotuberculosis 42/02-A	Bacteria	domain	43
68895	Cupriavidus basilensis	Bacteria	domain	48
234621	Rhodococcus erythropolis PR4	Bacteria	domain	49
1182590	Ectopseudomonas oleovorans CECT 5344	Bacteria	domain	42
656178	Pandoraea vervacti	Bacteria	domain	45
1215088	Pseudomonas putida HB3267	Bacteria	domain	44
1071769	Chlamydia trachomatis L1/440/LN	Bacteria	domain	37
1338035	Campylobacter jejuni 32488	Bacteria	domain	34
469602	Fusobacterium vincentii 3_1_27	Bacteria	domain	33
1222034	Mannheimia haemolytica USDA-ARS-USMARC-184	Bacteria	domain	39
717774	Marinomonas mediterranea MMB-1	Bacteria	domain	40
1427516	Mycobacterium tuberculosis 49-02	Bacteria	domain	45
681645	Corynebacterium pseudotuberculosis C231	Bacteria	domain	42
548476	Corynebacterium aurimucosum ATCC 700975	Bacteria	domain	52
693970	Shewanella baltica OS117	Bacteria	domain	47
1609977	Sphingomonas hengshuiensis	Bacteria	domain	46
1163399	Stenotrophomonas maltophilia D457	Bacteria	domain	48
565575	Ureaplasma urealyticum serovar 10 str. ATCC 33699	Bacteria	domain	30
1247189	Streptococcus dysgalactiae subsp. equisimilis 167	Bacteria	domain	35
1454627	Salmonella enterica subsp. enterica serovar Newport str. CDC 2010K-2159	Bacteria	domain	50
760011	Parasphaerochaeta coccoides DSM 17374	Bacteria	domain	46
543728	Variovorax paradoxus S110	Bacteria	domain	58
673862	Candidatus Babela massiliensis	Bacteria	domain	36
243365	Chromobacterium violaceum ATCC 12472	Bacteria	domain	51
1071780	Chlamydia trachomatis L2b/Ams3	Bacteria	domain	37
561230	Pectobacterium carotovorum subsp. carotovorum PC1	Bacteria	domain	47
370438	Pelotomaculum thermopropionicum SI	Bacteria	domain	48
74546	Prochlorococcus marinus str. MIT 9312	Bacteria	domain	37
1332188	Candidatus Saccharimonas aalborgensis	Bacteria	domain	44
1385724	Campylobacter jejuni subsp. jejuni NCTC 11168-GSv	Bacteria	domain	34
1380767	Campylobacter jejuni subsp. jejuni 00-2426	Bacteria	domain	34
208963	Pseudomonas aeruginosa UCBPP-PA14	Bacteria	domain	43
3042615	Paraglaciecola sp. T6c	Bacteria	domain	38
1294143	Pseudomonas sp. ATCC 13867	Bacteria	domain	40
60480	Shewanella sp. MR-4	Bacteria	domain	44
1286640	Sinorhizobium meliloti 2011	Bacteria	domain	46
1265601	Streptomyces sp. PAMC 26508	Bacteria	domain	53
996634	Corynebacterium ulcerans 0102	Bacteria	domain	44
585538	Helicobacter pylori 83	Bacteria	domain	36
1110693	Escherichia coli str. K-12 substr. MDS42	Bacteria	domain	47
391036	Ehrlichia japonica	Bacteria	domain	36
761193	Runella slithyformis DSM 19594	Bacteria	domain	39
1006598	Serratia plymuthica RVH1	Bacteria	domain	49
568817	Serratia symbiotica str. 'Cinara cedri'	Bacteria	domain	35
1774	Mycobacteroides chelonae	Bacteria	domain	46
693973	Shewanella baltica OS678	Bacteria	domain	46
1107880	Leuconostoc mesenteroides subsp. mesenteroides J18	Bacteria	domain	40
889378	Spirochaeta africana DSM 8902	Bacteria	domain	44
373153	Streptococcus pneumoniae D39	Bacteria	domain	34
1048332	Streptococcus salivarius CCHSS3	Bacteria	domain	37
416870	Lactococcus cremoris subsp. cremoris MG1363	Bacteria	domain	40
420890	Lactococcus garvieae Lg2	Bacteria	domain	41
357809	Lachnoclostridium phytofermentans ISDg	Bacteria	domain	44
698970	Corynebacterium diphtheriae HC04	Bacteria	domain	41
878220	Chryseobacterium sp. StRB126	Bacteria	domain	42
366602	Caulobacter sp. K31	Bacteria	domain	42
351627	Caldicellulosiruptor saccharolyticus DSM 8903	Bacteria	domain	42
353496	Lactobacillus delbrueckii subsp. bulgaricus 2038	Bacteria	domain	48
1248726	Helicobacter pylori OK310	Bacteria	domain	36
1248725	Helicobacter pylori OK113	Bacteria	domain	36
1052095	Granulibacter bethesdensis CGDNIH4	Bacteria	domain	45
510831	Francisella tularensis subsp. tularensis NE061598	Bacteria	domain	33
1105110	Rickettsia australis str. Cutlack	Bacteria	domain	33
439851	Salmonella enterica subsp. enterica serovar Dublin str. CT_02021853	Bacteria	domain	51
399742	Enterobacter sp. 638	Bacteria	domain	49
1155766	Enterococcus faecium Aus0004	Bacteria	domain	35
1055524	Burkholderia cenocepacia H111	Bacteria	domain	46
742013	Delftia sp. Cs1-4	Bacteria	domain	43
391037	Salinispora arenicola CNS-205	Bacteria	domain	48
357808	Roseiflexus sp. RS-1	Bacteria	domain	47
481009	Rickettsia philipii str. 364D	Bacteria	domain	33
29556	Mycoplasmopsis gallinacea	Bacteria	domain	17
998092	Mycobacterium tuberculosis variant bovis BCG str. ATCC 35743	Bacteria	domain	45
262316	Mycobacterium avium subsp. paratuberculosis K-10	Bacteria	domain	46
561007	Mycobacteroides abscessus ATCC 19977	Bacteria	domain	46
1244531	Campylobacter iguaniorum	Bacteria	domain	36
1380768	Campylobacter jejuni subsp. jejuni 00-2538	Bacteria	domain	34
75379	Thiomonas intermedia K12	Bacteria	domain	43
1383068	Campylobacter jejuni subsp. jejuni 00-2544	Bacteria	domain	34
1212765	Candidatus Mycoplasma haematolamae str. Purdue	Bacteria	domain	33
907271	Chlamydia trachomatis RC-J/966	Bacteria	domain	37
698971	Corynebacterium diphtheriae VA01	Bacteria	domain	41
679896	Corynebacterium pseudotuberculosis 1002	Bacteria	domain	42
669502	Candidatus Profftella armatura	Bacteria	domain	33
1028307	Klebsiella aerogenes KCTC 2190	Bacteria	domain	46
1041826	Flavobacterium columnare ATCC 49512	Bacteria	domain	34
349124	Halorhodospira halophila SL1	Bacteria	domain	46
1055527	Helicobacter pylori ELS37	Bacteria	domain	36
1051650	Lacticaseibacillus casei 12A	Bacteria	domain	47
459424	Mycobacterium liflandii 128FXT	Bacteria	domain	46
1441379	Mycoplasmoides pneumoniae M29	Bacteria	domain	34
652616	Mycobacterium tuberculosis str. Erdman = ATCC 35801	Bacteria	domain	45
675635	Pseudonocardia benzenivorans CB1190	Bacteria	domain	46
632772	Rhodococcus opacus B4	Bacteria	domain	47
1564114	Rhodococcus sp. B7740	Bacteria	domain	45
395965	Methylocella silvestris BL2	Bacteria	domain	45
1249531	Mannheimia haemolytica USDA-ARS-USMARC-183	Bacteria	domain	38
1071400	Lentilactobacillus buchneri subsp. silagei CD034	Bacteria	domain	45
1232659	Haemophilus influenzae 2019	Bacteria	domain	41
477245	Streptomyces cyaneogriseus subsp. noncyanogenus	Bacteria	domain	52
698966	Corynebacterium diphtheriae 241	Bacteria	domain	41
1048689	Escherichia coli O55:H7 str. RM12579	Bacteria	domain	60
1288313	Gluconobacter oxydans DSM 3504	Bacteria	domain	44
526226	Gordonia bronchialis DSM 43247	Bacteria	domain	47
862965	Haemophilus parainfluenzae T3T1	Bacteria	domain	36
1385664	Hymenobacter sp. DG25B	Bacteria	domain	40
1123862	Klebsiella pneumoniae subsp. pneumoniae Kp13	Bacteria	domain	47
326425	Lactobacillus helveticus CNRZ32	Bacteria	domain	45
1042156	Clostridium sp. SY8519	Bacteria	domain	39
1137651	Xanthomonas citri subsp. citri Aw12879	Bacteria	domain	47
1345695	Clostridium saccharobutylicum DSM 13864	Bacteria	domain	44
155920	Xylella fastidiosa subsp. sandyi Ann-1	Bacteria	domain	44
561276	Streptococcus pneumoniae ATCC 700669	Bacteria	domain	34
1234369	Chlamydia pecorum P787	Bacteria	domain	38
1457188	Listeria monocytogenes WSLC1042	Bacteria	domain	45
42094	Ureaplasma diversum	Bacteria	domain	20
1123269	Sphingomonas sanxanigenens DSM 19645 = NX02	Bacteria	domain	46
903510	Vibrio furnissii NCTC 11218	Bacteria	domain	46
873447	Streptococcus parauberis NCFD 2020	Bacteria	domain	36
749414	Streptomyces bingchenggensis BCW-1	Bacteria	domain	54
572479	Halanaerobium praevalens DSM 2228	Bacteria	domain	43
1321938	Helicobacter pylori UM299	Bacteria	domain	36
316067	Geotalea daltonii FRC-32	Bacteria	domain	46
880591	Ketogulonicigenium vulgare Y25	Bacteria	domain	45
1392500	Klebsiella pneumoniae HK787	Bacteria	domain	47
272624	Legionella pneumophila subsp. pneumophila str. Philadelphia 1	Bacteria	domain	40
1076550	Pantoea rwandensis	Bacteria	domain	46
660470	Mesotoga prima MesG1.Ag.4.2	Bacteria	domain	46
521097	Capnocytophaga ochracea DSM 7271	Bacteria	domain	38
1905730	Pectobacterium parmentieri	Bacteria	domain	47
1386967	Salmonella enterica subsp. arizonae serovar 62:z36:- str. RKS2983	Bacteria	domain	46
1406863	Staphylococcus aureus subsp. aureus Z172	Bacteria	domain	40
423211	Streptococcus suis GZ1	Bacteria	domain	34
316273	Xanthomonas euvesicatoria pv. vesicatoria str. 85-10	Bacteria	domain	47
292805	Wolbachia endosymbiont strain TRS of Brugia malayi	Bacteria	domain	33
1249477	Burkholderia pseudomallei NAU35A-3	Bacteria	domain	46
444179	Candidatus Karelsulcia muelleri GWSS	Bacteria	domain	29
517418	Chloroherpeton thalassium ATCC 35110	Bacteria	domain	43
1303518	Chthonomonas calidirosea T49	Bacteria	domain	47
498214	Clostridium botulinum A3 str. Loch Maree	Bacteria	domain	46
177437	Desulforapulum autotrophicum HRM2	Bacteria	domain	46
605	Salmonella enterica subsp. enterica serovar Pullorum	Bacteria	domain	53
552811	Dehalogenimonas lykanthroporepellens BL-DC-9	Bacteria	domain	47
564416	Chlamydia trachomatis 6276	Bacteria	domain	37
1385721	Campylobacter jejuni subsp. jejuni NCTC 11168-mcK12E5	Bacteria	domain	34
1002672	Candidatus Pelagibacter sp. IMCC9063	Bacteria	domain	31
610130	[Clostridium] saccharolyticum WM1	Bacteria	domain	50
279058	Collimonas arenae	Bacteria	domain	43
858619	Corynebacterium variabile DSM 44702	Bacteria	domain	48
420246	Geobacillus thermodenitrificans NG80-2	Bacteria	domain	61
1590	Lactiplantibacillus plantarum	Bacteria	domain	46
393126	Listeria monocytogenes FSL R2-561	Bacteria	domain	45
314722	Pseudoxanthomonas suwonensis	Bacteria	domain	46
1382510	Salmonella bongori serovar 48:z41:-- str. RKS3044	Bacteria	domain	47
634503	Edwardsiella ictaluri 93-146	Bacteria	domain	53
768490	Serratia sp. AS12	Bacteria	domain	48
94122	Shewanella sp. ANA-3	Bacteria	domain	43
1346	Streptococcus iniae	Bacteria	domain	35
906968	Treponema brennaborense DSM 12168	Bacteria	domain	44
1408204	Candidatus Endomicrobiellum trichonymphae	Bacteria	domain	42
320372	Burkholderia pseudomallei 1710b	Bacteria	domain	46
1249474	Burkholderia pseudomallei MSHR511	Bacteria	domain	47
758793	Caballeronia insecticola	Bacteria	domain	45
1241582	Burkholderia thailandensis 2002721723	Bacteria	domain	45
746361	Lactococcus cremoris subsp. cremoris NZ9000	Bacteria	domain	40
755731	Clostridium sp. BNL1100	Bacteria	domain	42
1511	Acetoanaerobium sticklandii	Bacteria	domain	34
1121362	Corynebacterium halotolerans YIM 70093 = DSM 44683	Bacteria	domain	49
623	Shigella flexneri	Bacteria	domain	60
630626	Shimwellia blattae DSM 4481 = NBRC 105725	Bacteria	domain	48
1239307	Sodalis praecaptivus	Bacteria	domain	48
186103	Streptococcus pyogenes MGAS8232	Bacteria	domain	35
1089553	Thermacetogenium phaeum DSM 12270	Bacteria	domain	50
316058	Rhodopseudomonas palustris HaA2	Bacteria	domain	48
1306993	Pseudomonas soli	Bacteria	domain	44
86192	Pseudomonas chlororaphis subsp. aurantiaca	Bacteria	domain	43
1279008	Pseudomonas aeruginosa PA1R	Bacteria	domain	45
521674	Planctopirus limnophila DSM 3776	Bacteria	domain	63
331978	Burkholderia pseudomallei Pasteur 52237	Bacteria	domain	51
573658	Candidatus Hodgkinia cicadicola	Bacteria	domain	44
1071779	Chlamydia trachomatis L2b/Ams2	Bacteria	domain	37
313596	Robiginitalea biformata HTCC2501	Bacteria	domain	37
445932	Elusimicrobium minutum Pei191	Bacteria	domain	45
316407	Escherichia coli str. K-12 substr. W3110	Bacteria	domain	48
1316933	Lacticaseibacillus rhamnosus LOCK900	Bacteria	domain	47
1279007	Pseudomonas aeruginosa PA1	Bacteria	domain	45
1448140	Pseudomonas aeruginosa YL84	Bacteria	domain	46
402626	Ralstonia pickettii 12J	Bacteria	domain	47
272943	Cereibacter sphaeroides 2.4.1	Bacteria	domain	44
1528098	Rickettsiales bacterium Ac37b	Bacteria	domain	38
886715	Salmonella enterica subsp. enterica serovar Enteritidis str. CDC_2010K_0968	Bacteria	domain	49
1276246	Spiroplasma culicicola AES-1	Bacteria	domain	28
1311	Streptococcus agalactiae	Bacteria	domain	43
760570	Streptococcus parasanguinis ATCC 15912	Bacteria	domain	37
869309	Streptococcus pneumoniae SPNA45	Bacteria	domain	34
441162	Burkholderia oklahomensis C6786	Bacteria	domain	45
1432652	Francisella tularensis subsp. holarctica PHIT-FT049	Bacteria	domain	34
911045	Pseudovibrio sp. FO-BEG1	Bacteria	domain	40
882020	Listeria monocytogenes SLCC2479	Bacteria	domain	45
869211	Winmispira thermophila DSM 6578	Bacteria	domain	46
666509	Planktomarina temperata RCA23	Bacteria	domain	39
93060	Prochlorococcus marinus str. MIT 9215	Bacteria	domain	39
41514	Salmonella enterica subsp. arizonae serovar 62:z4,z23:-	Bacteria	domain	49
525381	Streptococcus pneumoniae TCH8431/19A	Bacteria	domain	34
645991	Syntrophobotulus glycolicus DSM 8271	Bacteria	domain	45
1208320	Thalassolituus oleivorans R6-15	Bacteria	domain	35
644966	Thermaerobacter marianensis DSM 12885	Bacteria	domain	47
119912	Salmonella enterica subsp. enterica serovar Choleraesuis	Bacteria	domain	51
1338411	Rickettsia rickettsii str. R	Bacteria	domain	33
205920	Ehrlichia chaffeensis str. Arkansas	Bacteria	domain	36
342113	Burkholderia oklahomensis	Bacteria	domain	45
99598	Calothrix sp. PCC 7507	Bacteria	domain	70
331678	Chlorobium phaeobacteroides BS1	Bacteria	domain	43
1231072	Clostridium tetani 12124569	Bacteria	domain	40
1121448	Megalodesulfovibrio gigas DSM 1382 = ATCC 19364	Bacteria	domain	44
885040	Enterobacter soli	Bacteria	domain	46
585397	Escherichia coli ED1a	Bacteria	domain	53
930406	Escherichia coli O157:H16	Bacteria	domain	49
244366	Klebsiella variicola	Bacteria	domain	50
334390	Limosilactobacillus fermentum IFO 3956	Bacteria	domain	42
1147130	Pasteurella multocida subsp. multocida str. HB03	Bacteria	domain	36
837	Porphyromonas gingivalis	Bacteria	domain	43
1306419	Burkholderia pseudomallei HBPUB10303a	Bacteria	domain	46
337191	Gordonia sp. KTR9	Bacteria	domain	45
866630	Haemophilus influenzae F3031	Bacteria	domain	39
1333852	Klebsiella oxytoca KONIH1	Bacteria	domain	50
395495	Leptothrix cholodnii SP-6	Bacteria	domain	43
80854	Moritella viscosa	Bacteria	domain	40
78398	Pectobacterium odoriferum	Bacteria	domain	48
479432	Streptosporangium roseum DSM 43021	Bacteria	domain	52
1328306	Rhizobium etli bv. mimosae str. Mim1	Bacteria	domain	42
234831	Pseudoalteromonas sp. SM9913	Bacteria	domain	39
391595	Roseobacter litoralis Och 149	Bacteria	domain	38
859655	Ralstonia solanacearum CMR15	Bacteria	domain	46
1427342	Pseudomonas aeruginosa SCV20265	Bacteria	domain	44
1536771	Paenibacillus sp. FSL R5-0912	Bacteria	domain	55
1050617	Escherichia coli UMNF18	Bacteria	domain	58
1202539	Candidatus Carsonella ruddii HT isolate Thao2000	Bacteria	domain	26
1208922	Candidatus Kinetoplastidibacterium blastocrithidiae TCC012E	Bacteria	domain	39
698964	Corynebacterium diphtheriae PW8	Bacteria	domain	42
544404	Escherichia coli O157:H7 str. TW14359	Bacteria	domain	64
1215343	Liberibacter crescens BT-1	Bacteria	domain	43
221988	[Mannheimia] succiniciproducens MBEL55E	Bacteria	domain	37
762903	Pseudopedobacter saltans DSM 12145	Bacteria	domain	37
167539	Prochlorococcus marinus subsp. marinus str. CCMP1375	Bacteria	domain	39
157783	Pseudomonas cremoricolorata	Bacteria	domain	42
648757	Rhodomicrobium vannielii ATCC 17100	Bacteria	domain	45
391896	Rickettsia bellii OSU 85-389	Bacteria	domain	33
693974	Shewanella baltica BA175	Bacteria	domain	46
365659	Streptococcus mitis B6	Bacteria	domain	35
1010834	Mycobacterium tuberculosis HKBS1	Bacteria	domain	45
1392005	Comamonas testosteroni TK102	Bacteria	domain	48
627343	Zymomonas mobilis subsp. mobilis str. CP4 = NRRL B-14023	Bacteria	domain	45
1347340	Campylobacter jejuni 4031	Bacteria	domain	34
688270	Cellulophaga algicola DSM 14237	Bacteria	domain	33
266779	Chelativorans sp. BNC1	Bacteria	domain	47
1071757	Chlamydia trachomatis D/SotonD5	Bacteria	domain	37
641491	Pseudodesulfovibrio mercurii	Bacteria	domain	48
1453496	Hafnia alvei FB1	Bacteria	domain	47
572544	Ilyobacter polytropus DSM 2926	Bacteria	domain	38
1001583	Levilactobacillus brevis KB290	Bacteria	domain	46
879089	Listeria monocytogenes SLCC2540	Bacteria	domain	45
265072	Methylobacillus flagellatus KT	Bacteria	domain	41
743965	Mycoplasma putrefaciens KS1	Bacteria	domain	28
1005042	Streptococcus suis D9	Bacteria	domain	36
1408272	Pseudomonas aeruginosa LES431	Bacteria	domain	47
1123383	Pseudothermotoga elfii DSM 9442 = NBRC 107921	Bacteria	domain	46
3240790	Pseudomonas gorinensis	Bacteria	domain	41
1214101	Streptomyces davaonensis JCM 4913	Bacteria	domain	55
1420885	Vibrio cholerae MS6	Bacteria	domain	52
340	Xanthomonas campestris pv. campestris	Bacteria	domain	46
1236908	Wolbachia endosymbiont of Drosophila simulans wNo	Bacteria	domain	33
59748	Candidatus Phytoplasma australiense	Bacteria	domain	32
1071756	Chlamydia trachomatis D/SotonD1	Bacteria	domain	37
1294266	Coxiella burnetii Cb175_Guyana	Bacteria	domain	42
434923	Coxiella burnetii CbuG_Q212	Bacteria	domain	42
639282	Deferribacter desulfuricans SSM1	Bacteria	domain	40
515635	Dictyoglomus turgidum DSM 6724	Bacteria	domain	46
649349	Leadbetterella byssophila DSM 17132	Bacteria	domain	34
382638	Helicobacter acinonychis str. Sheeba	Bacteria	domain	36
1322346	Glaesserella parasuis ZJ0906	Bacteria	domain	39
262543	Exiguobacterium artemiae 255-15	Bacteria	domain	47
585055	Escherichia coli 55989	Bacteria	domain	52
644282	Desulfarculus baarsii DSM 2075	Bacteria	domain	45
311424	Dehalococcoides mccartyi VS	Bacteria	domain	46
331272	Burkholderia cenocepacia HI2424	Bacteria	domain	45
320389	Burkholderia mallei NCTC 10247	Bacteria	domain	46
1193729	Candidatus Endolissoclinum faulkneri L2	Bacteria	domain	41
331636	Chlamydia psittaci 6BC	Bacteria	domain	38
935198	Clostridium botulinum B str. Eklund 17B (NRP)	Bacteria	domain	41
945711	Corynebacterium ulcerans 809	Bacteria	domain	45
1236909	Wolbachia endosymbiont of Drosophila simulans wHa	Bacteria	domain	33
701347	[Enterobacter] lignolyticus SCF1	Bacteria	domain	46
941323	Escherichia coli VR50	Bacteria	domain	53
272568	Gluconacetobacter diazotrophicus PA1 5	Bacteria	domain	48
1288295	Listeria monocytogenes 6179	Bacteria	domain	42
1090974	Melissococcus plutonius DAT561	Bacteria	domain	42
362242	Mycobacterium ulcerans Agy99	Bacteria	domain	45
349520	Paenibacillus polymyxa E681	Bacteria	domain	50
1132496	Pasteurella multocida subsp. multocida str. HN06	Bacteria	domain	37
450851	Phenylobacterium zucineum HLK1	Bacteria	domain	42
56448	Xanthomonas arboricola	Bacteria	domain	46
349102	Cereibacter sphaeroides ATCC 17025	Bacteria	domain	42
1337396	Rickettsia rickettsii str. Morgan	Bacteria	domain	33
488222	Streptococcus pneumoniae JJA	Bacteria	domain	34
866768	Escherichia coli 'BL21-Gold(DE3)pLysS AG'	Bacteria	domain	46
744872	Gracilinema caldarium DSM 7334	Bacteria	domain	46
994476	Yersinia enterocolitica subsp. palearctica 105.5R(r)	Bacteria	domain	46
1429244	Paenibacillus polymyxa CR1	Bacteria	domain	53
272831	Neisseria meningitidis FAM18	Bacteria	domain	43
443149	Mycobacterium tuberculosis CCDC5079	Bacteria	domain	45
1162668	Leptospirillum ferrooxidans C2-3	Bacteria	domain	46
449	Legionella hackeliae	Bacteria	domain	41
657324	Butyrivibrio fibrisolvens 16/4	Bacteria	domain	37
1170562	Calothrix sp. PCC 6303	Bacteria	domain	37
1234603	Candidatus Moranella endobia PCVAL	Bacteria	domain	40
515621	Clostridium botulinum Ba4 str. 657	Bacteria	domain	44
1261557	Enterococcus faecalis str. Symbioflor 1	Bacteria	domain	43
1344042	Enterococcus faecium T110	Bacteria	domain	43
263358	Micromonospora maris AB-18-032	Bacteria	domain	49
1232394	Francisella tularensis subsp. holarctica F92	Bacteria	domain	34
1352356	Helicobacter pylori SouthAfrica20	Bacteria	domain	36
479435	Kribbella flavida DSM 17836	Bacteria	domain	49
91891	Legionella pneumophila subsp. pneumophila	Bacteria	domain	42
427140	Leuconostoc mesenteroides KFRI-MG	Bacteria	domain	40
393133	Listeria monocytogenes 10403S	Bacteria	domain	45
262722	Mesomycoplasma hyopneumoniae 7448	Bacteria	domain	30
634997	Mesomycoplasma hyorhinis DBS 1050	Bacteria	domain	29
1091500	Mycobacterium tuberculosis RGTB327	Bacteria	domain	45
1290427	Rickettsia prowazekii str. NMRC Madrid E	Bacteria	domain	33
1437007	Streptococcus pyogenes STAB902	Bacteria	domain	35
1147	Synechocystis sp. PCC 6714	Bacteria	domain	41
993512	Streptococcus suis A7	Bacteria	domain	35
1452728	Francisella tularensis subsp. novicida F6168	Bacteria	domain	32
1382922	Helicobacter pylori oki128	Bacteria	domain	36
1327988	Lactiplantibacillus plantarum 16	Bacteria	domain	47
714313	Fructilactobacillus sanfranciscensis TMW 1.1304	Bacteria	domain	40
1156937	Methylacidiphilum fumariolicum SolV	Bacteria	domain	46
707235	Mycobacterium tuberculosis CTRI-2	Bacteria	domain	45
1304279	Mycobacterium tuberculosis str. Haarlem/NITR202	Bacteria	domain	43
1566358	Paenibacillus sp. IHBB 10380	Bacteria	domain	53
167542	Prochlorococcus marinus str. MIT 9515	Bacteria	domain	37
588	Providencia stuartii	Bacteria	domain	50
1041138	Rhizobium gallicum bv. gallicum R602sp	Bacteria	domain	43
985002	Staphylococcus argenteus	Bacteria	domain	40
862971	Streptococcus anginosus C238	Bacteria	domain	39
1133852	Escherichia coli O104:H4 str. 2011C-3493	Bacteria	domain	55
760154	Sulfurospirillum barnesii SES-3	Bacteria	domain	39
403957	Virgibacillus sp. SK37	Bacteria	domain	40
29485	Yersinia rohdei	Bacteria	domain	46
1340495	Limosilactobacillus reuteri I5007	Bacteria	domain	48
863638	Clostridium acetobutylicum EA 2018	Bacteria	domain	44
441770	Clostridium botulinum A str. ATCC 19397	Bacteria	domain	43
1121353	Corynebacterium callunae DSM 20147	Bacteria	domain	48
1404245	Corynebacterium glyciniphilum AJ 3170	Bacteria	domain	45
880072	Desulfobacca acetoxidans DSM 11109	Bacteria	domain	45
405955	Escherichia coli APEC O1	Bacteria	domain	57
444450	Escherichia coli O157:H7 str. EC4115	Bacteria	domain	64
1233873	Geobacillus sp. GHH01	Bacteria	domain	64
754035	Mesorhizobium australicum WSM2073	Bacteria	domain	47
379731	Stutzerimonas stutzeri A1501	Bacteria	domain	43
698968	Corynebacterium diphtheriae HC02	Bacteria	domain	42
1223515	Corynebacterium humireducens NBRC 106098 = DSM 45392	Bacteria	domain	47
1267754	Corynebacterium urealyticum DSM 7111	Bacteria	domain	46
1427366	Dickeya zeae EC1	Bacteria	domain	47
573569	Francisella salina	Bacteria	domain	32
1382925	Helicobacter pylori oki673	Bacteria	domain	36
1049565	Klebsiella pneumoniae KCTC 2242	Bacteria	domain	48
1230340	Listeria monocytogenes serotype 4b str. LL195	Bacteria	domain	44
319705	Mycobacteroides abscessus subsp. bolletii	Bacteria	domain	54
29554	Metamycoplasma canadense	Bacteria	domain	32
1232724	Mycobacterium intracellulare subsp. intracellulare MTCC 9506	Bacteria	domain	45
387092	Nitratiruptor sp. SB155-2	Bacteria	domain	37
1051004	Pseudomonas aeruginosa 213BR	Bacteria	domain	45
1384459	Methyloceanibacter caenitepidi	Bacteria	domain	45
314282	Psychromonas sp. CNPT3	Bacteria	domain	38
383372	Roseiflexus castenholzii DSM 13941	Bacteria	domain	47
762948	Rothia dentocariosa ATCC 17931	Bacteria	domain	45
454166	Salmonella enterica subsp. enterica serovar Agona str. SL483	Bacteria	domain	49
1454590	Salmonella enterica subsp. enterica serovar Anatum str. USDA-ARS-USMARC-1175	Bacteria	domain	49
1266717	Staphylococcus pseudintermedius E140	Bacteria	domain	44
1035377	Yersinia pestis A1122	Bacteria	domain	46
1159199	Mycoplasmoides gallisepticum NC96_1596-4-2P	Bacteria	domain	32
1299329	Mycobacterium avium subsp. avium 2285 (S)	Bacteria	domain	46
699246	Mageeibacillus indolicus UPII9-5	Bacteria	domain	44
83555	Chlamydia abortus	Bacteria	domain	38
1087454	Corynebacterium pseudotuberculosis 1/06-A	Bacteria	domain	43
1719	Corynebacterium pseudotuberculosis	Bacteria	domain	45
1297582	Candidatus Portiera aleyrodidarum TV	Bacteria	domain	33
979982	Leuconostoc sp. C2	Bacteria	domain	38
1765	Mycobacterium tuberculosis variant bovis	Bacteria	domain	45
1124917	Salmonella enterica subsp. enterica serovar Agona str. 460004 2-1	Bacteria	domain	48
1074252	Staphylococcus aureus subsp. aureus HO 5096 0412	Bacteria	domain	41
1006543	Staphylococcus aureus subsp. aureus T0131	Bacteria	domain	37
1133850	Streptomyces hygroscopicus subsp. jinggangensis 5008	Bacteria	domain	54
1410384	Wolbachia endosymbiont of Onchocerca volvulus str. Cameroon	Bacteria	domain	33
383407	Xanthomonas oryzae pv. oryzicola BLS256	Bacteria	domain	47
406818	Xenorhabdus bovienii SS-2004	Bacteria	domain	47
795359	Thermodesulfobacterium geofontis OPF15	Bacteria	domain	46
573413	Sediminispirochaeta smaragdinae DSM 11293	Bacteria	domain	48
95486	Burkholderia cenocepacia	Bacteria	domain	52
1261131	Candidatus Liberibacter americanus str. Sao Paulo	Bacteria	domain	39
1395589	Leptospira interrogans serovar Linhai str. 56609	Bacteria	domain	37
1234368	Chlamydia pecorum W73	Bacteria	domain	38
1232381	Corynebacterium glutamicum SCgG1	Bacteria	domain	46
321314	Salmonella enterica subsp. enterica serovar Choleraesuis str. SC-B67	Bacteria	domain	52
1197719	Salmonella bongori N268-08	Bacteria	domain	48
13035	Dactylococcopsis salina PCC 8305	Bacteria	domain	39
145458	Rathayibacter toxicus	Bacteria	domain	45
1114970	Pseudomonas ogarae	Bacteria	domain	40
983548	Dokdonia sp. 4H-3-7-5	Bacteria	domain	32
1166130	Enterobacter sp. R4-368	Bacteria	domain	47
283942	Idiomarina loihiensis L2TR	Bacteria	domain	40
523794	Leptotrichia buccalis C-1013-b	Bacteria	domain	34
1006581	Mycoplasmoides gallisepticum S6	Bacteria	domain	32
391626	Octadecabacter antarcticus 307	Bacteria	domain	39
336407	Rickettsia bellii RML369-C	Bacteria	domain	33
666681	Methylotenera versatilis 301	Bacteria	domain	38
557436	Limosilactobacillus reuteri subsp. reuteri	Bacteria	domain	46
441952	Francisella tularensis subsp. mediasiatica FSC147	Bacteria	domain	32
622488	Francisella hispaniensis	Bacteria	domain	32
595496	Escherichia coli BW2952	Bacteria	domain	49
768706	Desulfosporosinus orientis DSM 765	Bacteria	domain	59
413996	Mycobacterium tuberculosis variant bovis BCG str. Moreau RDJ	Bacteria	domain	45
935298	Corynebacterium pseudotuberculosis PAT10	Bacteria	domain	42
1124992	Mycoplasma capricolum subsp. capripneumoniae 87001	Bacteria	domain	30
1159198	Mycoplasmoides gallisepticum NC95_13295-2-2P	Bacteria	domain	32
710127	Mycoplasmoides gallisepticum str. R(low)	Bacteria	domain	32
1267001	Mycoplasmopsis synoviae ATCC 25204	Bacteria	domain	34
261292	Nitrosomonas sp. Is79A3	Bacteria	domain	38
363952	Comamonas thiooxydans	Bacteria	domain	54
158878	Staphylococcus aureus subsp. aureus Mu50	Bacteria	domain	42
269800	Thermobifida fusca YX	Bacteria	domain	48
1094508	Thermoanaerobacterium saccharolyticum JW/SL-YS485	Bacteria	domain	45
1439852	Burkholderia pseudomallei K42	Bacteria	domain	46
718271	Campylobacter jejuni subsp. jejuni S3	Bacteria	domain	35
564417	Chlamydia trachomatis 6276s	Bacteria	domain	37
1193806	Dehalococcoides mccartyi BTF08	Bacteria	domain	47
555778	Halothiobacillus neapolitanus c2	Bacteria	domain	39
575540	Isosphaera pallida ATCC 43644	Bacteria	domain	45
1380908	Klebsiella pneumoniae JM45	Bacteria	domain	46
1399116	Lactococcus lactis subsp. lactis KLDS 4.0325	Bacteria	domain	39
1446494	Lacticaseibacillus paracasei N1115	Bacteria	domain	47
1426844	Helicobacter pylori NY40	Bacteria	domain	36
762633	Thermus thermophilus SG0.5JP17-16	Bacteria	domain	46
887712	Chlamydia trachomatis L2c	Bacteria	domain	37
1071775	Chlamydia trachomatis L2b/LST	Bacteria	domain	37
1229205	Paraburkholderia phenoliruptrix BR3459a	Bacteria	domain	50
1193807	Dehalococcoides mccartyi DCMB5	Bacteria	domain	47
871963	Desulfitobacterium dichloroeliminans LMG P-21439	Bacteria	domain	46
1121451	Maridesulfovibrio hydrothermalis AM13 = DSM 14728	Bacteria	domain	49
651182	Desulfobacula toluolica Tol2	Bacteria	domain	44
883	Nitratidesulfovibrio vulgaris str. 'Miyazaki F'	Bacteria	domain	51
1286171	Peptoclostridium acidaminophilum DSM 3953	Bacteria	domain	39
485918	Chitinophaga pinensis DSM 2588	Bacteria	domain	55
484022	Francisella philomiragia subsp. philomiragia ATCC 25017	Bacteria	domain	32
565050	Caulobacter vibrioides NA1000	Bacteria	domain	43
1156431	Streptococcus ilei	Bacteria	domain	43
767468	Lactiplantibacillus plantarum subsp. plantarum P-8	Bacteria	domain	49
932920	Listeria monocytogenes SLCC2372	Bacteria	domain	46
458233	Macrococcoides caseolyticum JCSC5402	Bacteria	domain	36
1159200	Mycoplasmoides gallisepticum NY01_2001.047-5-1P	Bacteria	domain	32
1159201	Mycoplasmoides gallisepticum WI01_2001.043-13-2P	Bacteria	domain	32
323097	Nitrobacter hamburgensis X14	Bacteria	domain	48
867902	Ornithobacterium rhinotracheale DSM 15997	Bacteria	domain	32
557722	Pseudomonas aeruginosa LESB58	Bacteria	domain	48
571800	Psychrobacter sp. G	Bacteria	domain	35
392500	Shewanella woodyi ATCC 51908	Bacteria	domain	39
617121	Streptococcus dysgalactiae subsp. equisimilis RE378	Bacteria	domain	35
292415	Thiobacillus denitrificans ATCC 25259	Bacteria	domain	41
413404	Candidatus Ruthia magnifica str. Cm (Calyptogena magnifica)	Bacteria	domain	36
481805	Escherichia coli ATCC 8739	Bacteria	domain	47
935593	Neisseria meningitidis M04-240196	Bacteria	domain	42
505682	Ureaplasma parvum serovar 3 str. ATCC 27815	Bacteria	domain	30
1142511	Wigglesworthia glossinidia endosymbiont of Glossina morsitans morsitans (Yale colony)	Bacteria	domain	33
1091045	Cutibacterium acnes subsp. defendens ATCC 11828	Bacteria	domain	45
1236608	Moraxella catarrhalis BBH18	Bacteria	domain	34
47714	Lacticaseibacillus paracasei subsp. paracasei	Bacteria	domain	47
324831	Lactobacillus gasseri ATCC 33323 = JCM 1131	Bacteria	domain	47
685038	Escherichia coli O83:H1 str. NRG 857C	Bacteria	domain	48
760568	Desulfofundulus kuznetsovii DSM 6115	Bacteria	domain	47
385025	Cycloclasticus sp. P1	Bacteria	domain	35
186490	Candidatus Palibaumannia cicadellinicola	Bacteria	domain	37
1121335	Thermoclostridium stercorarium subsp. stercorarium DSM 8532	Bacteria	domain	46
1322246	Pseudodesulfovibrio piezophilus C1TLV30	Bacteria	domain	50
1408176	Campylobacter jejuni subsp. jejuni F38011	Bacteria	domain	34
657308	Gordonibacter pamelaeae 7-10-1-b	Bacteria	domain	46
760192	Haliscomenobacter hydrossis DSM 1100	Bacteria	domain	47
1234600	Helicobacter pylori Rif2	Bacteria	domain	36
1244085	Klebsiella pneumoniae CG43	Bacteria	domain	45
563174	Listeria monocytogenes L99	Bacteria	domain	45
582744	Methylovorus glucosotrophus SIP3-4	Bacteria	domain	41
710421	Mycolicibacterium chubuense NBB4	Bacteria	domain	46
443150	Mycobacterium tuberculosis CCDC5180	Bacteria	domain	45
44251	Paenibacillus durus	Bacteria	domain	49
699037	Clostridioides difficile M68	Bacteria	domain	38
403833	Petrotoga mobilis SJ95	Bacteria	domain	46
375451	Roseobacter denitrificans OCh 114	Bacteria	domain	38
697283	Streptococcus pneumoniae gamPNI0373	Bacteria	domain	34
511691	Streptococcus mutans NN2025	Bacteria	domain	37
1263406	Chlamydia trachomatis L2/434/Bu(i)	Bacteria	domain	37
511145	Escherichia coli str. K-12 substr. MG1655	Bacteria	domain	49
233412	[Haemophilus] ducreyi 35000HP	Bacteria	domain	36
262728	Haemophilus influenzae R2866	Bacteria	domain	39
1382921	Helicobacter pylori oki112	Bacteria	domain	36
1321939	Helicobacter pylori UM037	Bacteria	domain	36
491077	Limosilactobacillus reuteri SD2112	Bacteria	domain	47
1434215	Mannheimia varigena USDA-ARS-USMARC-1388	Bacteria	domain	37
536019	Mesorhizobium opportunistum WSM2075	Bacteria	domain	47
1124991	Morganella morganii subsp. morganii KT	Bacteria	domain	47
1179773	Saccharothrix espanaensis DSM 44229	Bacteria	domain	54
1260251	Spiribacter salinus M19-40	Bacteria	domain	45
1288	Staphylococcus xylosus	Bacteria	domain	40
330214	Nitrospira defluvii	Bacteria	domain	46
264199	Streptococcus thermophilus LMG 18311	Bacteria	domain	35
929558	Sulfurimonas gotlandica GD1	Bacteria	domain	41
1110502	Tistrella mobilis KA081020-065	Bacteria	domain	45
406425	Burkholderia orbicola MC0-3	Bacteria	domain	45
644801	Stutzerimonas stutzeri RCH2	Bacteria	domain	45
557724	Burkholderia pseudomallei 576	Bacteria	domain	46
941193	Pseudomonas aeruginosa M18	Bacteria	domain	44
317936	Nostoc sp. PCC 7107	Bacteria	domain	71
320373	Burkholderia pseudomallei 668	Bacteria	domain	47
632516	Caldicellulosiruptor acetigenus 6A	Bacteria	domain	43
1183378	Campylobacter coli RM1875	Bacteria	domain	34
860228	Capnocytophaga canimorsus Cc5	Bacteria	domain	37
1348585	Cellulophaga baltica NN016038	Bacteria	domain	34
351746	Pseudomonas putida F1	Bacteria	domain	42
1249662	Burkholderia thailandensis E444	Bacteria	domain	44
1163752	Candidatus Portiera aleyrodidarum MED (Bemisia tabaci)	Bacteria	domain	31
573061	Clostridium cellulovorans 743B	Bacteria	domain	41
161896	Corynebacterium camporealensis	Bacteria	domain	45
880070	Cyclobacterium marinum DSM 745	Bacteria	domain	36
314225	Erythrobacter litoralis HTCC2594	Bacteria	domain	43
1328859	Escherichia coli O157:H7 str. SS17	Bacteria	domain	66
298653	Parafrankia sp. EAN1pec	Bacteria	domain	45
401614	Francisella tularensis subsp. novicida U112	Bacteria	domain	32
1234378	Lawsonia intracellularis N343	Bacteria	domain	41
857087	Methylomonas methanica MC09	Bacteria	domain	36
630588	Neisseria meningitidis alpha710	Bacteria	domain	44
879243	Porphyromonas asaccharolytica DSM 20707	Bacteria	domain	45
471852	Thermomonospora curvata DSM 43183	Bacteria	domain	54
32022	Campylobacter jejuni subsp. jejuni	Bacteria	domain	43
632348	Caldicellulosiruptor kronotskyensis 2002	Bacteria	domain	42
293613	Rickettsia canadensis str. McKiel	Bacteria	domain	33
1003201	Rickettsia typhi str. TH1527	Bacteria	domain	33
1267753	Salmonella enterica subsp. enterica serovar Javiana str. CFSAN001992	Bacteria	domain	48
225849	Shewanella piezotolerans WP3	Bacteria	domain	40
1282	Staphylococcus epidermidis	Bacteria	domain	43
1051074	Streptococcus thermophilus JIM 8232	Bacteria	domain	39
1093790	Vibrio cholerae H1	Bacteria	domain	53
1323661	Staphylococcus aureus CA-347	Bacteria	domain	41
195099	Campylobacter jejuni RM1221	Bacteria	domain	35
459349	Candidatus Cloacimonas acidaminovorans str. Evry	Bacteria	domain	45
32051	Synechococcus sp. WH 7803	Bacteria	domain	42
865867	Mycoplasma mycoides subsp. mycoides SC str. Gladysdale	Bacteria	domain	30
794903	Opitutaceae bacterium TAV5	Bacteria	domain	48
1408273	Pseudomonas aeruginosa LESB65	Bacteria	domain	45
316056	Rhodopseudomonas palustris BisB18	Bacteria	domain	48
1290428	Rickettsia prowazekii str. Breinl	Bacteria	domain	33
1105104	Rickettsia rickettsii str. Brazil	Bacteria	domain	33
1105109	Rickettsia slovaca str. D-CWPP	Bacteria	domain	33
1010840	Streptococcus pyogenes MGAS1882	Bacteria	domain	35
1046629	Streptococcus salivarius 57.I	Bacteria	domain	38
289397	Mycoplasmopsis bovis PG45	Bacteria	domain	34
712961	Ligilactobacillus salivarius CECT 5713	Bacteria	domain	45
521045	Kosmotoga olearia TBF 19.5.1	Bacteria	domain	46
1172562	Helicobacter cinaedi PAGU611	Bacteria	domain	38
469607	Fusobacterium animalis 4_8	Bacteria	domain	34
177416	Francisella tularensis subsp. tularensis SCHU S4	Bacteria	domain	33
755732	Fluviicola taffensis DSM 16823	Bacteria	domain	39
1287066	Enterococcus faecalis DENG1	Bacteria	domain	42
937777	Deinococcus peraridilitoris DSM 19664	Bacteria	domain	44
434922	Coxiella burnetii Dugway 5J108-111	Bacteria	domain	42
1388753	Campylobacter peloridis LMG 23910	Bacteria	domain	34
35	Corallococcus macrosporus	Bacteria	domain	57
1045855	Pseudoxanthomonas spadix BD-a59	Bacteria	domain	48
768486	Enterococcus hirae ATCC 9790	Bacteria	domain	48
316385	Escherichia coli str. K-12 substr. DH10B	Bacteria	domain	49
1452725	Flavobacterium psychrophilum FPG101	Bacteria	domain	34
935897	Haemophilus influenzae F3047	Bacteria	domain	39
41899	Burkholderia plantarii	Bacteria	domain	43
1439855	Burkholderia pseudomallei A79A	Bacteria	domain	46
710128	Mycoplasmoides gallisepticum str. R(high)	Bacteria	domain	32
698972	Corynebacterium diphtheriae INCA 402	Bacteria	domain	41
1262449	Clostridium pasteurianum DSM 525 = ATCC 6013	Bacteria	domain	43
690850	Desulfocurvibacter africanus subsp. africanus str. Walvis Bay	Bacteria	domain	49
1249650	Ehrlichia chaffeensis str. West Paces	Bacteria	domain	36
745156	Escherichia coli 1303	Bacteria	domain	50
1921421	Geobacillus genomosp. 3	Bacteria	domain	61
1423732	Lacticaseibacillus casei DSM 20011 = JCM 1134 = ATCC 393	Bacteria	domain	48
644042	Lactiplantibacillus plantarum JDM1	Bacteria	domain	43
363253	Lawsonia intracellularis PHE/MN1-00	Bacteria	domain	41
342108	Paramagnetospirillum magneticum AMB-1	Bacteria	domain	46
754477	Methylophaga frappieri	Bacteria	domain	37
1912856	Peptoniphilus sp. ING2-D1G	Bacteria	domain	38
374833	Neisseria meningitidis 053442	Bacteria	domain	42
1129369	Mesomycoplasma hyorhinis GDL-1	Bacteria	domain	29
266117	Rubrobacter xylanophilus DSM 9941	Bacteria	domain	45
1305598	Staphylococcus aureus M1	Bacteria	domain	40
981368	Xanthomonas euvesicatoria pv. citrumelo F1	Bacteria	domain	47
430531	Burkholderia humptydooensis	Bacteria	domain	45
640510	Burkholderia sp. CCGE1001	Bacteria	domain	47
1536774	Paenibacillus sp. FSL H7-0357	Bacteria	domain	51
391619	Phaeobacter inhibens DSM 17395	Bacteria	domain	41
446468	Nocardiopsis dassonvillei subsp. dassonvillei DSM 43111	Bacteria	domain	49
882096	Listeria monocytogenes SLCC5850	Bacteria	domain	45
297246	Legionella pneumophila str. Paris	Bacteria	domain	40
1334191	Levilactobacillus brevis BSO 464	Bacteria	domain	39
768066	Halomonas elongata DSM 2581	Bacteria	domain	45
1112204	Gordonia polyisoprenivorans VH2	Bacteria	domain	47
550542	Geobacillus sp. Y412MC52	Bacteria	domain	62
360104	Campylobacter concisus 13826	Bacteria	domain	37
1133592	Candidatus Uzinura diaspidicola str. ASNER	Bacteria	domain	31
879090	Listeria monocytogenes SLCC7179	Bacteria	domain	45
1408284	Clostridium botulinum Prevot_594	Bacteria	domain	41
1071772	Chlamydia trachomatis L2/25667R	Bacteria	domain	37
498211	Cellvibrio japonicus Ueda107	Bacteria	domain	36
1231626	Cardinium endosymbiont cEper1 of Encarsia pergandiella	Bacteria	domain	37
37692	Candidatus Phytoplasma mali	Bacteria	domain	30
658172	Candidatus Liberibacter solanacearum CLso-ZC1	Bacteria	domain	38
195	Campylobacter coli	Bacteria	domain	34
882378	Mycetohabitans rhizoxinica HKI 454	Bacteria	domain	43
373903	Halothermothrix orenii H 168	Bacteria	domain	44
426430	Staphylococcus aureus subsp. aureus str. Newman	Bacteria	domain	41
480520	Myroides profundi	Bacteria	domain	42
335283	Nitrosomonas eutropha C91	Bacteria	domain	41
485917	Pedobacter heparinus DSM 2366	Bacteria	domain	36
1196835	Stutzerimonas stutzeri CCUG 29243	Bacteria	domain	45
1284	Staphylococcus hyicus	Bacteria	domain	35
93062	Staphylococcus aureus subsp. aureus COL	Bacteria	domain	39
351745	Shewanella sp. W3-18-1	Bacteria	domain	45
488142	Serratia sp. SCBI	Bacteria	domain	48
157782	Pseudomonas parafulva	Bacteria	domain	42
1330457	Escherichia coli O157:H7 str. SS52	Bacteria	domain	64
1008459	Taylorella asinigenitalis MCE3	Bacteria	domain	34
1075087	Chlamydia trachomatis L1/1322/p2	Bacteria	domain	37
195253	Synechococcus sp. PCC 6312	Bacteria	domain	41
391038	Paraburkholderia phymatum STM815	Bacteria	domain	48
398578	Delftia acidovorans SPH-1	Bacteria	domain	43
322159	Streptococcus thermophilus LMD-9	Bacteria	domain	39
646529	Desulfosporosinus acidiphilus SJ4	Bacteria	domain	52
309799	Dictyoglomus thermophilum H-6-12	Bacteria	domain	46
301105	Enterobacter hormaechei subsp. hormaechei	Bacteria	domain	48
264203	Zymomonas mobilis subsp. mobilis ZM4 = ATCC 31821	Bacteria	domain	44
910348	Escherichia coli P12b	Bacteria	domain	49
398767	Trichlorobacter lovleyi SZ	Bacteria	domain	41
1111068	Geobacillus thermoleovorans CCB_US3_UF5	Bacteria	domain	65
866345	Helicobacter pylori F30	Bacteria	domain	36
1234365	Helicobacter pylori Rif1	Bacteria	domain	36
1321940	Helicobacter pylori UM066	Bacteria	domain	36
1191061	Klebsiella michiganensis E718	Bacteria	domain	52
378753	Kocuria rhizophila DC2201	Bacteria	domain	45
1048260	Leptospirillum ferriphilum ML-04	Bacteria	domain	45
697281	Mahella australiensis 50-1 BON	Bacteria	domain	46
190893	Vibrio coralliilyticus	Bacteria	domain	40
945021	Tetragenococcus halophilus NBRC 12172	Bacteria	domain	40
373384	Shigella flexneri 5 str. 8401	Bacteria	domain	58
1348660	Serratia plymuthica S13	Bacteria	domain	49
614	Serratia liquefaciens	Bacteria	domain	49
189426	Paenibacillus odorifer	Bacteria	domain	54
1133849	Nocardia brasiliensis ATCC 700358	Bacteria	domain	49
189918	Mycobacterium sp. KMS	Bacteria	domain	47
940190	Melissococcus plutonius ATCC 35311	Bacteria	domain	45
460265	Methylobacterium nodulans ORS 2060	Bacteria	domain	49
562970	Kyrpidia tusciae DSM 2912	Bacteria	domain	51
502025	Haliangium ochraceum DSM 14365	Bacteria	domain	47
663278	Ethanoligenens harbinense YUAN-3	Bacteria	domain	46
1382700	Escherichia coli PMV-1	Bacteria	domain	52
161899	Corynebacterium singulare	Bacteria	domain	47
1388749	Campylobacter lari NCTC 11845	Bacteria	domain	34
1385723	Campylobacter jejuni subsp. jejuni NCTC 11168-Kf1	Bacteria	domain	34
306263	Campylobacter lari RM2100	Bacteria	domain	34
1388751	Campylobacter subantarcticus LMG 24374	Bacteria	domain	34
1031709	Cutibacterium acnes 6609	Bacteria	domain	45
1403539	Streptomyces sp. A02	Bacteria	domain	53
1338032	Vibrio parahaemolyticus O1:K33 str. CDC_K4557	Bacteria	domain	44
591365	Streptococcus intermedius JTH08	Bacteria	domain	38
696216	Streptococcus constellatus subsp. pharyngis C232	Bacteria	domain	37
396513	Staphylococcus carnosus subsp. carnosus TM300	Bacteria	domain	45
1194085	Staphylococcus aureus subsp. aureus SA40	Bacteria	domain	41
203122	Saccharophagus degradans 2-40	Bacteria	domain	37
1003202	Rickettsia typhi str. B9991CWPP	Bacteria	domain	33
399739	Ectopseudomonas mendocina ymp	Bacteria	domain	41
1309806	Streptococcus agalactiae 09mas018883	Bacteria	domain	35
1501268	Prochlorococcus sp. MIT 0604	Bacteria	domain	37
167546	Prochlorococcus marinus str. MIT 9301	Bacteria	domain	37
1562970	Fermentimonas caenicola	Bacteria	domain	40
747	Pasteurella multocida	Bacteria	domain	36
435591	Parabacteroides distasonis ATCC 8503	Bacteria	domain	53
765952	Parachlamydia acanthamoebae UV-7	Bacteria	domain	39
196162	Nocardioides sp. JS614	Bacteria	domain	45
323098	Nitrobacter winogradskyi Nb-255	Bacteria	domain	46
553482	Streptococcus equi subsp. equi 4047	Bacteria	domain	36
1095955	Treponema pallidum subsp. pallidum str. Sea 81-4	Bacteria	domain	43
496833	Mycoplasmopsis fermentans PG18	Bacteria	domain	36
701521	Pediococcus claussenii ATCC BAA-344	Bacteria	domain	47
756272	Rubinisphaera brasiliensis DSM 5305	Bacteria	domain	46
338969	Rhodoferax ferrireducens T118	Bacteria	domain	43
637887	Acetivibrio thermocellus DSM 1313	Bacteria	domain	45
869312	Streptococcus pneumoniae SPN033038	Bacteria	domain	35
907268	Chlamydia trachomatis RC-L2(s)/3	Bacteria	domain	37
622759	Zymomonas mobilis subsp. mobilis NCIMB 11163	Bacteria	domain	44
637382	Yersinia pestis D106004	Bacteria	domain	47
1394710	candidate division WWE3 bacterium RAAC2_WWE3_1	Bacteria	domain	45
1111069	Thermus sp. CCB_US3_UF1	Bacteria	domain	46
484019	Thermosipho africanus TCF52B	Bacteria	domain	46
1308	Streptococcus thermophilus	Bacteria	domain	39
370551	Streptococcus pyogenes MGAS9429	Bacteria	domain	34
707241	Sinorhizobium meliloti SM11	Bacteria	domain	45
392499	Rhizorhabdus wittichii RW1	Bacteria	domain	45
838561	Spiroplasma mirum ATCC 29335	Bacteria	domain	32
359787	Staphylococcus aureus subsp. aureus JH1	Bacteria	domain	41
1408285	Clostridium botulinum CDC_297	Bacteria	domain	35
1138877	Mycobacterium tuberculosis 7199-99	Bacteria	domain	45
264732	Moorella thermoacetica ATCC 39073	Bacteria	domain	49
351348	Marinobacter nauticus VT8	Bacteria	domain	40
1441628	Leptospirillum ferriphilum YSK	Bacteria	domain	44
1094170	Klebsiella pneumoniae subsp. pneumoniae KPNIH10	Bacteria	domain	47
443143	Geobacter sp. M18	Bacteria	domain	46
469604	Fusobacterium vincentii 3_1_36A2	Bacteria	domain	33
1200352	Corynebacterium terpenotabidum Y-11	Bacteria	domain	48
1458425	Serpentinimonas raichei	Bacteria	domain	41
699032	Clostridioides difficile BI9	Bacteria	domain	17
1224162	Corynebacterium marinum DSM 44953	Bacteria	domain	48
580047	Chlamydia trachomatis A2497	Bacteria	domain	37
537021	Candidatus Liberibacter asiaticus str. psy62	Bacteria	domain	38
937773	Staphylococcus pseudintermedius HKU10-03	Bacteria	domain	40
451516	Staphylococcus aureus subsp. aureus USA300_TCH1516	Bacteria	domain	42
985006	Staphylococcus aureus subsp. aureus LGA251	Bacteria	domain	41
591020	Shigella flexneri 2002017	Bacteria	domain	59
1412459	Salmonella enterica subsp. enterica serovar Enteritidis str. EC20090193	Bacteria	domain	48
1036673	Paenibacillus mucilaginosus KNP414	Bacteria	domain	65
1380773	Streptococcus suis YB51	Bacteria	domain	34
1246955	Mycoplasmopsis cynos C142	Bacteria	domain	30
295358	Mesomycoplasma hyopneumoniae 232	Bacteria	domain	30
1071764	Chlamydia trachomatis F/SotonF3	Bacteria	domain	37
347834	Rhizobium etli CFN 42	Bacteria	domain	42
216596	Rhizobium johnstonii 3841	Bacteria	domain	43
1105094	Rickettsia prowazekii str. Chernikova	Bacteria	domain	33
595	Salmonella enterica subsp. enterica serovar Infantis	Bacteria	domain	48
743722	Sphingobacterium sp. 21	Bacteria	domain	41
869269	Streptococcus pneumoniae INV104	Bacteria	domain	34
246197	Myxococcus xanthus DK 1622	Bacteria	domain	57
164330	Thauera aminoaromatica	Bacteria	domain	47
666714	Treponema pallidum subsp. pallidum str. Chicago	Bacteria	domain	43
1184252	Streptococcus suis S735	Bacteria	domain	35
672190	Streptococcus suis 05HAS68	Bacteria	domain	34
471876	Streptococcus pyogenes NZ131	Bacteria	domain	34
889933	Staphylococcus aureus subsp. aureus ECT-R 2	Bacteria	domain	41
1392476	Staphylococcus aureus subsp. aureus 6850	Bacteria	domain	43
1335757	Spiribacter curvatus	Bacteria	domain	43
384676	Pseudomonas entomophila L48	Bacteria	domain	43
1321370	Idiomarina loihiensis GSL 199	Bacteria	domain	40
657321	Ruminococcus bromii L2-63	Bacteria	domain	34
984262	Saprospira grandis str. Lewin	Bacteria	domain	40
326297	Shewanella amazonensis SB2B	Bacteria	domain	43
452662	Sphingobium indicum UT26S	Bacteria	domain	48
282459	Staphylococcus aureus subsp. aureus MSSA476	Bacteria	domain	41
1368166	Staphylococcus aureus subsp. aureus SA268	Bacteria	domain	41
391295	Streptococcus suis 05ZYH33	Bacteria	domain	34
326298	Sulfurimonas denitrificans DSM 1251	Bacteria	domain	37
661367	Legionella longbeachae NSW150	Bacteria	domain	40
1105107	Rickettsia canadensis str. CA410	Bacteria	domain	33
1356852	Hymenobacter sp. APR13	Bacteria	domain	38
29343	[Clostridium] cellulosi	Bacteria	domain	47
637910	Citrobacter rodentium ICC168	Bacteria	domain	46
291272	Candidatus Blochmanniella pennsylvanica str. BPEN	Bacteria	domain	39
1249664	Burkholderia thailandensis 34	Bacteria	domain	45
1001534	Francisella tularensis subsp. tularensis TI0902	Bacteria	domain	33
1333849	Enterobacter hormaechei subsp. hoffmannii ECR091	Bacteria	domain	48
1138308	Cronobacter sakazakii ES15	Bacteria	domain	48
907269	Chlamydia trachomatis RC-F(s)/342	Bacteria	domain	37
1199191	Legionella pneumophila subsp. pneumophila str. Thunder Bay	Bacteria	domain	35
360118	Burkholderia pseudomallei 406e	Bacteria	domain	46
1041504	Candidatus Arthromitus sp. SFB-rat-Yit	Bacteria	domain	33
164756	Mycobacterium sp. MCS	Bacteria	domain	47
2103	Mycoplasma mycoides subsp. mycoides	Bacteria	domain	30
480	Moraxella catarrhalis	Bacteria	domain	37
1541959	Candidatus Izimoplasma sp. HR1	Bacteria	domain	31
243233	Methylococcus capsulatus str. Bath	Bacteria	domain	44
637381	Listeria monocytogenes 08-5923	Bacteria	domain	44
1266845	Carnobacterium inhibens subsp. gilichinskyi	Bacteria	domain	41
1007105	Pusillimonas sp. T7-7	Bacteria	domain	44
1434770	Chlamydia muridarum str. Nigg3 CMUT3-5	Bacteria	domain	37
1100832	Chlamydia trachomatis E/C599	Bacteria	domain	37
2716812	Candidatus Protofrankia datiscae	Bacteria	domain	45
699034	Clostridioides difficile BI1	Bacteria	domain	36
1114969	Cutibacterium acnes TypeIA2 P.acn31	Bacteria	domain	45
1123016	Stutzerimonas balearica DSM 6083	Bacteria	domain	44
2703885	Rahnella aceris	Bacteria	domain	47
859656	Ralstonia solanacearum CFBP2957	Bacteria	domain	45
700598	Niastella koreensis GR20-10	Bacteria	domain	55
696406	Escherichia coli UMNK88	Bacteria	domain	53
254945	Ehrlichia ruminantium str. Welgevonden	Bacteria	domain	37
756499	Desulfitobacterium dehalogenans ATCC 51507	Bacteria	domain	49
319795	Deinococcus geothermalis DSM 11300	Bacteria	domain	46
1293501	Coxiella burnetii Z3055	Bacteria	domain	42
1071776	Chlamydia trachomatis L2b/CV204	Bacteria	domain	37
759364	Chlamydia trachomatis D-LC	Bacteria	domain	37
1202538	Candidatus Carsonella ruddii HC isolate Thao2000	Bacteria	domain	21
243160	Burkholderia mallei ATCC 23344	Bacteria	domain	46
63186	Zobellia galactanivorans	Bacteria	domain	34
929713	Niabella soli DSM 19437	Bacteria	domain	39
1403316	Mycoplasma parvum str. Indiana	Bacteria	domain	31
216594	Mycobacterium marinum M	Bacteria	domain	46
561275	Mycobacterium tuberculosis variant bovis BCG str. Tokyo 172	Bacteria	domain	45
1001714	Mycobacteroides abscessus subsp. massiliense CCUG 48898 = JCM 15300	Bacteria	domain	47
593588	Vibrio cholerae MJ-1236	Bacteria	domain	53
465515	Micrococcus luteus NCTC 2665	Bacteria	domain	45
390874	Thermotoga petrophila RKU-1	Bacteria	domain	46
525898	Sulfurospirillum deleyianum DSM 6946	Bacteria	domain	40
355276	Leptospira borgpetersenii serovar Hardjo-bovis str. L550	Bacteria	domain	37
517417	Chlorobaculum parvum NCIB 8327	Bacteria	domain	44
991791	Clostridium acetobutylicum DSM 1731	Bacteria	domain	44
1249653	Ehrlichia chaffeensis str. Liberty	Bacteria	domain	36
717231	Flexistipes sinusarabici DSM 4947	Bacteria	domain	42
1267021	Frischella perrara	Bacteria	domain	40
684950	Helicobacter pylori 52	Bacteria	domain	36
1295826	Lactococcus cremoris subsp. cremoris KW2	Bacteria	domain	38
1081095	Legionella pneumophila subsp. pneumophila str. Hextuple_3a	Bacteria	domain	39
999552	Leisingera methylohalidivorans DSM 14336	Bacteria	domain	44
521096	Tsukamurella paurometabola DSM 20162	Bacteria	domain	46
956483	Mycoplasmopsis bovis Hubei-1	Bacteria	domain	34
1299326	Mycobacterium kansasii 662	Bacteria	domain	46
645462	Clostridioides difficile CD196	Bacteria	domain	36
428406	Ralstonia pickettii 12D	Bacteria	domain	44
648995	Agrobacterium pusense	Bacteria	domain	42
1276221	Spiroplasma diminutum CUAS-1	Bacteria	domain	28
574093	Streptococcus pneumoniae AP200	Bacteria	domain	38
1419814	Streptococcus sp. VT 162	Bacteria	domain	32
1051646	Vibrio tubiashii ATCC 19109	Bacteria	domain	40
1274814	Escherichia coli APEC O78	Bacteria	domain	46
651822	Fretibacterium fastidiosum	Bacteria	domain	41
1001542	Francisella tularensis subsp. tularensis TIGB03	Bacteria	domain	33
1116231	Streptococcus macedonicus ACA-DC 198	Bacteria	domain	40
1100833	Chlamydia trachomatis F/SWFPminus	Bacteria	domain	37
1453989	Campylobacter lari RM16701	Bacteria	domain	34
1504981	Halomonas sp. KO116	Bacteria	domain	42
1313290	Erysipelothrix rhusiopathiae SY1027	Bacteria	domain	35
1249655	Ehrlichia chaffeensis str. Saint Vincent	Bacteria	domain	36
216432	Croceibacter atlanticus HTCC2559	Bacteria	domain	31
395961	Cyanothece sp. PCC 7425	Bacteria	domain	43
1245474	Escherichia coli ER2796	Bacteria	domain	50
657319	[Eubacterium] siraeum 70/3	Bacteria	domain	38
402612	Flavobacterium psychrophilum JIP02/86	Bacteria	domain	33
926556	Echinicola vietnamensis DSM 17526	Bacteria	domain	37
471223	Geobacillus sp. WCH70	Bacteria	domain	63
765962	Helicobacter pylori SJM180	Bacteria	domain	36
420889	Lactococcus garvieae ATCC 49156	Bacteria	domain	42
552536	Listeria monocytogenes HCC23	Bacteria	domain	48
557599	Mycobacterium kansasii ATCC 12478	Bacteria	domain	46
300267	Shigella dysenteriae Sd197	Bacteria	domain	55
682634	Serratia plymuthica 4Rx13	Bacteria	domain	48
557760	Cereibacter sphaeroides KD131	Bacteria	domain	45
908937	Prevotella dentalis DSM 3688	Bacteria	domain	47
93221	Pandoraea pulmonicola	Bacteria	domain	53
1536775	Paenibacillus sp. FSL H7-0737	Bacteria	domain	53
478435	Mycobacterium tuberculosis KZN 605	Bacteria	domain	45
1134687	Klebsiella michiganensis	Bacteria	domain	70
1159203	Mycoplasmoides gallisepticum CA06_2006.052-5-2P	Bacteria	domain	32
762550	Leuconostoc gasicomitatum LMG 18811	Bacteria	domain	40
765910	Marichromatium purpuratum 984	Bacteria	domain	46
202752	Listeria ivanovii subsp. londoniensis	Bacteria	domain	44
1075086	Chlamydia trachomatis L2b/Canada2	Bacteria	domain	37
471473	Chlamydia trachomatis L2b/UCH-1/proctitis	Bacteria	domain	37
1071783	Chlamydia trachomatis L3/404/LN	Bacteria	domain	37
1531429	Berryella intestinalis	Bacteria	domain	46
355277	Leptospira borgpetersenii serovar Hardjo-bovis str. JB197	Bacteria	domain	37
1055528	Helicobacter pylori Puno120	Bacteria	domain	36
585423	Synechococcus sp. KORDI-49	Bacteria	domain	41
1408887	Brucella canis str. Oliveri	Bacteria	domain	44
1104321	Brucella canis HSK A52141	Bacteria	domain	44
670487	Oceanithermus profundus DSM 14977	Bacteria	domain	45
509193	Thermoanaerobacter brockii subsp. finnii Ako-1	Bacteria	domain	49
1004951	Streptococcus suis ST1	Bacteria	domain	35
546271	Selenomonas sputigena ATCC 35185	Bacteria	domain	48
1064551	Salmonella enterica subsp. enterica serovar Thompson str. RM6836	Bacteria	domain	46
1320309	Salmonella enterica subsp. enterica serovar Bovismorbificans str. 3114	Bacteria	domain	46
292414	Ruegeria sp. TM1040	Bacteria	domain	41
246200	Ruegeria pomeroyi DSS-3	Bacteria	domain	43
1105112	Rickettsia massiliae str. AZT80	Bacteria	domain	33
1123863	Pantoea ananatis LMG 5342	Bacteria	domain	44
225937	Marinobacter adhaerens HP15	Bacteria	domain	39
36855	Brucella canis	Bacteria	domain	46
203123	Oenococcus oeni PSU-1	Bacteria	domain	42
698965	Corynebacterium diphtheriae CDCE 8392	Bacteria	domain	43
1229831	Chlamydia avium 10DC88	Bacteria	domain	38
1208918	Candidatus Kinetoplastidibacterium crithidiae TCC036E	Bacteria	domain	39
407148	Campylobacter jejuni subsp. jejuni 81116	Bacteria	domain	34
273119	Ureaplasma parvum serovar 3 str. ATCC 700970	Bacteria	domain	30
1054460	Streptococcus pseudopneumoniae IS7493	Bacteria	domain	35
519441	Streptobacillus moniliformis DSM 12112	Bacteria	domain	28
399804	Shewanella putrefaciens 200	Bacteria	domain	45
984211	Salmonella enterica subsp. enterica serovar Anatum str. ATCC BAA-1592	Bacteria	domain	49
1001585	Ectopseudomonas mendocina NK-01	Bacteria	domain	42
244	Planomicrobium okeanokoites	Bacteria	domain	39
1416914	Pandoraea pnomenusa 3kgm	Bacteria	domain	45
1134456	Vibrio cholerae IEC224	Bacteria	domain	53
63737	Nostoc punctiforme PCC 73102	Bacteria	domain	67
1116211	Mesomycoplasma hyopneumoniae 168-L	Bacteria	domain	30
1397850	Mycoplasmopsis californica HAZ160_1	Bacteria	domain	31
267671	Leptospira interrogans serovar Copenhageni str. Fiocruz L1-130	Bacteria	domain	37
1382927	Helicobacter pylori oki898	Bacteria	domain	36
1322345	Escherichia coli ATCC 25922	Bacteria	domain	48
1505	Paraclostridium sordellii	Bacteria	domain	38
1415774	Clostridium botulinum 202F	Bacteria	domain	41
520455	Brucella abortus bv. 9 str. C68	Bacteria	domain	48
430066	Brucella abortus S19	Bacteria	domain	47
483179	Brucella canis ATCC 23365	Bacteria	domain	44
2654982	Paraburkholderia atlantica	Bacteria	domain	55
585035	Escherichia coli S88	Bacteria	domain	54
585034	Escherichia coli IAI1	Bacteria	domain	47
758831	Escherichia coli ECC-1470	Bacteria	domain	50
1104326	Enterobacter cloacae subsp. dissolvens SDM	Bacteria	domain	45
561229	Dickeya chrysanthemi Ech1591	Bacteria	domain	47
485916	Desulfofarcimen acetoxidans DSM 771	Bacteria	domain	57
434924	Coxiella burnetii CbuK_Q154	Bacteria	domain	42
1071774	Chlamydia trachomatis L2b/UCH-2	Bacteria	domain	37
327160	Candidatus Accumulibacter phosphatis	Bacteria	domain	43
1249660	Burkholderia thailandensis 2002721643	Bacteria	domain	46
546272	Brucella melitensis ATCC 23457	Bacteria	domain	46
1347342	Formosa agariphila KMM 3901	Bacteria	domain	33
134537	Paraburkholderia fungorum	Bacteria	domain	48
520465	Brucella melitensis bv. 2 str. 63/9	Bacteria	domain	48
520466	Brucella melitensis bv. 3 str. Ether	Bacteria	domain	46
941967	Brucella melitensis M28	Bacteria	domain	46
703352	Brucella melitensis M5-90	Bacteria	domain	47
66084	Wolbachia sp. wRi	Bacteria	domain	33
914149	Vibrio cholerae O1 str. 2010EL-1786	Bacteria	domain	46
491079	Treponema pallidum subsp. pertenue str. CDC2	Bacteria	domain	43
32049	Picosynechococcus sp. PCC 7002	Bacteria	domain	40
585143	Staphylococcus aureus subsp. aureus 55/2053	Bacteria	domain	38
1196094	Snodgrassella alvi wkB2	Bacteria	domain	42
1214179	Streptococcus suis 6407	Bacteria	domain	36
634177	Komagataeibacter medellinensis NBRC 3288	Bacteria	domain	45
1125630	Klebsiella pneumoniae subsp. pneumoniae HS11286	Bacteria	domain	48
1311573	Helicobacter pylori UM032	Bacteria	domain	36
1055532	Helicobacter pylori Aklavik86	Bacteria	domain	36
658599	Chlamydia trachomatis L2tet1	Bacteria	domain	37
1071753	Chlamydia trachomatis A/363	Bacteria	domain	37
1385720	Campylobacter jejuni subsp. jejuni NCTC 11168-K12E5	Bacteria	domain	34
768670	Calditerrivibrio nitroreducens DSM 19672	Bacteria	domain	39
688354	Campylobacter fetus subsp. venerealis str. 84-112	Bacteria	domain	37
1423891	Brucella ceti TE10759-12	Bacteria	domain	44
631	Yersinia intermedia	Bacteria	domain	46
767462	Lactobacillus helveticus H10	Bacteria	domain	48
929556	Solitalea canadensis DSM 3403	Bacteria	domain	42
1407053	Brucella ceti TE28753-12	Bacteria	domain	44
344609	Shigella boydii CDC 3083-94	Bacteria	domain	63
458817	Shewanella halifaxensis HAW-EB4	Bacteria	domain	41
1194154	Salmonella enterica subsp. enterica serovar Bredeney str. CFSAN001080	Bacteria	domain	49
1437856	Mycobacterium tuberculosis H37RvSiena	Bacteria	domain	45
859194	Mycoplasma haemofelis Ohio2	Bacteria	domain	29
1420916	Marinobacter similis	Bacteria	domain	39
1046624	Lactococcus lactis subsp. lactis IO-1	Bacteria	domain	42
1308980	Klebsiella michiganensis HKOPL1	Bacteria	domain	50
594679	Allofrancisella guangzhouensis	Bacteria	domain	31
907267	Chlamydia trachomatis RC-J/953	Bacteria	domain	37
1282358	Shigella flexneri Shi06HN006	Bacteria	domain	57
1354240	Riemerella anatipestifer CH3	Bacteria	domain	33
1495331	Pseudomonas sp. WCS374	Bacteria	domain	46
702113	Novosphingobium sp. PP1Y	Bacteria	domain	46
350058	Mycolicibacterium vanbaalenii PYR-1	Bacteria	domain	46
262719	Mesomycoplasma hyopneumoniae J	Bacteria	domain	30
321956	Lactobacillus delbrueckii subsp. bulgaricus ATCC BAA-365	Bacteria	domain	47
547146	Hydrogenobaculum sp. SN	Bacteria	domain	43
498761	Heliomicrobium modesticaldum Ice1	Bacteria	domain	64
1198114	Granulicella tundricola MP5ACTX9	Bacteria	domain	46
526225	Geodermatophilus obscurus DSM 43160	Bacteria	domain	47
351581	Francisella tularensis subsp. holarctica FSC200	Bacteria	domain	34
1207470	Streptococcus pyogenes M1 476	Bacteria	domain	36
1071778	Chlamydia trachomatis L2b/Ams1	Bacteria	domain	37
91844	Candidatus Portiera aleyrodidarum	Bacteria	domain	91
387662	Candidatus Carsonella ruddii PV	Bacteria	domain	25
244581	Candidatus Paracaedimonas acanthamoebae	Bacteria	domain	42
1249473	Burkholderia pseudomallei MSHR491	Bacteria	domain	46
350701	Burkholderia dolosa AU0158	Bacteria	domain	47
765964	Helicobacter pylori Cuz20	Bacteria	domain	37
314724	Borrelia turicatae 91E135	Bacteria	domain	31
1398491	Borreliella valaisiana Tom4006	Bacteria	domain	32
445987	Borreliella valaisiana VS116	Bacteria	domain	33
446465	Brachybacterium faecium DSM 4810	Bacteria	domain	47
718251	Edwardsiella tarda FL6-60	Bacteria	domain	48
267748	Mycoplasma mobile 163K	Bacteria	domain	28
347256	Metamycoplasma hominis ATCC 23114	Bacteria	domain	33
243243	Mycobacterium avium 104	Bacteria	domain	46
1229758	Leuconostoc carnosum JB16	Bacteria	domain	40
423212	Legionella pneumophila 2300/99 Alcoy	Bacteria	domain	41
557433	Limosilactobacillus reuteri subsp. reuteri JCM 1112	Bacteria	domain	47
717785	Hyphomicrobium sp. MC1	Bacteria	domain	48
412418	Borrelia recurrentis A1	Bacteria	domain	32
1227739	Hymenobacter swuensis DY53	Bacteria	domain	39
1334187	Haemophilus influenzae KR494	Bacteria	domain	39
362663	Escherichia coli 536	Bacteria	domain	45
565034	Brachyspira hyodysenteriae WA1	Bacteria	domain	32
672161	Chlamydia trachomatis B/TZ1A828/OT	Bacteria	domain	37
1194424	Zymomonas mobilis subsp. mobilis NRRL B-12526	Bacteria	domain	44
655815	Zunongwangia profunda SM-A87	Bacteria	domain	35
1437823	Xenorhabdus nematophila AN6/1	Bacteria	domain	47
366649	Xanthomonas citri pv. fuscans	Bacteria	domain	48
693153	Vibrio atlanticus	Bacteria	domain	41
765911	Thiocystis violascens DSM 198	Bacteria	domain	46
698948	Thermoanaerobacterium thermosaccharolyticum M0795	Bacteria	domain	47
751945	Thermus oshimai JL-2	Bacteria	domain	50
743973	Taylorella equigenitalis ATCC 35865	Bacteria	domain	35
321332	Synechococcus sp. JA-2-3B'a(2-13)	Bacteria	domain	43
869209	Treponema succinifaciens DSM 2489	Bacteria	domain	44
1006551	Klebsiella michiganensis KCTC 1686	Bacteria	domain	50
1349767	Janthinobacterium agaricidamnosum NBRC 102515 = DSM 9628	Bacteria	domain	47
743718	Isoptericola variabilis 225	Bacteria	domain	47
1055531	Helicobacter pylori Aklavik117	Bacteria	domain	36
537971	Helicobacter cinaedi CCUG 18818 = ATCC BAA-847	Bacteria	domain	38
1423892	Ehrlichia muris AS145	Bacteria	domain	36
526222	Maridesulfovibrio salexigens DSM 2638	Bacteria	domain	48
1224163	Corynebacterium maris DSM 45190	Bacteria	domain	48
1218353	Chlamydia psittaci GR9	Bacteria	domain	38
2093824	Nanosynbacter lyticus	Bacteria	domain	42
1412454	Salmonella enterica subsp. enterica serovar Enteritidis str. EC20090698	Bacteria	domain	47
1205674	Mycobacterium canetti CIPT 140070010	Bacteria	domain	45
580340	Thermovirga lienii DSM 17291	Bacteria	domain	47
681288	Staphylococcus aureus subsp. aureus ED98	Bacteria	domain	42
520454	Brucella abortus bv. 6 str. 870	Bacteria	domain	47
74547	Prochlorococcus marinus str. MIT 9313	Bacteria	domain	42
1218933	Pectobacterium carotovorum subsp. carotovorum PCC21	Bacteria	domain	48
402881	Parvibaculum lavamentivorans DS-1	Bacteria	domain	45
1238993	Mycoplasmoides pneumoniae M129-B7	Bacteria	domain	34
757424	Herbaspirillum seropedicae SmR1	Bacteria	domain	42
1129794	Paraglaciecola psychrophila 170	Bacteria	domain	36
1412834	Escherichia coli FAP1	Bacteria	domain	51
1074485	Corynebacterium pseudotuberculosis 316	Bacteria	domain	44
1245469	Bradyrhizobium oligotrophicum S58	Bacteria	domain	49
1045858	Brachyspira intermedia PWS/A	Bacteria	domain	32
526224	Brachyspira murdochii DSM 12563	Bacteria	domain	33
759914	Brachyspira pilosicoli 95/1000	Bacteria	domain	31
1133568	Brachyspira pilosicoli B2904	Bacteria	domain	31
1042417	Brachyspira pilosicoli P43/6/78	Bacteria	domain	31
1161918	Brachyspira pilosicoli WesB	Bacteria	domain	31
342109	Xanthomonas oryzae pv. oryzae MAFF 311018	Bacteria	domain	47
78245	Xanthobacter versatilis	Bacteria	domain	45
375	Bradyrhizobium japonicum	Bacteria	domain	49
476282	Bradyrhizobium japonicum SEMIA 5079	Bacteria	domain	47
1037409	Bradyrhizobium japonicum USDA 6	Bacteria	domain	49
698969	Corynebacterium diphtheriae HC03	Bacteria	domain	41
114615	Bradyrhizobium sp. ORS 278	Bacteria	domain	47
1404864	Bradyrhizobium cosmicum	Bacteria	domain	47
358681	Brevibacillus brevis NBRC 100599	Bacteria	domain	51
1042163	Brevibacillus laterosporus LMG 15441	Bacteria	domain	50
633149	Brevundimonas subvibrioides ATCC 15264	Bacteria	domain	43
359391	Brucella abortus 2308	Bacteria	domain	47
1104320	Brucella abortus A13334	Bacteria	domain	47
262698	Brucella abortus bv. 1 str. 9-941	Bacteria	domain	47
520450	Brucella abortus bv. 2 str. 86/8/59	Bacteria	domain	48
40318	Streptomyces nodosus	Bacteria	domain	55
365044	Polaromonas naphthalenivorans CJ2	Bacteria	domain	42
1391728	Helicobacter pylori 26695-1CH	Bacteria	domain	36
553199	Cutibacterium acnes SK137	Bacteria	domain	45
1075089	Pasteurella multocida 36950	Bacteria	domain	36
550	Enterobacter cloacae	Bacteria	domain	58
712898	Pantoea vagans C9-1	Bacteria	domain	43
694427	Paludibacter propionicigenes WB4	Bacteria	domain	42
491952	Marinomonas posidonica IVIA-Po-181	Bacteria	domain	39
881621	Listeria ivanovii subsp. ivanovii PAM 55	Bacteria	domain	45
941322	Escherichia coli O25b:H4-ST131	Bacteria	domain	49
634464	Chlamydia trachomatis Sweden2	Bacteria	domain	37
907266	Chlamydia trachomatis RC-J/943	Bacteria	domain	37
1105111	Rickettsia amblyommatis str. GAT-30V	Bacteria	domain	33
158836	Enterobacter hormaechei	Bacteria	domain	43
885275	Escherichia coli str. 'clone D i14'	Bacteria	domain	51
365046	Ramlibacter tataouinensis TTB310	Bacteria	domain	42
907240	Helicobacter pylori Gambia94/24	Bacteria	domain	36
1382923	Helicobacter pylori oki154	Bacteria	domain	36
1155071	Streptococcus mutans LJ23	Bacteria	domain	36
862968	Streptococcus constellatus subsp. pharyngis C818	Bacteria	domain	37
300268	Shigella boydii Sb227	Bacteria	domain	58
323850	Shewanella loihica PV-4	Bacteria	domain	41
82996	Serratia plymuthica	Bacteria	domain	41
671990	Serratia sp. FGI94	Bacteria	domain	48
657315	Roseburia intestinalis M50/1	Bacteria	domain	43
269796	Rhodospirillum rubrum ATCC 11170	Bacteria	domain	45
390235	Pseudomonas putida W619	Bacteria	domain	44
561231	Pectobacterium parmentieri WPP163	Bacteria	domain	48
595499	Candidatus Karelsulcia muelleri SMDSEM	Bacteria	domain	28
546342	Staphylococcus aureus subsp. aureus str. JKD6008	Bacteria	domain	38
394	Sinorhizobium fredii NGR234	Bacteria	domain	47
1234380	Cutibacterium acnes C1	Bacteria	domain	45
1198627	Mycobacteroides abscessus subsp. massiliense str. GO 06	Bacteria	domain	46
481448	Methylacidiphilum infernorum V4	Bacteria	domain	46
504728	Meiothermus ruber DSM 1279	Bacteria	domain	46
1193292	Klebsiella pneumoniae subsp. pneumoniae 1084	Bacteria	domain	48
585396	Escherichia coli O111:H- str. 11128	Bacteria	domain	63
709986	Deinococcus maricopensis DSM 21211	Bacteria	domain	45
1071760	Chlamydia trachomatis E/SotonE4	Bacteria	domain	37
564418	Chlamydia trachomatis 70	Bacteria	domain	37
946483	Candidatus Symbiobacter mobilis CR	Bacteria	domain	42
246196	Mycolicibacterium smegmatis MC2 155	Bacteria	domain	47
1249661	Burkholderia thailandensis MSMB121	Bacteria	domain	43
398577	Burkholderia ambifaria MC40-6	Bacteria	domain	47
1469502	Burkholderiales bacterium GJ-E10	Bacteria	domain	43
478547	Campylobacter jejuni subsp. jejuni CG8421	Bacteria	domain	35
1218358	Chlamydia psittaci WC	Bacteria	domain	38
1249468	Burkholderia pseudomallei NCTC 13178	Bacteria	domain	46
340177	Chlorobium chlorochromatii CaD3	Bacteria	domain	45
290339	Cronobacter sakazakii ATCC BAA-894	Bacteria	domain	48
349161	Desulforamulus reducens MI-1	Bacteria	domain	51
1249656	Ehrlichia chaffeensis str. Wakulla	Bacteria	domain	36
399599	Shewanella baltica OS195	Bacteria	domain	45
316055	Rhodopseudomonas palustris BisA53	Bacteria	domain	46
509190	Caulobacter segnis ATCC 21756	Bacteria	domain	44
386043	Listeria welshimeri serovar 6b str. SLCC5334	Bacteria	domain	45
259536	Psychrobacter arcticus 273-4	Bacteria	domain	35
202751	Listeria ivanovii subsp. ivanovii	Bacteria	domain	44
679897	Helicobacter mustelae 12198	Bacteria	domain	36
411154	Christiangramia forsetii KT0803	Bacteria	domain	35
1087448	Exiguobacterium antarcticum B7	Bacteria	domain	47
413997	Escherichia coli B str. REL606	Bacteria	domain	46
1133853	Escherichia coli O104:H4 str. 2009EL-2071	Bacteria	domain	56
465817	Erwinia tasmaniensis Et1/99	Bacteria	domain	43
1321945	Coxiella burnetii str. Namibia	Bacteria	domain	42
1097677	Clavibacter nebraskensis NCPPB 2581	Bacteria	domain	45
596777	Chlamydia trachomatis E/Bour	Bacteria	domain	37
2113	Mycoplasmopsis californica	Bacteria	domain	31
1234679	Carnobacterium maltaromaticum LMA28	Bacteria	domain	42
696127	Candidatus Midichloria mitochondrii IricVA	Bacteria	domain	35
1449978	Burkholderia vietnamiensis LMG 10929	Bacteria	domain	47
1032845	Rickettsia conorii subsp. heilongjiangensis 054	Bacteria	domain	33
1294273	Roseicyclus elongatus DSM 19469	Bacteria	domain	41
639283	Ancylobacter novellus DSM 506	Bacteria	domain	46
1116375	Vibrio sp. EJY3	Bacteria	domain	45
300852	Thermus thermophilus HB8	Bacteria	domain	47
635013	Thermincola carboxydiphila JR	Bacteria	domain	44
1051632	Sulfobacillus acidophilus TPY	Bacteria	domain	51
869304	Streptococcus pneumoniae SPN034183	Bacteria	domain	35
862969	Streptococcus constellatus subsp. pharyngis C1050	Bacteria	domain	37
1263550	Edwardsiella piscicida	Bacteria	domain	47
930782	Listeria monocytogenes J1-220	Bacteria	domain	45
1432056	Mannheimia sp. USDA-ARS-USMARC-1261	Bacteria	domain	36
1159197	Mycoplasmoides gallisepticum VA94_7994-1-7P	Bacteria	domain	32
521006	Neisseria gonorrhoeae NCCP11945	Bacteria	domain	44
941640	Mycoplasma haemofelis str. Langford 1	Bacteria	domain	29
86660	Mesomycoplasma dispar	Bacteria	domain	32
856793	Micavibrio aeruginosavorus ARL-13	Bacteria	domain	39
441620	Methylorubrum populi BJ001	Bacteria	domain	44
1408186	Lactobacillus johnsonii N6.2	Bacteria	domain	45
759362	Ketogulonicigenium vulgare WSH-001	Bacteria	domain	45
1403831	Escherichia coli str. K-12 substr. MC4100	Bacteria	domain	48
1338011	Elizabethkingia anophelis NUHP1	Bacteria	domain	36
339670	Burkholderia ambifaria AMMD	Bacteria	domain	48
313590	Dokdonia sp. MED134	Bacteria	domain	32
1071761	Chlamydia trachomatis E/SotonE8	Bacteria	domain	37
707184	Chlamydia trachomatis E/150	Bacteria	domain	37
1071758	Chlamydia trachomatis D/SotonD6	Bacteria	domain	37
1112267	Chlamydia psittaci 08DC60	Bacteria	domain	38
1408274	Pseudomonas aeruginosa LESlike1	Bacteria	domain	45
994484	Pseudomonas brassicacearum subsp. brassicacearum NFM421	Bacteria	domain	40
550538	Salmonella enterica subsp. enterica serovar Gallinarum str. 287/91	Bacteria	domain	50
926034	Salmonella enterica subsp. enterica serovar Enteritidis str. 77-1427	Bacteria	domain	52
416276	Rickettsia massiliae MTU5	Bacteria	domain	33
395492	Rhizobium leguminosarum bv. trifolii WSM2304	Bacteria	domain	44
512564	Mycoplasma crocodyli MP145	Bacteria	domain	33
862259	Mycoplasma mycoides subsp. capri LC str. 95010	Bacteria	domain	29
1379870	Spirosoma radiotolerans	Bacteria	domain	39
983917	Rubrivivax gelatinosus IL144	Bacteria	domain	45
1271752	Riemerella anatipestifer RA-CH-2	Bacteria	domain	34
414684	Rhodospirillum centenum SW	Bacteria	domain	44
431947	Porphyromonas gingivalis ATCC 33277	Bacteria	domain	43
504832	Afipia carboxidovorans OM5	Bacteria	domain	48
563178	Buchnera aphidicola str. 5A (Acyrthosiphon pisum)	Bacteria	domain	32
1005090	Buchnera aphidicola str. Ak (Acyrthosiphon kondoi)	Bacteria	domain	32
372461	Buchnera aphidicola BCc	Bacteria	domain	30
261317	Buchnera aphidicola (Cinara tujafilina)	Bacteria	domain	30
1009859	Buchnera aphidicola str. F009 (Myzus persicae)	Bacteria	domain	32
1009858	Buchnera aphidicola str. G002 (Myzus persicae)	Bacteria	domain	32
1273687	Mycobacterium sp. VKM Ac-1817D	Bacteria	domain	53
522373	Stenotrophomonas maltophilia K279a	Bacteria	domain	49
648999	Micromonospora sp. L5	Bacteria	domain	49
882095	Listeria monocytogenes ATCC 19117	Bacteria	domain	45
111781	[Leptolyngbya] sp. PCC 7376	Bacteria	domain	40
568703	Lacticaseibacillus rhamnosus GG	Bacteria	domain	47
945713	Ignavibacterium album JCM 16511	Bacteria	domain	45
1407462	Helicobacter pylori BM012A	Bacteria	domain	36
693745	Helicobacter pylori B8	Bacteria	domain	36
657318	Agathobacter rectalis DSM 17629	Bacteria	domain	29
741093	Escherichia coli Xuzhou21	Bacteria	domain	61
907263	Chlamydia trachomatis RC-F/69	Bacteria	domain	37
354242	Campylobacter jejuni subsp. jejuni 81-176	Bacteria	domain	34
1439854	Burkholderia pseudomallei B03	Bacteria	domain	46
1088720	Lacticaseibacillus rhamnosus ATCC 8530	Bacteria	domain	47
1029825	Brucella melitensis NI	Bacteria	domain	48
568815	Brucella microti CCM 4915	Bacteria	domain	44
444178	Brucella ovis ATCC 25840	Bacteria	domain	46
120576	Brucella pinnipedialis	Bacteria	domain	44
666685	Rhodanobacter denitrificans	Bacteria	domain	44
54291	Klebsiella ornithinolytica	Bacteria	domain	46
1420599	Pseudomonas protegens Cab57	Bacteria	domain	42
1089456	Pseudomonas aeruginosa NCGM2.S1	Bacteria	domain	47
520461	Brucella pinnipedialis B2/94	Bacteria	domain	44
1526927	Planococcus sp. PAMC 21323	Bacteria	domain	38
324057	Paenibacillus sp. JDR-2	Bacteria	domain	45
1268635	Legionella oakridgensis ATCC 33761 = DSM 21215	Bacteria	domain	40
87883	Burkholderia multivorans	Bacteria	domain	45
443144	Geobacter sp. M21	Bacteria	domain	46
1071762	Chlamydia trachomatis F/SW4	Bacteria	domain	37
1306421	Burkholderia pseudomallei MSHR5855	Bacteria	domain	46
470137	Brucella suis ATCC 23445	Bacteria	domain	44
1004954	Brucella suis bv. 1 str. S2	Bacteria	domain	44
645170	Brucella suis bv. 2	Bacteria	domain	45
520487	Brucella suis bv. 3 str. 686	Bacteria	domain	45
1112912	Brucella suis VBI22	Bacteria	domain	44
1401256	Xylella fastidiosa MUL0034	Bacteria	domain	45
491078	Treponema pallidum subsp. pertenue str. SamoaD	Bacteria	domain	43
110662	Synechococcus sp. CC9605	Bacteria	domain	43
663954	Streptococcus dysgalactiae subsp. equisimilis ATCC 12394	Bacteria	domain	34
400668	Marinomonas sp. MWYL1	Bacteria	domain	40
697329	Hominimerdicola alba 7 = DSM 20455	Bacteria	domain	58
561501	Buchnera aphidicola str. Tuc7 (Acyrthosiphon pisum)	Bacteria	domain	32
321846	Pseudomonas simiae	Bacteria	domain	56
767031	Prevotella denticola F0289	Bacteria	domain	40
511062	Oceanimonas sp. GK1	Bacteria	domain	45
1386087	Neisseria meningitidis LNP21362	Bacteria	domain	43
604162	Neisseria meningitidis 8013	Bacteria	domain	44
1010836	Mycobacterium tuberculosis BT1	Bacteria	domain	45
1005057	Buchnera aphidicola str. Ua (Uroleucon ambrosiae)	Bacteria	domain	32
1009856	Buchnera aphidicola str. USDA (Myzus persicae)	Bacteria	domain	32
907287	Mesomycoplasma hyopneumoniae 168	Bacteria	domain	30
2732864	Modestobacter italicus	Bacteria	domain	47
1193576	Staphylococcus aureus subsp. aureus CN1	Bacteria	domain	40
456481	Leptospira biflexa serovar Patoc strain 'Patoc 1 (Paris)'	Bacteria	domain	35
1130798	Limosilactobacillus mucosae LM1	Bacteria	domain	49
573	Klebsiella pneumoniae	Bacteria	domain	54
290400	Jannaschia sp. CCS1	Bacteria	domain	41
290633	Gluconobacter oxydans 621H	Bacteria	domain	44
1072459	Escherichia coli O7:K1 str. CE10	Bacteria	domain	53
716540	Erwinia amylovora ATCC 49946	Bacteria	domain	44
577650	Desulfobulbus propionicus DSM 2032	Bacteria	domain	45
477974	Candidatus Desulforudis audaxviator MP104C	Bacteria	domain	43
218208	Desulfatibacillum aliphaticivorans	Bacteria	domain	53
567106	Campylobacter jejuni subsp. jejuni IA3902	Bacteria	domain	34
1009857	Buchnera aphidicola str. W106 (Myzus persicae)	Bacteria	domain	32
487	Neisseria meningitidis	Bacteria	domain	57
320388	Burkholderia mallei SAVP1	Bacteria	domain	45
686990	Treponema pallidum subsp. pallidum str. Mexico A	Bacteria	domain	43
1140	Synechococcus elongatus PCC 7942 = FACHB-805	Bacteria	domain	43
455632	Streptomyces griseus subsp. griseus NBRC 13350	Bacteria	domain	52
759913	Streptococcus dysgalactiae subsp. equisimilis AC-2713	Bacteria	domain	35
218493	Salmonella bongori NCTC 12419	Bacteria	domain	48
1357279	Pseudomonas syringae CC1557	Bacteria	domain	37
1147787	Pseudomonas aeruginosa PAO1H2O	Bacteria	domain	44
713600	Buchnera aphidicola str. JF98 (Acyrthosiphon pisum)	Bacteria	domain	31
713601	Buchnera aphidicola str. JF99 (Acyrthosiphon pisum)	Bacteria	domain	32
713603	Buchnera aphidicola str. LL01 (Acyrthosiphon pisum)	Bacteria	domain	32
338963	Syntrophotalea carbinolica DSM 2380	Bacteria	domain	46
886293	Singulisphaera acidiphila DSM 18658	Bacteria	domain	57
762051	Leuconostoc kimchii IMSNU 11154	Bacteria	domain	38
861299	Gemmatirosa kalamazoonensis	Bacteria	domain	48
595495	Escherichia coli KO11FL	Bacteria	domain	49
665029	Erwinia amylovora CFBP1430	Bacteria	domain	43
1201292	Enterococcus faecalis ATCC 29212	Bacteria	domain	42
765874	Corynebacterium pseudotuberculosis FRC41	Bacteria	domain	43
1548	Clostridium scatologenes	Bacteria	domain	42
593275	Buchnera aphidicola str. LSR1 (Acyrthosiphon pisum)	Bacteria	domain	32
713602	Buchnera aphidicola str. TLW03 (Acyrthosiphon pisum)	Bacteria	domain	32
391735	Verminephrobacter eiseniae EF01-2	Bacteria	domain	43
1155775	Treponema pallidum str. Fribourg-Blanc	Bacteria	domain	43
1246365	Streptococcus suis SC070731	Bacteria	domain	34
748727	Clostridium ljungdahlii DSM 13528	Bacteria	domain	46
1151116	Rahnella aquatilis HX2	Bacteria	domain	49
1215087	Pseudomonas putida S12	Bacteria	domain	42
452638	Polynucleobacter necessarius STIR1	Bacteria	domain	36
530564	Pirellula staleyi DSM 6068	Bacteria	domain	46
242231	Neisseria gonorrhoeae FA 1090	Bacteria	domain	45
1486262	Martelella endophytica	Bacteria	domain	44
1391726	Helicobacter pylori 26695-1	Bacteria	domain	36
936155	Helicobacter felis ATCC 49179	Bacteria	domain	37
349521	Hahella chejuensis KCTC 2396	Bacteria	domain	49
653937	Candidatus Francisella endociliophora	Bacteria	domain	32
657317	Agathobacter rectalis M104/1	Bacteria	domain	36
1435461	Escherichia coli KLY	Bacteria	domain	48
1005048	Collimonas fungivorans Ter331	Bacteria	domain	44
717773	Thiomicrospira cyclica ALM1	Bacteria	domain	35
1221877	Chlamydia psittaci 01DC12	Bacteria	domain	38
1343077	Candidatus Nasuia deltocephalinicola str. NAS-ALF	Bacteria	domain	26
1250339	Burkholderia thailandensis MSMB59	Bacteria	domain	44
788929	Xylella fastidiosa subsp. fastidiosa GB514	Bacteria	domain	45
56780	Syntrophus aciditrophicus SB	Bacteria	domain	48
1437447	Streptococcus mutans UA159-FR	Bacteria	domain	37
1074919	Staphylococcus aureus subsp. aureus ST228	Bacteria	domain	41
1105113	Rickettsia rhipicephali str. 3-7-female6-CWPP	Bacteria	domain	33
1124983	Pseudomonas protegens CHA0	Bacteria	domain	42
323848	Nitrosospira multiformis ATCC 25196	Bacteria	domain	43
1770	Mycobacterium avium subsp. paratuberculosis	Bacteria	domain	46
1420013	Klebsiella pneumoniae 30684/NJST258_2	Bacteria	domain	45
1085623	Brumicola nitratireducens FR1064	Bacteria	domain	36
1118964	Mesomycoplasma hyorhinis SK76	Bacteria	domain	29
1249658	Burkholderia pseudomallei PB08298010	Bacteria	domain	47
1009846	Burkholderia cepacia GG4	Bacteria	domain	44
748678	Yersinia pestis str. Pestoides B	Bacteria	domain	47
666	Vibrio cholerae	Bacteria	domain	54
55601	Vibrio anguillarum	Bacteria	domain	48
299768	Streptococcus thermophilus CNRZ1066	Bacteria	domain	35
523796	Staphylococcus aureus subsp. aureus ST398	Bacteria	domain	42
1412453	Salmonella enterica subsp. enterica serovar Enteritidis str. EC20090641	Bacteria	domain	48
985665	Paenibacillus terrae HPL-003	Bacteria	domain	45
1401325	Ornithobacterium rhinotracheale ORT-UMN 88	Bacteria	domain	32
1095685	Neisseria meningitidis M7124	Bacteria	domain	43
419947	Mycobacterium tuberculosis H37Ra	Bacteria	domain	45
212767	Mycobacterium sp. JS623	Bacteria	domain	46
35554	Geobacter sulfurreducens	Bacteria	domain	44
1064535	Megasphaera elsdenii DSM 20460	Bacteria	domain	50
444177	Lysinibacillus sphaericus C3-41	Bacteria	domain	42
523791	Kangiella koreensis DSM 16069	Bacteria	domain	36
573234	Candidatus Hodgkinia cicadicola Dsem	Bacteria	domain	13
1173022	Crinalium epipsammum PCC 9333	Bacteria	domain	42
1487956	Corynebacterium sp. ATCC 6931	Bacteria	domain	47
1451189	Corynebacterium falsenii DSM 44353	Bacteria	domain	46
1007871	Chlamydia trachomatis RC-J/971	Bacteria	domain	37
718219	Chlamydia trachomatis G/9301	Bacteria	domain	37
1208919	Candidatus Kinetoplastidibacterium desouzai TCC079E	Bacteria	domain	39
1306420	Burkholderia pseudomallei MSHR5848	Bacteria	domain	46
29486	Yersinia ruckeri	Bacteria	domain	46
865938	Weeksella virosa DSM 16922	Bacteria	domain	36
1208611	Salmonella enterica subsp. enterica serovar Abaetetuba str. ATCC 35640	Bacteria	domain	48
565655	Enterococcus casseliflavus EC20	Bacteria	domain	41
269484	Ehrlichia canis str. Jake	Bacteria	domain	36
469378	Cryptobacterium curtum DSM 15641	Bacteria	domain	46
1071773	Chlamydia trachomatis L2b/8200/07	Bacteria	domain	37
1071766	Chlamydia trachomatis Ia/SotonIa1	Bacteria	domain	37
1071755	Chlamydia trachomatis A/7249	Bacteria	domain	37
1183380	Campylobacter coli RM5611	Bacteria	domain	34
640512	Burkholderia sp. CCGE1003	Bacteria	domain	47
1454377	Yersinia frederiksenii Y225	Bacteria	domain	46
56458	Xanthomonas sacchari	Bacteria	domain	45
1219076	Vibrio alginolyticus NBRC 15630 = ATCC 17749	Bacteria	domain	40
1350461	Synechococcus elongatus UTEX 2973	Bacteria	domain	42
488223	Streptococcus pneumoniae P1031	Bacteria	domain	35
634956	Parageobacillus thermoglucosidasius C56-YS93	Bacteria	domain	59
452659	Rickettsia rickettsii str. Iowa	Bacteria	domain	33
220664	Pseudomonas protegens Pf-5	Bacteria	domain	42
1134454	Cutibacterium acnes HL096PA1	Bacteria	domain	45
932677	Pantoea ananatis AJ13355	Bacteria	domain	44
272632	Mycoplasma mycoides subsp. mycoides SC str. PG1	Bacteria	domain	30
1624	Ligilactobacillus salivarius	Bacteria	domain	48
1052004	Granulibacter bethesdensis CGDNIH3	Bacteria	domain	45
634499	Erwinia pyrifoliae Ep1/96	Bacteria	domain	42
693444	Enterobacteriaceae bacterium strain FGI 57	Bacteria	domain	48
1006576	Defluviitoga tunisiensis	Bacteria	domain	43
43989	Crocosphaera subtropica ATCC 51142	Bacteria	domain	39
292564	Cyanobium gracile PCC 6307	Bacteria	domain	42
889513	Corynebacterium pseudotuberculosis I19	Bacteria	domain	43
105219	Ralstonia mannitolilytica	Bacteria	domain	45
1071770	Chlamydia trachomatis L1/115	Bacteria	domain	37
1071768	Chlamydia trachomatis K/SotonK1	Bacteria	domain	37
979	Cellulophaga lytica	Bacteria	domain	31
641892	Candidatus Karelsulcia muelleri DMIN	Bacteria	domain	29
1235990	Candidatus Pantoea carbekii	Bacteria	domain	40
1208921	Candidatus Kinetoplastidibacterium galati TCC219	Bacteria	domain	39
367190	Yersinia similis	Bacteria	domain	51
129394	Xanthomonas oryzae pv. oryzicola	Bacteria	domain	49
747365	Thermodesulfobium narugense DSM 14796	Bacteria	domain	44
869215	Streptococcus pneumoniae OXC141	Bacteria	domain	35
1318633	Streptococcus iniae SF1	Bacteria	domain	32
1276257	Spiroplasma sabaudiense Ar-1343	Bacteria	domain	29
768493	Serratia sp. AS13	Bacteria	domain	49
1201032	Campylobacter jejuni subsp. jejuni PT14	Bacteria	domain	34
1042876	Pseudomonas putida S16	Bacteria	domain	43
1282356	Pseudomonas poae RE*1-1-14	Bacteria	domain	40
1367493	Pseudomonas aeruginosa PAO1-VE2	Bacteria	domain	44
658445	Photobacterium gaetbulicola Gung47	Bacteria	domain	49
1304873	Pasteurella multocida subsp. multocida OH4807	Bacteria	domain	38
189425	Paenibacillus graminis	Bacteria	domain	56
743971	Mesomycoplasma flocculare ATCC 27399	Bacteria	domain	30
644283	Micromonospora aurantiaca ATCC 27029	Bacteria	domain	49
1111678	Lactococcus cremoris subsp. cremoris UC509.9	Bacteria	domain	37
1321941	Helicobacter pylori UM298	Bacteria	domain	36
262727	Haemophilus influenzae R2846	Bacteria	domain	38
862964	Haemophilus influenzae 10810	Bacteria	domain	38
1248903	Escherichia coli O145:H28 str. RM12761	Bacteria	domain	57
93061	Staphylococcus aureus subsp. aureus NCTC 8325	Bacteria	domain	41
359786	Staphylococcus aureus subsp. aureus JH9	Bacteria	domain	41
484429	Sphingobium sp. YBL2	Bacteria	domain	46
690566	Sphingobium chlorophenolicum L-1	Bacteria	domain	47
316057	Rhodopseudomonas palustris BisB5	Bacteria	domain	47
518766	Rhodothermus marinus DSM 4252	Bacteria	domain	45
288705	Renibacterium salmoninarum ATCC 33209	Bacteria	domain	44
33033	Parvimonas micra	Bacteria	domain	30
44454	Mycobacterium avium subsp. avium	Bacteria	domain	46
682795	Granulicella mallensis MP5ACTX8	Bacteria	domain	47
391165	Granulibacter bethesdensis CGDNIH1	Bacteria	domain	45
1163389	Francisella orientalis str. Toba 04	Bacteria	domain	34
53442	Eubacterium callanderi	Bacteria	domain	39
467705	Streptococcus gordonii str. Challis substr. CH1	Bacteria	domain	36
306537	Corynebacterium jeikeium K411	Bacteria	domain	47
758678	Clostridium botulinum F str. 230613	Bacteria	domain	41
1071782	Chlamydia trachomatis L2b/Ams5	Bacteria	domain	37
1218354	Chlamydia psittaci MN	Bacteria	domain	38
1211776	Campylobacter jejuni subsp. jejuni NCTC 11168-BN148	Bacteria	domain	34
515622	Butyrivibrio proteoclasticus B316	Bacteria	domain	41
1353886	Caballeronia cordobensis	Bacteria	domain	48
1435372	Burkholderia pseudomallei MSHR3965	Bacteria	domain	47
649638	Truepera radiovictrix DSM 17093	Bacteria	domain	44
491080	Treponema pallidum subsp. pertenue str. Gauthier	Bacteria	domain	43
391296	Streptococcus suis 98HAH33	Bacteria	domain	36
370553	Streptococcus pyogenes MGAS2096	Bacteria	domain	34
745310	Sphingomonas sp. MM-1	Bacteria	domain	45
347253	Streptococcus salivarius JIM8777	Bacteria	domain	36
213554	Halomonas campaniensis	Bacteria	domain	42
656519	Halanaerobium hydrogeniformans	Bacteria	domain	40
395494	Gallionella capsiferriformans ES-2	Bacteria	domain	42
1033813	Escherichia coli NA114	Bacteria	domain	48
907272	Chlamydia trachomatis J/6276tet1	Bacteria	domain	37
1340853	Chlamydia trachomatis F/11-96	Bacteria	domain	37
580049	Chlamydia trachomatis B/Jali20/OT	Bacteria	domain	37
1218357	Chlamydia psittaci M56	Bacteria	domain	38
1266371	Candidatus Tremblaya phenacola PAVE	Bacteria	domain	31
1388750	Campylobacter lari CCUG 22395	Bacteria	domain	34
999541	Burkholderia gladioli BSR3	Bacteria	domain	47
555217	Zymomonas mobilis subsp. mobilis ATCC 10988	Bacteria	domain	44
451	Legionella micdadei	Bacteria	domain	40
1412587	Salmonella enterica subsp. enterica serovar Enteritidis str. EC20090195	Bacteria	domain	47
1440772	Streptococcus pyogenes STAB901	Bacteria	domain	35
585394	Roseburia hominis A2-183	Bacteria	domain	41
1150469	Pararhodospirillum photometricum DSM 122	Bacteria	domain	52
1484157	Pantoea sp. PSNIH2	Bacteria	domain	51
1454201	Nonlabens marinus S1-08	Bacteria	domain	33
1081094	Legionella pneumophila subsp. pneumophila str. Hextuple_2q	Bacteria	domain	39
767456	Lactobacillus helveticus H9	Bacteria	domain	44
573235	Escherichia coli O26:H11 str. 11368	Bacteria	domain	57
96561	Desulfosudis oleivorans Hxd3	Bacteria	domain	48
935697	Corynebacterium pseudotuberculosis CIP 52.97	Bacteria	domain	41
1144275	Corallococcus coralloides DSM 2259	Bacteria	domain	50
1218355	Chlamydia psittaci VS225	Bacteria	domain	38
1352354	Pseudomonas aeruginosa PAO581	Bacteria	domain	44
581103	Geobacillus sp. Y4.1MC1	Bacteria	domain	60
457405	Fusobacterium animalis 7_1	Bacteria	domain	35
1333851	Enterobacter hormaechei subsp. hoffmannii ECNIH3	Bacteria	domain	48
1432059	Dehalococcoides mccartyi CG1	Bacteria	domain	49
1071771	Chlamydia trachomatis L1/224	Bacteria	domain	37
608506	Caldicellulosiruptor obsidiansis OB47	Bacteria	domain	42
269482	Burkholderia vietnamiensis G4	Bacteria	domain	46
1211705	Vibrio parahaemolyticus BB22OP	Bacteria	domain	46
28173	Vibrio nigripulchritudo	Bacteria	domain	47
321327	Synechococcus sp. JA-3-3Ab	Bacteria	domain	43
487214	Streptococcus pneumoniae Hungary19A-6	Bacteria	domain	36
703339	Staphylococcus aureus 04-02981	Bacteria	domain	41
325240	Shewanella baltica OS155	Bacteria	domain	48
748449	Halobacteroides halobius DSM 5150	Bacteria	domain	54
290512	Prosthecochloris aestuarii DSM 271	Bacteria	domain	44
312153	Polynucleobacter asymbioticus QLW-P1DMWA-1	Bacteria	domain	38
1088721	Novosphingobium pentaromativorans US6-1	Bacteria	domain	45
457570	Natranaerobius thermophilus JW/NM-WN-LF	Bacteria	domain	43
1445606	Mycobacterium tuberculosis str. Kurono	Bacteria	domain	45
943945	Mycoplasmopsis fermentans M64	Bacteria	domain	36
880633	Lactobacillus helveticus R0052	Bacteria	domain	44
712938	Limosilactobacillus fermentum CECT 5716	Bacteria	domain	42
866346	Helicobacter pylori F57	Bacteria	domain	36
198628	Dickeya dadantii 3937	Bacteria	domain	47
662755	Corynebacterium resistens DSM 45100	Bacteria	domain	46
1168865	Corynebacterium pseudotuberculosis 258	Bacteria	domain	43
1232383	Corynebacterium glutamicum SCgG2	Bacteria	domain	45
469383	Conexibacter woesei DSM 14684	Bacteria	domain	45
1105108	Rickettsia parkeri str. Portsmouth	Bacteria	domain	33
1036743	Rhodospirillum rubrum F11	Bacteria	domain	45
272942	Rhodobacter capsulatus SB 1003	Bacteria	domain	41
1441629	Pseudomonas cichorii JBC1	Bacteria	domain	41
59920	Prochlorococcus marinus str. NATL2A	Bacteria	domain	37
935588	Neisseria meningitidis M01-240355	Bacteria	domain	44
340047	Mycoplasma capricolum subsp. capricolum ATCC 27343	Bacteria	domain	29
1433126	Mucinivorans hirudinis	Bacteria	domain	34
75985	Mannheimia haemolytica	Bacteria	domain	39
1461582	Jeotgalicoccus saudimassiliensis	Bacteria	domain	44
345632	Geobacter pickeringii	Bacteria	domain	45
1399115	Exiguobacterium sp. MH3	Bacteria	domain	43
1296536	Enterobacter hormaechei subsp. xiangfangensis	Bacteria	domain	51
156978	Corynebacterium imitans	Bacteria	domain	50
394503	Ruminiclostridium cellulolyticum H10	Bacteria	domain	44
413999	Clostridium botulinum A str. ATCC 3502	Bacteria	domain	42
290315	Chlorobium limicola DSM 245	Bacteria	domain	45
1112250	Chlamydia psittaci C19/98	Bacteria	domain	38
336810	Candidatus Karelsulcia muelleri	Bacteria	domain	73
393305	Yersinia enterocolitica subsp. enterocolitica 8081	Bacteria	domain	49
402882	Shewanella baltica OS185	Bacteria	domain	48
699035	Clostridioides difficile M120	Bacteria	domain	37
45361	Mesomycoplasma conjunctivae	Bacteria	domain	27
767465	Mycoplasmopsis bovis HB0801	Bacteria	domain	34
387344	Levilactobacillus brevis ATCC 367	Bacteria	domain	46
1263871	Klebsiella pneumoniae ATCC BAA-2146	Bacteria	domain	46
716544	Waddlia chondrophila WSU 86-1044	Bacteria	domain	37
418136	Francisella tularensis subsp. tularensis WY96-3418	Bacteria	domain	32
1134782	Escherichia coli O104:H4 str. 2009EL-2050	Bacteria	domain	57
1379159	Dyella jiangningensis	Bacteria	domain	46
1168034	Draconibacterium orientale	Bacteria	domain	39
745776	Deinococcus gobiensis I-0	Bacteria	domain	44
1147129	Dehalobacter sp. DCA	Bacteria	domain	47
1131462	Dehalobacter sp. CF	Bacteria	domain	47
1161911	Corynebacterium pseudotuberculosis Cp162	Bacteria	domain	44
707187	Chlamydia trachomatis G/11074	Bacteria	domain	37
479433	Catenulispora acidiphila DSM 44928	Bacteria	domain	55
645464	Campylobacter jejuni subsp. jejuni M1	Bacteria	domain	34
579138	Zymomonas mobilis subsp. pomaceae ATCC 29192	Bacteria	domain	44
930944	Yersinia enterocolitica subsp. palearctica Y11	Bacteria	domain	46
695562	Lactobacillus amylovorus GRL1118	Bacteria	domain	45
935297	Vibrio cholerae LMA3984-4	Bacteria	domain	51
545695	Leadbettera azotonutricia ZAS-9	Bacteria	domain	44
563040	Sulfurimonas autotrophica DSM 16294	Bacteria	domain	37
516950	Streptococcus pneumoniae CGSP14	Bacteria	domain	34
42256	Rubrobacter radiotolerans	Bacteria	domain	44
61647	Pluralibacter gergoviae	Bacteria	domain	48
1304890	Pasteurella multocida OH1905	Bacteria	domain	36
93218	Pandoraea apista	Bacteria	domain	47
452637	Opitutus terrae PB90-1	Bacteria	domain	66
1415166	Nocardia nova SH22a	Bacteria	domain	46
1229671	Mycobacterium avium subsp. hominissuis TH135	Bacteria	domain	47
1270	Micrococcus luteus	Bacteria	domain	45
1288970	Magnetospira sp. QH-2	Bacteria	domain	44
1333848	Citrobacter freundii CFNIH1	Bacteria	domain	50
1500960	Campylobacter sp. RM16704	Bacteria	domain	34
218495	Streptococcus uberis 0140J	Bacteria	domain	36
1004952	Streptococcus suis D12	Bacteria	domain	40
343509	Sodalis glossinidius str. 'morsitans'	Bacteria	domain	52
1031711	Ralstonia solanacearum Po82	Bacteria	domain	45
1406	Paenibacillus polymyxa	Bacteria	domain	54
1126833	Paenibacillus beijingensis	Bacteria	domain	50
1197325	Mycoplasma wenyonii str. Massachusetts	Bacteria	domain	32
102608	Helicobacter pylori F32	Bacteria	domain	36
483547	Geoalkalibacter subterraneus	Bacteria	domain	45
585056	Escherichia coli UMN026	Bacteria	domain	47
439855	Escherichia coli SMS-3-5	Bacteria	domain	49
929562	Emticicia oligotrophica DSM 17448	Bacteria	domain	33
907237	Helicobacter pylori Lithuania75	Bacteria	domain	36
981222	Chloracidobacterium thermophilum B	Bacteria	domain	46
590998	Cellulomonas fimi ATCC 484	Bacteria	domain	45
69896	Candidatus Phytoplasma solani	Bacteria	domain	27
335992	Candidatus Pelagibacter ubique HTCC1062	Bacteria	domain	30
1241583	Burkholderia pseudomallei NCTC 13179	Bacteria	domain	46
1539298	Treponema sp. OMZ 838	Bacteria	domain	45
568813	Streptococcus suis SC84	Bacteria	domain	34
680198	Streptomyces scabiei 87.22	Bacteria	domain	59
1353243	Streptococcus anginosus subsp. whileyi MAS624	Bacteria	domain	40
1203670	Streptococcus agalactiae GD201008-001	Bacteria	domain	37
205922	Pseudomonas fluorescens Pf0-1	Bacteria	domain	44
592316	Pantoea sp. At-9b	Bacteria	domain	49
706191	Pantoea ananatis LMG 20103	Bacteria	domain	44
698973	Corynebacterium diphtheriae BH8	Bacteria	domain	42
436114	Sulfurihydrogenibium sp. YO3AOP1	Bacteria	domain	36
767463	Streptococcus thermophilus ND03	Bacteria	domain	38
388919	Streptococcus sanguinis SK36	Bacteria	domain	40
1076934	Streptococcus lutetiensis 033	Bacteria	domain	37
111780	Stanieria cyanosphaera PCC 7437	Bacteria	domain	39
1271862	Salmonella enterica subsp. enterica serovar Typhimurium var. 5- str. CFSAN001921	Bacteria	domain	49
395960	Rhodopseudomonas palustris TIE-1	Bacteria	domain	49
1408275	Pseudomonas aeruginosa LESlike4	Bacteria	domain	46
472759	Nitrosococcus halophilus Nc 4	Bacteria	domain	44
717522	Mycobacterium tuberculosis variant bovis BCG str. Mexico	Bacteria	domain	45
1420012	Klebsiella pneumoniae 30660/NJST258_1	Bacteria	domain	45
452652	Kitasatospora setae KM-6054	Bacteria	domain	54
1313172	Ilumatobacter coccineus YM16-304	Bacteria	domain	46
391009	Thermosipho melanesiensis BI429	Bacteria	domain	47
536232	Clostridium botulinum A2 str. Kyoto	Bacteria	domain	42
1491	Clostridium botulinum	Bacteria	domain	85
1260222	Chlamydia trachomatis IU824	Bacteria	domain	37
1189303	Candidatus Karelsulcia muelleri PSPU	Bacteria	domain	30
1453988	Campylobacter lari RM16712	Bacteria	domain	34
416344	Burkholderia sp. KJ006	Bacteria	domain	45
126740	Thermotoga sp. RQ2	Bacteria	domain	46
1298593	Thalassolituus oleivorans MIL-1	Bacteria	domain	37
1235461	Sinorhizobium meliloti GR4	Bacteria	domain	45
1225522	Salmonella enterica subsp. enterica serovar Gallinarum/Pullorum str. CDC1983-67	Bacteria	domain	50
1301098	Pseudomonas knackmussii B13	Bacteria	domain	42
1123384	Pseudothermotoga hypogea DSM 11164 = NBRC 106472	Bacteria	domain	45
313598	Polaribacter sp. MED152	Bacteria	domain	30
405948	Saccharopolyspora erythraea NRRL 2338	Bacteria	domain	49
182217	Helicobacter cetorum MIT 00-7128	Bacteria	domain	37
525284	Gardnerella vaginalis ATCC 14019	Bacteria	domain	44
716541	Enterobacter cloacae subsp. cloacae ATCC 13047	Bacteria	domain	49
522772	Denitrovibrio acetiphilus DSM 12809	Bacteria	domain	39
1458426	Serpentinimonas maccroryi	Bacteria	domain	40
1354304	Xenorhabdus poinarii G6	Bacteria	domain	45
926566	Terriglobus roseus DSM 18391	Bacteria	domain	45
1276647	Streptococcus suis TL13	Bacteria	domain	36
1235829	Streptococcus pyogenes A20	Bacteria	domain	35
1886	Streptomyces albidoflavus	Bacteria	domain	54
1276220	Spiroplasma taiwanense CT-1	Bacteria	domain	29
471855	Slackia heliotrinireducens DSM 20476	Bacteria	domain	46
754093	Shigella dysenteriae 1617	Bacteria	domain	52
1071777	Chlamydia trachomatis L2b/795	Bacteria	domain	37
1299330	Mycobacterium avium subsp. avium 2285 (R)	Bacteria	domain	46
1091494	Methylotuvimicrobium alcaliphilum 20Z	Bacteria	domain	38
1437838	Listeria monocytogenes R479a	Bacteria	domain	44
1234142	Listeria monocytogenes N53-1	Bacteria	domain	45
1604	Lactobacillus amylovorus	Bacteria	domain	44
272620	Klebsiella pneumoniae subsp. pneumoniae MGH 78578	Bacteria	domain	45
96345	Flavobacterium psychrophilum	Bacteria	domain	37
655817	Escherichia coli ABU 83972	Bacteria	domain	50
935296	Klebsiella aerogenes EA1509E	Bacteria	domain	44
1249654	Ehrlichia chaffeensis str. Osceola	Bacteria	domain	36
1437824	Castellaniella defragrans 65Phen	Bacteria	domain	43
405441	Xylella fastidiosa M23	Bacteria	domain	45
760142	Hippea maritima DSM 10411	Bacteria	domain	46
479436	Veillonella parvula DSM 2008	Bacteria	domain	35
1661	Trueperella pyogenes	Bacteria	domain	45
697303	Thermoanaerobacter wiegelii Rt8.B1	Bacteria	domain	50
335543	Syntrophobacter fumaroxidans MPOB	Bacteria	domain	48
1412461	Salmonella enterica subsp. enterica serovar Enteritidis str. EC20090332	Bacteria	domain	49
1435058	Pseudomonas monteilii SB3101	Bacteria	domain	42
1157951	Providencia stuartii MRSN 2154	Bacteria	domain	50
1423144	Phaeobacter gallaeciensis DSM 26640	Bacteria	domain	43
357244	Orientia tsutsugamushi str. Boryong	Bacteria	domain	34
1205677	Mycobacterium canetti CIPT 140070017	Bacteria	domain	45
548479	Mobiluncus curtisii ATCC 43063	Bacteria	domain	45
394221	Maricaulis maris MCS10	Bacteria	domain	43
1291742	Paucilactobacillus hokkaidonensis JCM 18461	Bacteria	domain	44
1429044	Vibrio parahaemolyticus UCM-V493	Bacteria	domain	47
1382924	Helicobacter pylori oki422	Bacteria	domain	36
1341656	Francisella tularensis subsp. tularensis str. SCHU S4 substr. NR-28534	Bacteria	domain	33
885276	Escherichia coli str. 'clone D i2'	Bacteria	domain	51
1407062	Erwinia amylovora LA635	Bacteria	domain	36
398580	Dinoroseobacter shibae DFL 12 = DSM 16493	Bacteria	domain	40
868864	Desulfurobacterium thermolithotrophum DSM 11699	Bacteria	domain	42
243164	Dehalococcoides mccartyi 195	Bacteria	domain	46
195103	Clostridium perfringens ATCC 13124	Bacteria	domain	42
1520	Clostridium beijerinckii	Bacteria	domain	39
1341692	Clostridium autoethanogenum DSM 10061	Bacteria	domain	44
1394711	Candidatus Saccharibacteria bacterium RAAC3_TM7_1	Bacteria	domain	40
1401328	Candidatus Endolissoclinum faulkneri L5	Bacteria	domain	41
511051	Caldisericum exile AZM16c01	Bacteria	domain	45
861365	Klebsiella pneumoniae subsp. rhinoscleromatis SB3432	Bacteria	domain	41
698963	Corynebacterium diphtheriae C7 (beta)	Bacteria	domain	44
907264	Chlamydia trachomatis RC-L2(s)/46	Bacteria	domain	37
686	Vibrio cholerae O1 biovar El Tor	Bacteria	domain	52
595494	Tolumonas auensis DSM 9187	Bacteria	domain	47
643648	Syntrophothermus lipocalidus DSM 12680	Bacteria	domain	46
1427374	Streptococcus agalactiae CNCTC 10/84	Bacteria	domain	38
1105100	Rickettsia rickettsii str. Hino	Bacteria	domain	33
348824	Rhizobium favelukesii	Bacteria	domain	45
866629	Mycoplasma leachii 99/014/6	Bacteria	domain	29
1138382	Mycobacterium intracellulare MOTT-02	Bacteria	domain	45
449447	Microcystis aeruginosa NIES-843	Bacteria	domain	41
419610	Methylorubrum extorquens PA1	Bacteria	domain	45
932919	Listeria monocytogenes SLCC2755	Bacteria	domain	45
869212	Turneriella parva DSM 21527	Bacteria	domain	36
866344	Helicobacter pylori F16	Bacteria	domain	36
653733	Desulfurispirillum indicum S5	Bacteria	domain	37
643562	Pseudodesulfovibrio aespoeensis Aspo-2	Bacteria	domain	47
1285583	Corynebacterium casei LMG S-19264	Bacteria	domain	46
1348662	Corynebacterium argentoratense DSM 44202	Bacteria	domain	44
1260223	Chlamydia trachomatis IU888	Bacteria	domain	37
759363	Chlamydia trachomatis D-EC	Bacteria	domain	37
83560	Chlamydia muridarum	Bacteria	domain	37
931202	Candidatus Liberibacter asiaticus str. Ishi-1	Bacteria	domain	38
572265	Candidatus Hamiltonella defensa 5AT (Acyrthosiphon pisum)	Bacteria	domain	39
757425	Campylobacter jejuni subsp. jejuni ICDCCJ07001	Bacteria	domain	34
314565	Xanthomonas campestris pv. campestris str. 8004	Bacteria	domain	46
213810	Ruminococcus champanellensis 18P13 = JCM 17042	Bacteria	domain	42
208224	Enterobacter kobei	Bacteria	domain	47
340322	Corynebacterium glutamicum R	Bacteria	domain	46
508767	Clostridium botulinum E3 str. Alaska E43	Bacteria	domain	42
1507806	Campylobacter fetus subsp. testudinum	Bacteria	domain	36
57975	Burkholderia thailandensis	Bacteria	domain	46
748672	Yersinia pseudotuberculosis str. PA3606	Bacteria	domain	46
291331	Xanthomonas oryzae pv. oryzae KACC 10331	Bacteria	domain	47
223926	Vibrio parahaemolyticus RIMD 2210633	Bacteria	domain	49
309801	Thermomicrobium roseum DSM 5159	Bacteria	domain	48
1437008	Streptococcus pyogenes STAB1102	Bacteria	domain	34
391008	Stenotrophomonas maltophilia R551-3	Bacteria	domain	50
580332	Sideroxydans lithotrophicus ES-1	Bacteria	domain	43
1003191	Salmonella enterica subsp. enterica serovar Tennessee str. TXSC_TXSC08-19	Bacteria	domain	48
1030009	Listeria monocytogenes M7	Bacteria	domain	47
1408271	Pseudomonas aeruginosa LES400	Bacteria	domain	48
575614	Prevotella sp. oral taxon 299 str. F0039	Bacteria	domain	36
553174	Prevotella melaninogenica ATCC 25845	Bacteria	domain	40
698738	Oleispira antarctica RB-8	Bacteria	domain	36
942513	Neisseria meningitidis WUE 2594	Bacteria	domain	43
546263	Neisseria elongata subsp. glycolytica ATCC 29315	Bacteria	domain	45
28031	Lysinibacillus fusiformis	Bacteria	domain	42
683837	Listeria seeligeri serovar 1/2b str. SLCC3954	Bacteria	domain	44
568704	Lacticaseibacillus rhamnosus Lc 705	Bacteria	domain	47
1163742	Helicobacter pylori PeCan18	Bacteria	domain	36
544556	Geobacillus sp. Y412MC61	Bacteria	domain	62
667120	Edwardsiella anguillarum ET080813	Bacteria	domain	48
1274	Dermacoccus nishinomiyaensis	Bacteria	domain	47
1173263	Pseudanabaenococcus habilitatus PCC 7502	Bacteria	domain	40
1343740	Streptomyces rapamycinicus NRRL 5491	Bacteria	domain	58
869307	Streptococcus pneumoniae SPN994039	Bacteria	domain	35
1159083	Streptococcus pneumoniae PCS8235	Bacteria	domain	34
1229492	Staphylococcus aureus 08BA02176	Bacteria	domain	42
291112	Photorhabdus asymbiotica	Bacteria	domain	48
426355	Methylobacterium radiotolerans JCM 2831	Bacteria	domain	48
272630	Methylorubrum extorquens AM1	Bacteria	domain	51
879088	Listeria monocytogenes SLCC2378	Bacteria	domain	50
35755	Corynebacterium kutscheri	Bacteria	domain	43
1343076	Candidatus Karelsulcia muelleri str. Sulcia-ALF	Bacteria	domain	29
671143	Candidatus Methylomirabilis oxygeniifera	Bacteria	domain	47
1249471	Burkholderia pseudomallei MSHR146	Bacteria	domain	46
1045854	Weissella koreensis KACC 15510	Bacteria	domain	40
434131	Neorickettsia risticii str. Illinois	Bacteria	domain	32
316279	Synechococcus sp. CC9902	Bacteria	domain	42
1187956	Streptococcus thermophilus MN-ZLW-002	Bacteria	domain	38
945704	Streptococcus suis JS14	Bacteria	domain	36
1336746	Streptococcus pyogenes HSC5	Bacteria	domain	34
1114965	Streptococcus parasanguinis FW213	Bacteria	domain	38
342616	Streptococcus agalactiae COH1	Bacteria	domain	35
158190	Sphaerochaeta pleomorpha str. Grapes	Bacteria	domain	46
439843	Salmonella enterica subsp. enterica serovar Schwarzengrund str. CVM19633	Bacteria	domain	50
1160721	Ruminococcus bicirculans (ex Wegman et al. 2014)	Bacteria	domain	41
680646	Rothia mucilaginosa DY-18	Bacteria	domain	45
101510	Rhodococcus jostii RHA1	Bacteria	domain	49
1286170	Klebsiella ornithinolytica B6	Bacteria	domain	48
497978	Acinetobacter baumannii MDR-ZJ06	Bacteria	domain	36
1246995	Actinoplanes friuliensis DSM 7358	Bacteria	domain	69
202947	Actinobacillus equuli subsp. equuli	Bacteria	domain	36
436717	Acinetobacter oleivorans DR1	Bacteria	domain	37
871585	Acinetobacter pittii PHEA-2	Bacteria	domain	37
1400867	Acinetobacter baumannii ZW85-1	Bacteria	domain	38
1100841	Acinetobacter baumannii TYTH-1	Bacteria	domain	37
980514	Acinetobacter baumannii TCDC-AB0715	Bacteria	domain	28
509170	Acinetobacter baumannii SDF	Bacteria	domain	36
1413216	Acinetobacter baumannii PKAB07	Bacteria	domain	35
1401639	Acinetobacter baumannii NCGM 237	Bacteria	domain	37
446462	Actinosynnema mirum DSM 43827	Bacteria	domain	53
889738	Acinetobacter baumannii MDR-TJ	Bacteria	domain	38
1455315	Acinetobacter baumannii LAC-4	Bacteria	domain	36
945556	Acinetobacter baumannii D1279779	Bacteria	domain	36
1096997	Acinetobacter baumannii BJAB0868	Bacteria	domain	38
1096996	Acinetobacter baumannii BJAB0715	Bacteria	domain	36
1096995	Acinetobacter baumannii BJAB07104	Bacteria	domain	37
509173	Acinetobacter baumannii AYE	Bacteria	domain	36
400667	Acinetobacter baumannii ATCC 17978	Bacteria	domain	36
405416	Acinetobacter baumannii ACICU	Bacteria	domain	35
1224747	Acinetobacter baumannii AC30	Bacteria	domain	33
1384484	Adlercreutzia equolifaciens DSM 19450	Bacteria	domain	43
1448139	Aeromonas hydrophila YL17	Bacteria	domain	53
1418107	Aeromonas hydrophila pc104A	Bacteria	domain	55
1288394	Aeromonas hydrophila ML09-119	Bacteria	domain	54
1419584	Aeromonas hydrophila J-1	Bacteria	domain	57
380703	Aeromonas hydrophila subsp. hydrophila ATCC 7966	Bacteria	domain	54
1321367	Aeromonas hydrophila subsp. hydrophila AL09-71	Bacteria	domain	55
1354302	Aeromonas hydrophila 4AK4	Bacteria	domain	50
746697	Aequorivita sublithincola DSM 14238	Bacteria	domain	33
1247726	Advenella mimigardefordensis DPN7	Bacteria	domain	36
1036672	Advenella kashmirensis WT001	Bacteria	domain	36
1198108	Acinetobacter baumannii AC12	Bacteria	domain	30
696748	Actinobacillus suis H91-0380	Bacteria	domain	36
743972	Actinobacillus suis ATCC 33415	Bacteria	domain	37
339671	Actinobacillus succinogenes 130Z	Bacteria	domain	41
134676	Actinoplanes sp. SE50/110	Bacteria	domain	95
649831	Actinoplanes sp. N902-109	Bacteria	domain	58
59505	Actinotignum schaalii	Bacteria	domain	46
416269	Actinobacillus pleuropneumoniae serovar 5b str. L20	Bacteria	domain	35
537457	Actinobacillus pleuropneumoniae serovar 7 str. AP76	Bacteria	domain	39
434271	Actinobacillus pleuropneumoniae serovar 3 str. JL03	Bacteria	domain	40
512565	Actinoplanes missouriensis 431	Bacteria	domain	53
634459	Acetobacter pasteurianus IFO 3283-12	Bacteria	domain	43
1167634	Achromobacter xylosoxidans NH44784-1996	Bacteria	domain	45
562971	Achromobacter xylosoxidans C54	Bacteria	domain	45
762376	Achromobacter xylosoxidans A8	Bacteria	domain	45
1318466	Alteracholeplasma palmae J233	Bacteria	domain	32
441768	Acholeplasma laidlawii PG-8A	Bacteria	domain	36
61635	Acholeplasma brassicae	Bacteria	domain	38
931626	Acetobacterium woodii DSM 1030	Bacteria	domain	43
634457	Acetobacter pasteurianus IFO 3283-32	Bacteria	domain	43
634456	Acetobacter pasteurianus IFO 3283-26	Bacteria	domain	43
634455	Acetobacter pasteurianus IFO 3283-22	Bacteria	domain	43
643561	Paracidovorax avenae ATCC 19860	Bacteria	domain	42
634454	Acetobacter pasteurianus IFO 3283-07	Bacteria	domain	43
634453	Acetobacter pasteurianus IFO 3283-03	Bacteria	domain	43
1916	Streptomyces lividans	Bacteria	domain	16
634452	Acetobacter pasteurianus IFO 3283-01	Bacteria	domain	43
634458	Acetobacter pasteurianus IFO 3283-01-42C	Bacteria	domain	43
1266844	Acetobacter pasteurianus 386B	Bacteria	domain	43
574087	Acetohalobium arabaticum DSM 5501	Bacteria	domain	39
329726	Acaryochloris marina MBIC11017	Bacteria	domain	66
191218	Bacillus anthracis str. A2012	Bacteria	domain	45
203907	Candidatus Blochmanniella floridana	Bacteria	domain	73
380394	Acidithiobacillus ferrooxidans ATCC 53993	Bacteria	domain	44
557600	Acinetobacter baumannii AB307-0294	Bacteria	domain	36
480119	Acinetobacter baumannii AB0057	Bacteria	domain	38
106654	Acinetobacter nosocomialis	Bacteria	domain	35
470	Acinetobacter baumannii	Bacteria	domain	47
696749	Acinetobacter baumannii 1656-2	Bacteria	domain	36
358220	Acidovorax sp. KKS102	Bacteria	domain	41
232721	Acidovorax sp. JS42	Bacteria	domain	41
926570	Acidiphilium multivorum AIU301	Bacteria	domain	44
568816	Acidaminococcus intestini RyC-MR95	Bacteria	domain	44
743299	Acidithiobacillus ferrivorans SS3	Bacteria	domain	44
1208104	Aeromonas media WS	Bacteria	domain	56
243159	Acidithiobacillus ferrooxidans ATCC 23270	Bacteria	domain	78
525909	Acidimicrobium ferrooxidans DSM 10331	Bacteria	domain	45
591001	Acidaminococcus fermentans DSM 20731	Bacteria	domain	44
535289	[Acidovorax] ebreus TPSY	Bacteria	domain	43
349163	Acidiphilium cryptum JF-5	Bacteria	domain	44
397945	Paracidovorax citrulli AAC00-1	Bacteria	domain	42
351607	Acidothermus cellulolyticus 11B	Bacteria	domain	45
240015	Acidobacterium capsulatum ATCC 51196	Bacteria	domain	45
990288	Acidithiobacillus caldus SM-1	Bacteria	domain	44
637389	Acidithiobacillus caldus ATCC 51756	Bacteria	domain	45
46234	Anabaena sp. 90	Bacteria	domain	42
1412841	Anaplasma marginale str. Dawn	Bacteria	domain	35
574556	Anaplasma centrale str. Israel	Bacteria	domain	36
926569	Anaerolinea thermophila UNI-1	Bacteria	domain	50
447217	Anaeromyxobacter sp. K	Bacteria	domain	47
404589	Anaeromyxobacter sp. Fw109-5	Bacteria	domain	47
525919	Anaerococcus prevotii DSM 20548	Bacteria	domain	37
891968	Acetomicrobium mobile DSM 13181	Bacteria	domain	46
290397	Anaeromyxobacter dehalogenans 2CP-C	Bacteria	domain	46
455488	Anaeromyxobacter dehalogenans 2CP-1	Bacteria	domain	47
240292	Trichormus variabilis ATCC 29413	Bacteria	domain	42
320483	Anaplasma marginale str. Florida	Bacteria	domain	37
272123	Anabaena cylindrica PCC 7122	Bacteria	domain	60
443218	Hoyosella subflava DQS3-9A1	Bacteria	domain	44
129921	Amycolatopsis keratiniphila	Bacteria	domain	47
1068978	Amycolatopsis methanolica 239	Bacteria	domain	47
749927	Amycolatopsis mediterranei U32	Bacteria	domain	49
713604	Amycolatopsis mediterranei S699	Bacteria	domain	49
1221524	Amycolatopsis mediterranei RB	Bacteria	domain	49
1460371	Amycolatopsis lurida NRRL 2430	Bacteria	domain	52
208439	Amycolatopsis japonica	Bacteria	domain	53
698758	Amphibacillus xylanus NBRC 15112	Bacteria	domain	41
367737	Aliarcobacter butzleri RM4018	Bacteria	domain	30
1618207	Psychromicrobium lacuslunae	Bacteria	domain	44
290399	Arthrobacter sp. FB24	Bacteria	domain	46
696747	Limnospira platensis NIES-39	Bacteria	domain	37
930171	Pseudarthrobacter phenanthrenivorans Sphe3	Bacteria	domain	46
452863	Pseudarthrobacter chlorophenolicus A6	Bacteria	domain	80
290340	Paenarthrobacter aurescens TC1	Bacteria	domain	47
861360	Glutamicibacter arilaitensis Re117	Bacteria	domain	50
76114	Aromatoleum aromaticum EbN1	Bacteria	domain	43
944547	Arcobacter sp. L	Bacteria	domain	33
572480	Arcobacter nitrofigilis DSM 7299	Bacteria	domain	33
572547	Aminobacterium colombiense DSM 12261	Bacteria	domain	47
944546	Aliarcobacter butzleri ED-1	Bacteria	domain	30
1036172	Aliarcobacter butzleri 7h1h	Bacteria	domain	29
644284	Arcanobacterium haemolyticum DSM 20595	Bacteria	domain	47
491915	Anoxybacillus flavithermus WK1	Bacteria	domain	52
1173064	Anaplasma phagocytophilum str. JM	Bacteria	domain	35
212042	Anaplasma phagocytophilum str. HZ	Bacteria	domain	35
1184253	Anaplasma phagocytophilum str. HZ2	Bacteria	domain	35
1184254	Anaplasma phagocytophilum str. Dog2	Bacteria	domain	35
234826	Anaplasma marginale str. St. Maries	Bacteria	domain	37
1412840	Anaplasma marginale str. Gypsy Plains	Bacteria	domain	37
349741	Akkermansia muciniphila ATCC BAA-835	Bacteria	domain	45
80852	Aliivibrio wodanis	Bacteria	domain	39
316275	Aliivibrio salmonicida LFI1238	Bacteria	domain	43
596154	Alicycliphilus denitrificans K601	Bacteria	domain	45
596153	Alicycliphilus denitrificans BC	Bacteria	domain	43
521098	Alicyclobacillus acidocaldarius subsp. acidocaldarius DSM 446	Bacteria	domain	54
1048834	Alicyclobacillus acidocaldarius subsp. acidocaldarius Tc-4-1	Bacteria	domain	56
388413	Algoriphagus machipongonensis	Bacteria	domain	32
391936	Isoalcanivorax pacificus W11-5	Bacteria	domain	42
930169	Alloalcanivorax dieselolei B5	Bacteria	domain	41
393595	Alcanivorax borkumensis SK2	Bacteria	domain	41
679935	Alistipes finegoldii DSM 17242	Bacteria	domain	45
311402	Allorhizobium ampelinum S4	Bacteria	domain	43
1435057	Agrobacterium tumefaciens LBA4213 (Ach5)	Bacteria	domain	41
311403	Rhizobium rhizogenes K84	Bacteria	domain	45
634176	Aggregatibacter aphrophilus NJ8700	Bacteria	domain	38
272556	Aggregatibacter actinomycetemcomitans HK1651	Bacteria	domain	43
668336	Aggregatibacter actinomycetemcomitans D11S-1	Bacteria	domain	43
754507	Aggregatibacter actinomycetemcomitans ANH9381	Bacteria	domain	41
998088	Aeromonas veronii B565	Bacteria	domain	49
2976812	Aerococcus sp. Group 1	Bacteria	domain	42
382245	Aeromonas salmonicida subsp. salmonicida A449	Bacteria	domain	56
1004787	Alteromonas macleodii str. 'Balearic Sea AD45'	Bacteria	domain	37
715451	Alteromonas naphthalenivorans	Bacteria	domain	37
1300258	Alteromonas mediterranea UM7	Bacteria	domain	36
1300259	Alteromonas mediterranea UM4b	Bacteria	domain	36
1300257	Alteromonas mediterranea U8	Bacteria	domain	33
1300256	Alteromonas mediterranea U7	Bacteria	domain	37
1300255	Alteromonas mediterranea U4	Bacteria	domain	29
1300253	Alteromonas mediterranea 615	Bacteria	domain	37
1004788	Alteromonas macleodii str. 'English Channel 673'	Bacteria	domain	37
1774373	Alteromonas mediterranea DE	Bacteria	domain	37
1004785	Alteromonas macleodii str. 'Black Sea 11'	Bacteria	domain	36
283165	Bartonella quintana str. Toulouse	Bacteria	domain	77
529120	Alteromonas macleodii ATCC 27126	Bacteria	domain	35
1004786	Alteromonas mediterranea DE1	Bacteria	domain	37
1300254	Alteromonas mediterranea MED64	Bacteria	domain	40
589873	Alteromonas australica	Bacteria	domain	37
572477	Allochromatium vinosum DSM 180	Bacteria	domain	47
350688	Alkaliphilus oremlandii OhILAs	Bacteria	domain	41
293826	Alkaliphilus metalliredigens QYMF	Bacteria	domain	41
187272	Alkalilimnicola ehrlichii MLHE-1	Bacteria	domain	45
717959	Alistipes shahii WAL 8301	Bacteria	domain	40
85962	Helicobacter pylori 26695	Bacteria	domain	72
208964	Pseudomonas aeruginosa PAO1	Bacteria	domain	89
243276	Treponema pallidum subsp. pallidum str. Nichols	Bacteria	domain	88
272843	Pasteurella multocida subsp. multocida str. Pm70	Bacteria	domain	70
272634	Mycoplasmoides pneumoniae M129	Bacteria	domain	71
243273	Mycoplasmoides genitalium G37	Bacteria	domain	72
243230	Deinococcus radiodurans R1 = ATCC 13939 = DSM 20539	Bacteria	domain	91
190650	Caulobacter vibrioides CB15	Bacteria	domain	86
192222	Campylobacter jejuni subsp. jejuni NCTC 11168 = ATCC 700819	Bacteria	domain	69
224326	Borreliella burgdorferi B31	Bacteria	domain	33
85963	Helicobacter pylori J99	Bacteria	domain	72
1148	Synechocystis sp. PCC 6803	Bacteria	domain	80
155864	Escherichia coli O157:H7 str. EDL933	Bacteria	domain	130
83334	Escherichia coli O157:H7	Bacteria	domain	62
83333	Escherichia coli K-12	Bacteria	domain	99
138677	Chlamydia pneumoniae J138	Bacteria	domain	38
38504	Ureaplasma parvum serovar 3	Bacteria	domain	60
303	Pseudomonas putida	Bacteria	domain	45
272631	Mycobacterium leprae TN	Bacteria	domain	45
158879	Staphylococcus aureus subsp. aureus N315	Bacteria	domain	84
90371	Salmonella enterica subsp. enterica serovar Typhimurium	Bacteria	domain	53
659	Photobacterium phosphoreum	Bacteria	domain	2
243161	Chlamydia muridarum str. Nigg	Bacteria	domain	74
103690	Nostoc sp. PCC 7120 = FACHB-418	Bacteria	domain	60
267608	Ralstonia pseudosolanacearum GMI1000	Bacteria	domain	93
99287	Salmonella enterica subsp. enterica serovar Typhimurium str. LT2	Bacteria	domain	51
214092	Yersinia pestis CO92	Bacteria	domain	94
266835	Mesorhizobium japonicum MAFF 303099	Bacteria	domain	95
224914	Brucella melitensis bv. 1 str. 16M	Bacteria	domain	92
272944	Rickettsia conorii str. Malish 7	Bacteria	domain	66
272562	Clostridium acetobutylicum ATCC 824	Bacteria	domain	87
170187	Streptococcus pneumoniae TIGR4	Bacteria	domain	72
160490	Streptococcus pyogenes M1 GAS	Bacteria	domain	69
243277	Vibrio cholerae O1 biovar El Tor str. N16961	Bacteria	domain	110
195102	Clostridium perfringens str. 13	Bacteria	domain	80
169963	Listeria monocytogenes EGD-e	Bacteria	domain	46
272626	Listeria innocua Clip11262	Bacteria	domain	50
274	Thermus thermophilus	Bacteria	domain	5
41	Stigmatella aurantiaca	Bacteria	domain	4
782	Rickettsia prowazekii	Bacteria	domain	3
7	Azorhizobium caulinodans	Bacteria	domain	1
224324	Aquifex aeolicus VF5	Bacteria	domain	84
160492	Xylella fastidiosa 9a5c	Bacteria	domain	117
243274	Thermotoga maritima MSB8	Bacteria	domain	92
54571	Streptomyces venezuelae	Bacteria	domain	1
1502	Clostridium perfringens	Bacteria	domain	1
1584	Lactobacillus delbrueckii	Bacteria	domain	1
1911	Streptomyces griseus	Bacteria	domain	2
2133	Spiroplasma citri	Bacteria	domain	3
100226	Streptomyces coelicolor A3(2)	Bacteria	domain	56
658	Photobacterium leiognathi subsp. leiognathi	Bacteria	domain	2
382	Sinorhizobium meliloti	Bacteria	domain	48
520	Bordetella pertussis	Bacteria	domain	1
1131	Synechococcus sp.	Bacteria	domain	3
2336	Thermotoga maritima	Bacteria	domain	51
193	Azospirillum lipoferum	Bacteria	domain	3
1219	Prochlorococcus marinus	Bacteria	domain	1
358	Agrobacterium tumefaciens	Bacteria	domain	43
548	Klebsiella aerogenes	Bacteria	domain	1
1638	Listeria ivanovii	Bacteria	domain	2
1639	Listeria monocytogenes	Bacteria	domain	52
633	Yersinia pseudotuberculosis	Bacteria	domain	48
1889	Streptomyces ambofaciens	Bacteria	domain	1
1773	Mycobacterium tuberculosis	Bacteria	domain	63
1397	Niallia circulans	Bacteria	domain	1
1309	Streptococcus mutans	Bacteria	domain	1
1525	Neomoorella thermoacetica	Bacteria	domain	1
122587	Neisseria meningitidis Z2491	Bacteria	domain	80
122586	Neisseria meningitidis MC58	Bacteria	domain	90
83331	Mycobacterium tuberculosis CDC1551	Bacteria	domain	90
107806	Buchnera aphidicola str. APS (Acyrthosiphon pisum)	Bacteria	domain	64
224308	Bacillus subtilis subsp. subtilis str. 168	Bacteria	domain	104
272561	Chlamydia trachomatis D/UW-3/CX	Bacteria	domain	74
115713	Chlamydia pneumoniae CWL029	Bacteria	domain	38
115711	Chlamydia pneumoniae AR39	Bacteria	domain	38
71421	Haemophilus influenzae Rd KW20	Bacteria	domain	81
899	Desulfomicrobium baculatum	Bacteria	domain	1
272635	Mycoplasmopsis pulmonis UAB CTIP	Bacteria	domain	29
774	Bartonella bacilliformis	Bacteria	domain	2
38323	Bartonella henselae	Bacteria	domain	40
2108	Mycoplasma sp.	Bacteria	domain	1
2155	Phytoplasma sp.	Bacteria	domain	1
418699	Azoarcus olearius	Bacteria	domain	46
339	Xanthomonas campestris	Bacteria	domain	1
813	Chlamydia trachomatis	Bacteria	domain	87
384	Rhizobium leguminosarum	Bacteria	domain	1
1488	Clostridium acetobutylicum	Bacteria	domain	1
880447	Mycoplasma leachii PG50	Bacteria	domain	31
226186	Bacteroides thetaiotaomicron VPI-5482	Bacteria	domain	99
258594	Rhodopseudomonas palustris CGA009	Bacteria	domain	46
243265	Photorhabdus laumondii subsp. laumondii TTO1	Bacteria	domain	51
264201	Candidatus Protochlamydia amoebophila UWE25	Bacteria	domain	67
83332	Mycobacterium tuberculosis H37Rv	Bacteria	domain	90
262768	Onion yellows phytoplasma OY-M	Bacteria	domain	60
257309	Corynebacterium diphtheriae NCTC 13129	Bacteria	domain	44
264462	Bdellovibrio bacteriovorus HD100	Bacteria	domain	35
283166	Bartonella henselae str. Houston-1	Bacteria	domain	78
198094	Bacillus anthracis str. Ames	Bacteria	domain	110
223283	Pseudomonas syringae pv. tomato str. DC3000	Bacteria	domain	76
282458	Staphylococcus aureus subsp. aureus MRSA252	Bacteria	domain	86
228410	Nitrosomonas europaea ATCC 19718	Bacteria	domain	82
243090	Rhodopirellula baltica SH 1	Bacteria	domain	72
209261	Salmonella enterica subsp. enterica serovar Typhi str. Ty2	Bacteria	domain	98
227882	Streptomyces avermitilis MA-4680 = NBRC 14893	Bacteria	domain	112
199310	Escherichia coli CFT073	Bacteria	domain	103
224915	Buchnera aphidicola str. Bp (Baizongia pistaciae)	Bacteria	domain	63
226900	Bacillus cereus ATCC 14579	Bacteria	domain	105
227377	Coxiella burnetii RSA 493	Bacteria	domain	84
193567	Streptococcus pyogenes SSI-1	Bacteria	domain	72
233413	Mycobacterium tuberculosis variant bovis AF2122/97	Bacteria	domain	45
273123	Yersinia pseudotuberculosis IP 32953	Bacteria	domain	92
281309	[Bacillus thuringiensis] serovar konkukian str. 97-27	Bacteria	domain	99
62977	Acinetobacter baylyi ADP1	Bacteria	domain	75
163164	Wolbachia endosymbiont of Drosophila melanogaster	Bacteria	domain	67
243275	Treponema denticola ATCC 35405	Bacteria	domain	84
262724	Thermus thermophilus HB27	Bacteria	domain	93
267747	Cutibacterium acnes KPA171202	Bacteria	domain	90
265311	Mesoplasma florum L1	Bacteria	domain	55
265669	Listeria monocytogenes serotype 4b str. F2365	Bacteria	domain	89
882	Nitratidesulfovibrio vulgaris str. Hildenborough	Bacteria	domain	101
222523	Bacillus cereus ATCC 10987	Bacteria	domain	113
867	Ruminobacter amylophilus	Bacteria	domain	1
229193	Yersinia pestis biovar Microtus str. 91001	Bacteria	domain	94
292459	Symbiobacterium thermophilum IAM 14863	Bacteria	domain	138
2334	Bacillus sp. PS3	Bacteria	domain	5
257363	Rickettsia typhi str. Wilmington	Bacteria	domain	66
242619	Porphyromonas gingivalis W83	Bacteria	domain	90
281090	Leifsonia xyli subsp. xyli str. CTCB07	Bacteria	domain	90
257314	Lactobacillus johnsonii NCC 533	Bacteria	domain	102
243231	Geobacter sulfurreducens PCA	Bacteria	domain	88
290434	Borreliella bavariensis PBi	Bacteria	domain	63
260799	Bacillus anthracis str. Sterne	Bacteria	domain	117
211110	Streptococcus agalactiae NEM316	Bacteria	domain	35
196164	Corynebacterium efficiens YS-314	Bacteria	domain	96
204722	Brucella suis 1330	Bacteria	domain	83
206672	Bifidobacterium longum NCC2705	Bacteria	domain	104
187410	Yersinia pestis KIM10+	Bacteria	domain	49
1203463	Xanthomonas citri subsp. citri 306	Bacteria	domain	94
190485	Xanthomonas campestris pv. campestris str. ATCC 33913	Bacteria	domain	92
273068	Caldanaerobacter subterraneus subsp. tengcongensis MB4	Bacteria	domain	105
197221	Thermosynechococcus vestitus BP-1	Bacteria	domain	82
1435045	Borrelia parkeri HR1	Bacteria	domain	31
198466	Streptococcus pyogenes MGAS315	Bacteria	domain	68
189518	Leptospira interrogans serovar Lai str. 56601	Bacteria	domain	74
196620	Staphylococcus aureus subsp. aureus MW2	Bacteria	domain	86
1422	Geobacillus stearothermophilus	Bacteria	domain	1
196627	Corynebacterium glutamicum ATCC 13032	Bacteria	domain	95
272947	Rickettsia prowazekii str. Madrid E	Bacteria	domain	33
198804	Buchnera aphidicola str. Sg (Schizaphis graminum)	Bacteria	domain	64
190304	Fusobacterium nucleatum subsp. nucleatum ATCC 25586	Bacteria	domain	66
194439	Chlorobaculum tepidum TLS	Bacteria	domain	47
266834	Sinorhizobium meliloti 1021	Bacteria	domain	89
220341	Salmonella enterica subsp. enterica serovar Typhi str. CT18	Bacteria	domain	101
176299	Agrobacterium fabrum str. C58	Bacteria	domain	86
220668	Lactiplantibacillus plantarum WCFS1	Bacteria	domain	100
1927	Streptomyces rimosus	Bacteria	domain	5
703	Plesiomonas shigelloides	Bacteria	domain	1
730	[Haemophilus] ducreyi	Bacteria	domain	1
149539	Salmonella enterica subsp. enterica serovar Enteritidis	Bacteria	domain	59
235279	Helicobacter hepaticus ATCC 51449	Bacteria	domain	51
233150	Mycoplasmoides gallisepticum str. R	Bacteria	domain	31
183190	Xylella fastidiosa Temecula1	Bacteria	domain	89
218496	Tropheryma whipplei TW08/27	Bacteria	domain	46
203267	Tropheryma whipplei str. Twist	Bacteria	domain	89
176280	Staphylococcus epidermidis ATCC 12228	Bacteria	domain	91
694569	Aggregatibacter actinomycetemcomitans D7S-1	Bacteria	domain	44
226185	Enterococcus faecalis V583	Bacteria	domain	95
212717	Clostridium tetani E88	Bacteria	domain	77
224911	Bradyrhizobium diazoefficiens USDA 110	Bacteria	domain	95
272558	Halalkalibacterium halodurans C-125	Bacteria	domain	87
210007	Streptococcus mutans UA159	Bacteria	domain	77
208435	Streptococcus agalactiae 2603V/R	Bacteria	domain	71
198214	Shigella flexneri 2a str. 301	Bacteria	domain	117
211586	Shewanella oneidensis MR-1	Bacteria	domain	96
221109	Oceanobacillus iheyensis HTE831	Bacteria	domain	80
1195464	Bacillus toyonensis biovar Thuringiensis MC28	Bacteria	domain	48
1415784	Bacillus toyonensis BCT-7112	Bacteria	domain	51
529122	Bacillus thuringiensis YBT-1518	Bacteria	domain	59
28081	Bordetella sp.	Bacteria	domain	1
292	Burkholderia cepacia	Bacteria	domain	65
777	Coxiella burnetii	Bacteria	domain	2
442	Gluconobacter oxydans	Bacteria	domain	2
1354	Enterococcus hirae	Bacteria	domain	1
1280	Staphylococcus aureus	Bacteria	domain	78
1585	Lactobacillus delbrueckii subsp. bulgaricus	Bacteria	domain	10
210	Helicobacter pylori	Bacteria	domain	83
1358	Lactococcus lactis	Bacteria	domain	51
1286404	Bacillus thuringiensis serovar thuringiensis str. IS5056	Bacteria	domain	47
1441	Bacillus thuringiensis serovar morrisoni	Bacteria	domain	52
139	Borreliella burgdorferi	Bacteria	domain	69
570416	Bacillus thuringiensis serovar kurstaki str. YBT-1520	Bacteria	domain	53
1279365	Bacillus thuringiensis serovar kurstaki str. HD73	Bacteria	domain	52
29339	Bacillus thuringiensis serovar kurstaki	Bacteria	domain	53
1217737	Bacillus thuringiensis HD-789	Bacteria	domain	68
1218175	Bacillus thuringiensis HD-771	Bacteria	domain	51
1452729	Bacillus thuringiensis HD1002	Bacteria	domain	69
29338	Bacillus thuringiensis serovar galleriae	Bacteria	domain	54
930170	Bacillus thuringiensis serovar finitimus YBT-020	Bacteria	domain	64
541229	Bacillus thuringiensis serovar chinensis CT-43	Bacteria	domain	46
527021	Bacillus thuringiensis Bt407	Bacteria	domain	79
714359	Bacillus thuringiensis BMB171	Bacteria	domain	52
412694	Bacillus thuringiensis str. Al Hakam	Bacteria	domain	49
657309	Bacteroides xylanisolvens XB1A	Bacteria	domain	39
89584	Gluconacetobacter liquefaciens	Bacteria	domain	4
2148	Acholeplasma laidlawii	Bacteria	domain	25
28448	Komagataeibacter xylinus	Bacteria	domain	2
2134	Spiroplasma melliferum	Bacteria	domain	10
1094497	Bartonella vinsonii subsp. berkhoffii str. Winnie	Bacteria	domain	38
382640	Bartonella tribocorum CIP 105476	Bacteria	domain	38
85701	Bartonella tribocorum	Bacteria	domain	38
1225179	Bartonella quintana RM-11	Bacteria	domain	38
634504	Bartonella grahamii as4aup	Bacteria	domain	38
696125	Bartonella clarridgeiae 73	Bacteria	domain	37
360095	Bartonella bacilliformis KC583	Bacteria	domain	38
1094489	Bartonella australis AUST/NH1	Bacteria	domain	39
880074	Barnesiella viscericola DSM 18177	Bacteria	domain	48
1428	Bacillus thuringiensis	Bacteria	domain	56
435590	Phocaeicola vulgatus ATCC 8482	Bacteria	domain	49
667015	Phocaeicola salanitronis DSM 18170	Bacteria	domain	49
862908	Halobacteriovorax marinus SJ	Bacteria	domain	34
693979	Bacteroides helcogenes P 36-108	Bacteria	domain	45
295405	Bacteroides fragilis YCH46	Bacteria	domain	44
272559	Bacteroides fragilis NCTC 9343	Bacteria	domain	44
817	Bacteroides fragilis	Bacteria	domain	43
862962	Bacteroides fragilis 638R	Bacteria	domain	44
357276	Phocaeicola dorei	Bacteria	domain	55
1400053	Bacteroidales bacterium CF	Bacteria	domain	37
315730	Bacillus mycoides KBAB4	Bacteria	domain	51
160	Treponema pallidum	Bacteria	domain	45
1769	Mycobacterium leprae	Bacteria	domain	3
936156	Bacillus subtilis BSn5	Bacteria	domain	57
1204343	Bacillus subtilis BEST7613	Bacteria	domain	88
1204342	Bacillus subtilis BEST7003	Bacteria	domain	50
1574141	Bacillus sp. YP1	Bacteria	domain	50
1565991	Bacillus sp. X1(2014)	Bacteria	domain	60
756828	Bacillus sp. WP8	Bacteria	domain	46
1446792	Bacillus sp. Pc3	Bacteria	domain	52
98228	Bacillus sp. OxB-1	Bacteria	domain	44
1628753	Bacillus sp. LM 4-2	Bacteria	domain	49
1127744	Bacillus sp. JS	Bacteria	domain	49
1570330	Bacillus sp. BH072	Bacteria	domain	50
666686	Bacillus sp. 1NLA3E	Bacteria	domain	54
439292	[Bacillus] selenitireducens MLS10	Bacteria	domain	40
1245	Leuconostoc mesenteroides	Bacteria	domain	1
293387	Bacillus altitudinis	Bacteria	domain	45
315750	Bacillus pumilus SAFR-032	Bacteria	domain	46
1408	Bacillus pumilus	Bacteria	domain	45
398511	Alkalihalophilus pseudofirmus OF4	Bacteria	domain	48
1207	Trichodesmium sp.	Bacteria	domain	2
644	Aeromonas hydrophila	Bacteria	domain	67
839	Xylanibacter ruminicola	Bacteria	domain	2
287	Pseudomonas aeruginosa	Bacteria	domain	59
28095	Burkholderia gladioli	Bacteria	domain	47
294	Pseudomonas fluorescens	Bacteria	domain	49
13373	Burkholderia mallei	Bacteria	domain	51
197	Campylobacter jejuni	Bacteria	domain	6
1220533	Bacillus subtilis QB928	Bacteria	domain	51
1233100	Bacillus subtilis XF-1	Bacteria	domain	52
1052588	Bacillus subtilis subsp. subtilis str. RO-NN-1	Bacteria	domain	49
1494608	Arthrobacter sp. PAMC 25486	Bacteria	domain	47
1232554	Bacillus subtilis subsp. subtilis str. JH642 substr. AG174	Bacteria	domain	49
1192196	Bacillus subtilis subsp. subtilis str. BSP1	Bacteria	domain	48
1302650	Bacillus subtilis subsp. subtilis str. BAB-1	Bacteria	domain	61
1221328	Bacillus subtilis subsp. subtilis str. AG1839	Bacteria	domain	49
1147161	Bacillus subtilis subsp. subtilis 6051-HGW	Bacteria	domain	49
135461	Bacillus subtilis subsp. subtilis	Bacteria	domain	49
655816	Bacillus spizizenii str. W23	Bacteria	domain	49
1423	Bacillus subtilis	Bacteria	domain	107
1052585	Bacillus spizizenii TU-B-10	Bacteria	domain	49
96241	Bacillus spizizenii	Bacteria	domain	50
2104	Mycoplasmoides pneumoniae	Bacteria	domain	33
1415167	Bacillus subtilis PY79	Bacteria	domain	49
645657	Bacillus subtilis subsp. natto BEST195	Bacteria	domain	49
1136873	Bacillus subtilis KCTC 1028 = ATCC 6051a	Bacteria	domain	49
1453990	Bacillus subtilis HJ5	Bacteria	domain	47
1579	Lactobacillus acidophilus	Bacteria	domain	47
1582	Lacticaseibacillus casei	Bacteria	domain	2
29549	Rhodothermus marinus	Bacteria	domain	2
28038	Latilactobacillus curvatus	Bacteria	domain	2
920	Acidithiobacillus ferrooxidans	Bacteria	domain	2
1587	Lactobacillus helveticus	Bacteria	domain	48
1246	Leuconostoc lactis	Bacteria	domain	1
562	Escherichia coli	Bacteria	domain	138
1146883	Blastococcus saxobsidens DD2	Bacteria	domain	46
1208658	Bordetella bronchiseptica MO149	Bacteria	domain	42
568707	Bordetella bronchiseptica 253	Bacteria	domain	42
360910	Bordetella avium 197N	Bacteria	domain	44
1505596	Blochmannia endosymbiont of Polyrhachis (Hedomyrma) turneri	Bacteria	domain	36
1505597	Blochmannia endosymbiont of Camponotus (Colobopsis) obliquus	Bacteria	domain	33
600809	Blattabacterium sp. (Periplaneta americana) str. BPLAN	Bacteria	domain	33
1229512	Blattabacterium cuenoti BPAA	Bacteria	domain	32
1316444	Blattabacterium sp. (Nauphoeta cinerea)	Bacteria	domain	32
1074889	Blattabacterium sp. (Mastotermes darwiniensis) str. MADAR	Bacteria	domain	31
1075399	Blattabacterium sp. (Cryptocercus punctulatus) str. Cpu	Bacteria	domain	27
331104	Blattabacterium sp. (Blattella germanica) str. Bge	Bacteria	domain	32
1072467	Blattabacterium sp. (Blatta orientalis) str. Tarazona	Bacteria	domain	32
1186051	Blattabacterium sp. (Blaberus giganteus)	Bacteria	domain	31
518	Bordetella bronchiseptica	Bacteria	domain	42
1254439	Bifidobacterium thermophilum RBL67	Bacteria	domain	45
1447715	Bifidobacterium pseudolongum PV8-2	Bacteria	domain	46
1035817	Bifidobacterium longum subsp. longum KACC 91563	Bacteria	domain	49
759350	Bifidobacterium longum subsp. longum JDM301	Bacteria	domain	49
565042	Bifidobacterium longum subsp. longum JCM 1217	Bacteria	domain	65
1300227	Bifidobacterium longum subsp. longum GT15	Bacteria	domain	47
722911	Bifidobacterium longum subsp. longum F8	Bacteria	domain	49
890402	Bifidobacterium longum subsp. longum BBMN68	Bacteria	domain	49
391904	Bifidobacterium longum subsp. infantis ATCC 15697 = JCM 1222 = DSM 20088	Bacteria	domain	74
565040	Bifidobacterium longum subsp. infantis 157F	Bacteria	domain	54
205913	Bifidobacterium longum DJO10A	Bacteria	domain	50
216816	Bifidobacterium longum	Bacteria	domain	56
521010	Borreliella bissettiae DN127	Bacteria	domain	32
1302858	Borrelia miyamotoi LB-2001	Bacteria	domain	31
47466	Borrelia miyamotoi	Bacteria	domain	31
1329908	Borrelia hermsii CC1	Bacteria	domain	31
1421551	Borreliella garinii SZ	Bacteria	domain	33
1234596	Borreliella garinii NMJW1	Bacteria	domain	33
1081646	Borreliella garinii BgVir	Bacteria	domain	32
412419	Borrelia duttonii Ly	Bacteria	domain	32
1155096	Borrelia crocidurae str. Achema	Bacteria	domain	32
1245910	[Borrelia] chilensis	Bacteria	domain	31
445985	Borreliella burgdorferi ZS7	Bacteria	domain	31
521007	Borreliella burgdorferi N40	Bacteria	domain	32
521008	Borreliella burgdorferi JD1	Bacteria	domain	32
1328311	Borreliella burgdorferi CA382	Bacteria	domain	32
1447716	Bifidobacterium catenulatum subsp. puerorum PV20-2	Bacteria	domain	49
1398490	Borreliella afzelii Tom3107	Bacteria	domain	32
390236	Borreliella afzelii PKo	Bacteria	domain	33
411555	Borreliella afzelii K78	Bacteria	domain	32
1239934	Borreliella afzelii HLJ01	Bacteria	domain	32
94624	Bordetella petrii	Bacteria	domain	43
1017264	Bordetella pertussis CS	Bacteria	domain	42
743277	Bordetella pertussis B1917	Bacteria	domain	42
568706	Bordetella pertussis 18323	Bacteria	domain	42
1403053	Bordetella pertussis 137	Bacteria	domain	42
1208660	Bordetella parapertussis Bpp5	Bacteria	domain	43
1247649	Bordetella holmesii ATCC 51541	Bacteria	domain	47
1172205	Bordetella holmesii 44057	Bacteria	domain	48
1184267	Pseudobdellovibrio exovorus JSS	Bacteria	domain	32
1167629	Bifidobacterium animalis subsp. lactis ATCC 27673	Bacteria	domain	48
442563	Bifidobacterium animalis subsp. lactis AD011	Bacteria	domain	48
703613	Bifidobacterium animalis subsp. animalis ATCC 25527	Bacteria	domain	48
28025	Bifidobacterium animalis	Bacteria	domain	48
367928	Bifidobacterium adolescentis ATCC 15703	Bacteria	domain	48
1680	Bifidobacterium adolescentis	Bacteria	domain	53
1171377	Bibersteinia trehalosi USDA-ARS-USMARC-192	Bacteria	domain	37
1263832	Bibersteinia trehalosi USDA-ARS-USMARC-190	Bacteria	domain	39
1263831	Bibersteinia trehalosi USDA-ARS-USMARC-189	Bacteria	domain	37
1263829	Bibersteinia trehalosi USDA-ARS-USMARC-188	Bacteria	domain	37
471853	Beutenbergia cavernae DSM 12333	Bacteria	domain	45
866536	Belliella baltica DSM 15883	Bacteria	domain	34
395963	Beijerinckia indica subsp. indica ATCC 9039	Bacteria	domain	46
1168290	Bifidobacterium animalis subsp. lactis B420	Bacteria	domain	48
765869	Bdellovibrio bacteriovorus W	Bacteria	domain	33
807	Bartonella elizabethae	Bacteria	domain	2
803	Bartonella quintana	Bacteria	domain	2
1069642	Bdellovibrio bacteriovorus str. Tiberius	Bacteria	domain	34
959	Bdellovibrio bacteriovorus	Bacteria	domain	35
1072685	Basilea psittacipulmonis DSM 24701	Bacteria	domain	35
2095	Mycoplasma capricolum	Bacteria	domain	28
2097	Mycoplasmoides genitalium	Bacteria	domain	34
435	Acetobacter aceti	Bacteria	domain	2
33995	Komagataeibacter europaeus	Bacteria	domain	2
2102	Mycoplasma mycoides	Bacteria	domain	15
436	Novacetimonas hansenii	Bacteria	domain	2
702459	Bifidobacterium bifidum PRL2010	Bacteria	domain	50
1341694	Bifidobacterium [indicum] DSM 20214 = LMG 11587	Bacteria	domain	47
401473	Bifidobacterium dentium Bd1	Bacteria	domain	48
1687	Bifidobacterium coryneforme	Bacteria	domain	46
326426	Bifidobacterium breve UCC2003	Bacteria	domain	47
936351	Bifidobacterium breve S27	Bacteria	domain	48
1385941	Bifidobacterium breve NCFB 2258	Bacteria	domain	48
1385940	Bifidobacterium breve JCM 7019	Bacteria	domain	52
1385939	Bifidobacterium breve JCM 7017	Bacteria	domain	48
866777	Bifidobacterium breve ACS-071-V-Sch8b	Bacteria	domain	48
1385942	Bifidobacterium breve 689b	Bacteria	domain	48
1385938	Bifidobacterium breve 12L	Bacteria	domain	48
883062	Bifidobacterium bifidum S17	Bacteria	domain	50
1404258	Bacillus subtilis subsp. subtilis str. OH 131.1	Bacteria	domain	48
484020	Bifidobacterium bifidum BGN4	Bacteria	domain	49
1147128	Bifidobacterium asteroides PRL2011	Bacteria	domain	44
573236	Bifidobacterium animalis subsp. lactis V9	Bacteria	domain	48
1316911	Bifidobacterium animalis subsp. lactis KLDS2.0603	Bacteria	domain	48
555970	Bifidobacterium animalis subsp. lactis DSM 10140	Bacteria	domain	47
1042403	Bifidobacterium animalis subsp. lactis CNCM I-2494	Bacteria	domain	48
1075106	Bifidobacterium animalis subsp. lactis BLC1	Bacteria	domain	48
1281781	Bifidobacterium animalis subsp. lactis Bl12	Bacteria	domain	48
580050	Bifidobacterium animalis subsp. lactis Bl-04	Bacteria	domain	48
742729	Bifidobacterium animalis subsp. lactis Bi-07	Bacteria	domain	48
302911	Bifidobacterium animalis subsp. lactis	Bacteria	domain	48
552531	Bifidobacterium animalis subsp. lactis BB-12	Bacteria	domain	48
1064539	Azospirillum baldaniorum	Bacteria	domain	53
1091041	Bacillus amyloliquefaciens IT-45	Bacteria	domain	51
692420	Bacillus amyloliquefaciens DSM 7 = ATCC 23350	Bacteria	domain	56
1412898	Bacillus amyloliquefaciens CC178	Bacteria	domain	51
1292358	Bacillus amyloliquefaciens KHG19	Bacteria	domain	52
1529886	Bacillus atrophaeus subsp. globigii	Bacteria	domain	48
720555	Bacillus atrophaeus 1942	Bacteria	domain	48
261591	Bacillus anthracis str. Vollum	Bacteria	domain	57
1449979	Bacillus anthracis str. V770-NP-1R	Bacteria	domain	58
322710	Azotobacter vinelandii DJ	Bacteria	domain	43
1283330	Azotobacter vinelandii CA	Bacteria	domain	43
1283331	Azotobacter vinelandii CA6	Bacteria	domain	43
1328314	Azotobacter chroococcum NCIMB 8003	Bacteria	domain	44
137722	Azospirillum sp. B510	Bacteria	domain	49
862719	Azospirillum lipoferum 4B	Bacteria	domain	49
1415165	Bacillus amyloliquefaciens LFB112	Bacteria	domain	51
2970906	Azospirillum argentinense	Bacteria	domain	53
438753	Azorhizobium caulinodans ORS 571	Bacteria	domain	47
748247	Azoarcus sp. KH32C	Bacteria	domain	45
1313	Streptococcus pneumoniae	Bacteria	domain	35
1304	Streptococcus salivarius	Bacteria	domain	37
1143	Synechocystis sp.	Bacteria	domain	42
941639	Heyndrickxia coagulans 2-6	Bacteria	domain	61
269084	Synechococcus elongatus PCC 6301	Bacteria	domain	45
40324	Stenotrophomonas maltophilia	Bacteria	domain	50
345219	Heyndrickxia coagulans 36D1	Bacteria	domain	62
1121088	Heyndrickxia coagulans DSM 1 = ATCC 7050	Bacteria	domain	65
1398	Heyndrickxia coagulans	Bacteria	domain	64
315749	Bacillus cytotoxicus NVH 391-98	Bacteria	domain	50
269801	Bacillus cereus G9241	Bacteria	domain	50
1385727	Bacillus velezensis NAU-B3	Bacteria	domain	51
326423	Bacillus velezensis FZB42	Bacteria	domain	51
1114958	Bacillus velezensis CAU B946	Bacteria	domain	51
1225788	Bacillus velezensis AS43.3	Bacteria	domain	51
64104	Bacillus pseudomycoides	Bacteria	domain	50
637380	Bacillus cereus biovar anthracis str. CI	Bacteria	domain	54
526977	Bacillus cereus ATCC 4342	Bacteria	domain	51
1001582	Bacillus amyloliquefaciens LL3	Bacteria	domain	49
405532	Bacillus cereus B4264	Bacteria	domain	51
1454382	Bacillus cereus D17	Bacteria	domain	49
288681	Bacillus cereus E33L	Bacteria	domain	50
347495	Bacillus cereus F837/76	Bacteria	domain	51
1217984	Bacillus cereus FRI-35	Bacteria	domain	52
376219	Limnospira indica PCC 8005	Bacteria	domain	39
405535	Bacillus cereus AH820	Bacteria	domain	50
405534	Bacillus cereus AH187	Bacteria	domain	49
1396	Bacillus cereus	Bacteria	domain	59
405531	Bacillus cereus G9842	Bacteria	domain	51
334406	Bacillus cereus NC7401	Bacteria	domain	49
361100	Bacillus cereus Q1	Bacteria	domain	51
66692	Shouchella clausii KSM-K16	Bacteria	domain	61
451709	Bacillus cereus 03BB108	Bacteria	domain	50
572264	Bacillus cereus 03BB102	Bacteria	domain	50
649639	Evansella cellulosilytica DSM 2522	Bacteria	domain	39
1330043	Bacillus bombysepticus str. Wang	Bacteria	domain	50
1452	Bacillus atrophaeus	Bacteria	domain	50
492670	Bacillus velezensis	Bacteria	domain	51
1034836	Bacillus amyloliquefaciens XH7	Bacteria	domain	57
301	Ectopseudomonas oleovorans	Bacteria	domain	44
1338518	Bacillus velezensis UCMB5033	Bacteria	domain	51
1155777	Bacillus velezensis YAU B9601-Y2	Bacteria	domain	50
1423138	Bacillus velezensis SQR9	Bacteria	domain	46
727	Haemophilus influenzae	Bacteria	domain	97
1405	Bacillus mycoides	Bacteria	domain	52
999891	Bacillus amyloliquefaciens TA208	Bacteria	domain	49
796606	Bacillus methanolicus MGA3	Bacteria	domain	57
1006007	Priestia megaterium WSH-002	Bacteria	domain	45
573065	Asticcacaulis excentricus CB 48	Bacteria	domain	42
1150476	Bacillus velezensis UCMB5113	Bacteria	domain	52
1392	Bacillus anthracis	Bacteria	domain	81
592021	Bacillus anthracis str. A0248	Bacteria	domain	55
743835	Bacillus anthracis str. A16	Bacteria	domain	55
521095	Lancefieldella parvula DSM 20469	Bacteria	domain	45
673518	Bacillus anthracis str. A16R	Bacteria	domain	56
768494	Bacillus anthracis str. H9401	Bacteria	domain	55
279010	Bacillus licheniformis DSM 13 = ATCC 14580	Bacteria	domain	48
592022	Priestia megaterium DSM 319	Bacteria	domain	46
1348623	Priestia megaterium NBRC 15308 = ATCC 14581	Bacteria	domain	48
545693	Priestia megaterium QM B1551	Bacteria	domain	49
529	Brucella anthropi	Bacteria	domain	46
261594	Bacillus anthracis str. 'Ames Ancestor'	Bacteria	domain	55
568206	Bacillus anthracis str. CDC 684	Bacteria	domain	56
29461	Brucella suis	Bacteria	domain	49
1367477	Bacillus infantis NRRL B-14911	Bacteria	domain	45
29459	Brucella melitensis	Bacteria	domain	2
300	Ectopseudomonas mendocina	Bacteria	domain	2
1452727	Bacillus anthracis str. Turkey32	Bacteria	domain	52
1392837	Bacillus anthracis str. SVA11	Bacteria	domain	57
235	Brucella abortus	Bacteria	domain	54
155892	Caulobacter vibrioides	Bacteria	domain	2
1118963	Arthrobacter sp. Rue61a	Bacteria	domain	48
322098	Aster yellows witches'-broom phytoplasma AYWB	Bacteria	domain	31
329	Ralstonia pickettii	Bacteria	domain	2
1246626	Shouchella lehensis G1	Bacteria	domain	47
766760	Bacillus paralicheniformis ATCC 9945a	Bacteria	domain	48
1648923	Bacillus paralicheniformis	Bacteria	domain	48
1458206	Bacillus velezensis NJN-6	Bacteria	domain	49
1449088	Bacillus velezensis TrigoCor1448	Bacteria	domain	48
1150475	Bacillus velezensis UCMB5036	Bacteria	domain	52
1906844	Wallacemonas collosoma	Eukaryota	domain	4
9823	Sus scrofa	Eukaryota	domain	3
3728	Sinapis alba	Eukaryota	domain	6
1296096	Kwoniella pini CBS 10737	Eukaryota	domain	47
9378	Suncus murinus	Eukaryota	domain	3
9947	Tragelaphus imberbis	Eukaryota	domain	2
1071382	Kazachstania africana CBS 2517	Eukaryota	domain	63
6239	Caenorhabditis elegans	Eukaryota	domain	243
48157	Pseudoechria curvicolla	Eukaryota	domain	4
49226	Larix x marschlinsii	Eukaryota	domain	2
9958	Oryx gazella	Eukaryota	domain	2
655819	Beauveria bassiana ARSEF 2860	Eukaryota	domain	61
759272	Thermochaetoides thermophila DSM 1495	Eukaryota	domain	129
9897	Aepyceros melampus	Eukaryota	domain	2
9538	Erythrocebus patas	Eukaryota	domain	3
1160507	Saccharomyces arboricola H-6	Eukaryota	domain	59
6550	Mytilus edulis	Eukaryota	domain	23
8574	Boa constrictor	Eukaryota	domain	6
4097	Nicotiana tabacum	Eukaryota	domain	30
3873	Lupinus luteus	Eukaryota	domain	4
3350	Pinus thunbergii	Eukaryota	domain	32
3562	Spinacia oleracea	Eukaryota	domain	17
3847	Glycine max	Eukaryota	domain	11
4577	Zea mays	Eukaryota	domain	46
4530	Oryza sativa	Eukaryota	domain	39
2769	Chondrus crispus	Eukaryota	domain	21
3111	Prototheca wickerhamii	Eukaryota	domain	28
3124	Coleochaete orbicularis	Eukaryota	domain	2
5691	Trypanosoma brucei	Eukaryota	domain	16
4129	Cuscuta reflexa	Eukaryota	domain	6
4513	Hordeum vulgare	Eukaryota	domain	7
3339	Pinus contorta	Eukaryota	domain	2
7004	Locusta migratoria	Eukaryota	domain	27
8855	Cairina moschata	Eukaryota	domain	11
5689	Leishmania tarentolae	Eukaryota	domain	10
3885	Phaseolus vulgaris	Eukaryota	domain	9
4558	Sorghum bicolor	Eukaryota	domain	2
8499	Caiman crocodilus	Eukaryota	domain	11
7740	Branchiostoma lanceolatum	Eukaryota	domain	21
3879	Medicago sativa	Eukaryota	domain	1
4089	Nicotiana debneyi	Eukaryota	domain	1
3635	Gossypium hirsutum	Eukaryota	domain	1
4102	Petunia x hybrida	Eukaryota	domain	1
5482	Candida tropicalis	Eukaryota	domain	1
63400	Trichophyton benhamiae	Eukaryota	domain	8
4232	Helianthus annuus	Eukaryota	domain	20
42349	Albinaria caerulea	Eukaryota	domain	21
4481	Aegilops crassa	Eukaryota	domain	1
4493	Aegilops columnaris	Eukaryota	domain	1
6192	Fasciola hepatica	Eukaryota	domain	8
4929	Meyerozyma guilliermondii	Eukaryota	domain	1
36911	Clavispora lusitaniae	Eukaryota	domain	1
34358	Maudiozyma exigua	Eukaryota	domain	2
7141	Choristoneura fumiferana	Eukaryota	domain	1
39655	Pseudoregma bambucicola	Eukaryota	domain	1
599730	Waltiozyma pijperi	Eukaryota	domain	3
5911	Tetrahymena thermophila	Eukaryota	domain	5
3712	Brassica oleracea	Eukaryota	domain	1
4177	Epifagus virginiana	Eukaryota	domain	3
6253	Ascaris suum	Eukaryota	domain	22
1163632	Saccharomyces kudriavzevii FM1069	Eukaryota	domain	3
404692	Coccidioides immitis RMSCC 2394	Eukaryota	domain	82
5141	Neurospora crassa	Eukaryota	domain	7
4932	Saccharomyces cerevisiae	Eukaryota	domain	216
4104	Petunia sp.	Eukaryota	domain	1
5191	Ascobolus immersus	Eukaryota	domain	3
5076	Penicillium chrysogenum	Eukaryota	domain	4
50518	Landoltia punctata	Eukaryota	domain	3
5478	Nakaseomyces glabratus	Eukaryota	domain	68
135651	Caenorhabditis brenneri	Eukaryota	domain	176
1291518	Metarhizium anisopliae BRIP 53293	Eukaryota	domain	81
1089449	Fusarium oxysporum f. sp. vasinfectum 25433	Eukaryota	domain	97
670483	Gloeophyllum trabeum ATCC 11539	Eukaryota	domain	84
8030	Salmo salar	Eukaryota	domain	3
3726	Raphanus sativus	Eukaryota	domain	1
1266766	Neurospora africana FGSC 1740	Eukaryota	domain	60
52029	Chlorogonium elongatum	Eukaryota	domain	3
907738	Williopsis suaveolens	Eukaryota	domain	1
4903	Williopsis jadinii	Eukaryota	domain	1
9544	Macaca mulatta	Eukaryota	domain	3
9545	Macaca nemestrina	Eukaryota	domain	3
9540	Macaca arctoides	Eukaryota	domain	3
9581	Hylobates sp.	Eukaryota	domain	3
9447	Lemur catta	Eukaryota	domain	3
1868482	Carlito syrichta	Eukaryota	domain	205
9521	Saimiri sciureus	Eukaryota	domain	3
9546	Macaca sylvanus	Eukaryota	domain	3
9541	Macaca fascicularis	Eukaryota	domain	3
9548	Macaca radiata	Eukaryota	domain	3
9542	Macaca fuscata	Eukaryota	domain	3
54602	Macaca thibetana	Eukaryota	domain	4
54601	Macaca silenus	Eukaryota	domain	3
54600	Macaca nigra	Eukaryota	domain	3
9551	Macaca assamensis	Eukaryota	domain	3
310752	Balaenoptera acutorostrata scammoni	Eukaryota	domain	508
162425	Aspergillus nidulans	Eukaryota	domain	26
1156965	Wickerhamomyces canadensis	Eukaryota	domain	51
8020	Oncorhynchus masou	Eukaryota	domain	2
1127707	Ganoderma lucidum Xiangnong No.1	Eukaryota	domain	105
1004253	Williopsis mrakii	Eukaryota	domain	7
3161	Tetraselmis subcordiformis	Eukaryota	domain	5
13608	Mantoniella squamata	Eukaryota	domain	1
5684	Leptomonas seymouri	Eukaryota	domain	2
5656	Crithidia fasciculata	Eukaryota	domain	2
99802	Spirometra erinaceieuropaei	Eukaryota	domain	3
64606	Sparganum proliferum	Eukaryota	domain	3
7640	Arbacia lixula	Eukaryota	domain	20
2567821	Dibothriocephalus nihonkaiensis	Eukaryota	domain	3
559295	Lachancea thermotolerans CBS 6340	Eukaryota	domain	72
7244	Drosophila virilis	Eukaryota	domain	3
10093	Mus pahari	Eukaryota	domain	177
4543	Cenchrus americanus	Eukaryota	domain	1
3180	Spirogyra maxima	Eukaryota	domain	1
40843	Macaca tonkeana	Eukaryota	domain	3
9552	Macaca sinica	Eukaryota	domain	3
9771	Balaenoptera musculus	Eukaryota	domain	22
2716877	Euplotes octocarinatus	Eukaryota	domain	1
6096	Podocoryna carnea	Eukaryota	domain	5
4093	Nicotiana rustica	Eukaryota	domain	11
1382522	Kuraishia capsulata CBS 1993	Eukaryota	domain	47
10116	Rattus norvegicus	Eukaryota	domain	58
10090	Mus musculus	Eukaryota	domain	36
3950	Oenothera berteroana	Eukaryota	domain	3
6669	Daphnia pulex	Eukaryota	domain	7
9770	Balaenoptera physalus	Eukaryota	domain	22
1296120	Kwoniella heveanensis BCC8398	Eukaryota	domain	46
9913	Bos taurus	Eukaryota	domain	24
9711	Halichoerus grypus	Eukaryota	domain	20
9720	Phoca vitulina	Eukaryota	domain	22
8049	Gadus morhua	Eukaryota	domain	27
2885	Pylaiella littoralis	Eukaryota	domain	5
2762	Cyanophora paradoxa	Eukaryota	domain	8
1423826	Heterololigo bleekeri	Eukaryota	domain	15
3948	Oenothera sp.	Eukaryota	domain	15
142760	Solanum lycopersicoides	Eukaryota	domain	1
578461	Nosema bombycis CQ1	Eukaryota	domain	75
8502	Crocodylus porosus	Eukaryota	domain	5
8467	Caretta caretta	Eukaryota	domain	5
8400	Aquarana catesbeiana	Eukaryota	domain	12
3055	Chlamydomonas reinhardtii	Eukaryota	domain	97
8485	Malaclemys terrapin	Eukaryota	domain	5
8508	Sphenodon punctatus	Eukaryota	domain	4
8576	Chilabothrus subflavus	Eukaryota	domain	4
7980	Formosania lacustris	Eukaryota	domain	22
9031	Gallus gallus	Eukaryota	domain	203
5480	Lodderomyces parapsilosis	Eukaryota	domain	16
3880	Medicago truncatula	Eukaryota	domain	249
1072389	Drepanopeziza brunnea f. sp. 'multigermtubi' MB_m1	Eukaryota	domain	61
9267	Didelphis virginiana	Eukaryota	domain	1
5551	Trichophyton rubrum	Eukaryota	domain	9
2587412	Podospora anserina	Eukaryota	domain	8
5221	Trimorphomyces papilionaceus	Eukaryota	domain	3
3888	Lathyrus oleraceus	Eukaryota	domain	17
4081	Solanum lycopersicum	Eukaryota	domain	3
8797	Rhea americana	Eukaryota	domain	21
7748	Lampetra fluviatilis	Eukaryota	domain	8
9598	Pan troglodytes	Eukaryota	domain	334
9597	Pan paniscus	Eukaryota	domain	28
711329	Rena dulcis	Eukaryota	domain	9
4896	Schizosaccharomyces pombe	Eukaryota	domain	99
5476	Candida albicans	Eukaryota	domain	5
44689	Dictyostelium discoideum	Eukaryota	domain	21
5833	Plasmodium falciparum	Eukaryota	domain	38
7830	Scyliorhinus canicula	Eukaryota	domain	21
9557	Papio hamadryas	Eukaryota	domain	21
6579	Pecten maximus	Eukaryota	domain	5
9986	Oryctolagus cuniculus	Eukaryota	domain	23
9606	Homo sapiens	Eukaryota	domain	387
7769	Myxine glutinosa	Eukaryota	domain	9
9319	Osphranter robustus	Eukaryota	domain	21
1229662	Pestalotiopsis fici W106-1	Eukaryota	domain	112
1097556	Taphrina deformans PYCC 5710	Eukaryota	domain	62
9593	Gorilla gorilla	Eukaryota	domain	22
9809	Rhinoceros unicornis	Eukaryota	domain	22
28985	Kluyveromyces lactis	Eukaryota	domain	4
4565	Triticum aestivum	Eukaryota	domain	33
2585209	Trichonephila clavipes	Eukaryota	domain	4
69830	Asterina amurensis	Eukaryota	domain	1
7091	Bombyx mori	Eukaryota	domain	5
4113	Solanum tuberosum	Eukaryota	domain	7
3708	Brassica napus	Eukaryota	domain	362
3702	Arabidopsis thaliana	Eukaryota	domain	226
5811	Toxoplasma gondii	Eukaryota	domain	6
10181	Heterocephalus glaber	Eukaryota	domain	201
8519	Sceloporus occidentalis	Eukaryota	domain	18
9793	Equus asinus	Eukaryota	domain	19
9796	Equus caballus	Eukaryota	domain	23
8801	Struthio camelus	Eukaryota	domain	19
463521	Plestiodon egregius	Eukaryota	domain	11
9580	Hylobates lar	Eukaryota	domain	21
9365	Erinaceus europaeus	Eukaryota	domain	24
9590	Symphalangus syndactylus	Eukaryota	domain	11
9883	Hydropotes inermis	Eukaryota	domain	2
2771	Cyanidium caldarium	Eukaryota	domain	6
2767	Antithamnion sp.	Eukaryota	domain	2
3031	Cryptomonas sp.	Eukaryota	domain	3
3039	Euglena gracilis	Eukaryota	domain	28
9917	Boselaphus tragocamelus	Eukaryota	domain	2
9600	Pongo pygmaeus	Eukaryota	domain	25
43334	Mazama americana	Eukaryota	domain	1
64668	Lagopus muta	Eukaryota	domain	1
9534	Chlorocebus aethiops	Eukaryota	domain	1
83000	Olisthodiscus luteus	Eukaryota	domain	2
9805	Diceros bicornis	Eukaryota	domain	2
103582	Cephalorhynchus commersonii	Eukaryota	domain	3
8022	Oncorhynchus mykiss	Eukaryota	domain	3
9860	Cervus elaphus	Eukaryota	domain	5
5889	Paramecium aurelia	Eukaryota	domain	3
3037	Euglena longa	Eukaryota	domain	15
31871	Lethenteron zanandreai	Eukaryota	domain	1
7750	Lampetra planeri	Eukaryota	domain	1
3072	Pseudochlorella pringsheimii	Eukaryota	domain	5
9807	Ceratotherium simum	Eukaryota	domain	20
7160	Aedes albopictus	Eukaryota	domain	9
9962	Kobus ellipsiprymnus	Eukaryota	domain	2
69308	Eudorcas thomsonii	Eukaryota	domain	2
37171	Damaliscus pygargus dorcas	Eukaryota	domain	2
907741	Philantomba maxwellii	Eukaryota	domain	2
7460	Apis mellifera	Eukaryota	domain	22
7227	Drosophila melanogaster	Eukaryota	domain	149
7957	Carassius auratus	Eukaryota	domain	21
43455	Cathartes aura	Eukaryota	domain	10
1514140	Trieres chinensis	Eukaryota	domain	39
7245	Drosophila yakuba	Eukaryota	domain	22
8469	Chelonia mydas	Eukaryota	domain	5
332648	Botrytis cinerea B05.10	Eukaryota	domain	78
335395	Actinemys marmorata	Eukaryota	domain	5
52435	Coleonyx variegatus	Eukaryota	domain	11
8501	Crocodylus niloticus	Eukaryota	domain	11
9361	Dasypus novemcinctus	Eukaryota	domain	21
3197	Marchantia polymorpha	Eukaryota	domain	59
9271	Philander	Eukaryota	domain	1
5908	Tetrahymena pyriformis	Eukaryota	domain	8
29844	Penicillium urticae	Eukaryota	domain	7
3906	Vicia faba	Eukaryota	domain	7
3659	Cucumis sativus	Eukaryota	domain	1
8496	Alligator mississippiensis	Eukaryota	domain	34
332952	Aspergillus flavus NRRL3357	Eukaryota	domain	104
4792	Phytophthora nicotianae	Eukaryota	domain	1
8255	Paralichthys olivaceus	Eukaryota	domain	11
42725	Metachirus nudicaudatus	Eukaryota	domain	2
746128	Aspergillus fumigatus	Eukaryota	domain	4
9269	Marmosa	Eukaryota	domain	1
658429	Pseudogymnoascus destructans 20631-21	Eukaryota	domain	67
1367536	Exutisphaerella laricina CBS 326.52	Eukaryota	domain	44
644358	Magnaporthiopsis poae ATCC 64411	Eukaryota	domain	84
717646	Baudoinia panamericana UAMH 10762	Eukaryota	domain	29
1016849	Exophiala sideris	Eukaryota	domain	14
685588	Galerina marginata CBS 339.88	Eukaryota	domain	89
3188	Picochlorum eukaryotum (nom. inval.)	Eukaryota	domain	2
7213	Ceratitis capitata	Eukaryota	domain	6
15368	Brachypodium distachyon	Eukaryota	domain	142
469470	Coccidioides posadasii RMSCC 2133	Eukaryota	domain	87
37197	Aspidoscelis uniparens	Eukaryota	domain	3
6662	Artemia sp.	Eukaryota	domain	2
6941	Rhipicephalus microplus	Eukaryota	domain	1
7612	Pisaster ochraceus	Eukaryota	domain	15
27779	Protopterus dolloi	Eukaryota	domain	22
936435	Serpula lacrymans var. lacrymans S7.3	Eukaryota	domain	140
7594	Patiria pectinifera	Eukaryota	domain	25
66434	Madoqua kirkii	Eukaryota	domain	2
7603	Asterias forbesi	Eukaryota	domain	11
7962	Cyprinus carpio	Eukaryota	domain	23
7656	Paracentrotus lividus	Eukaryota	domain	23
7166	Anopheles quadrimaculatus	Eukaryota	domain	22
8839	Anas platyrhynchos	Eukaryota	domain	11
7668	Strongylocentrotus purpuratus	Eukaryota	domain	368
5755	Acanthamoeba castellanii	Eukaryota	domain	10
8355	Xenopus laevis	Eukaryota	domain	35
554155	Microsporum canis CBS 113480	Eukaryota	domain	58
1296119	Kwoniella heveanensis CBS 569	Eukaryota	domain	48
392613	Ascosphaera apis ARSEF 7405	Eukaryota	domain	82
1266714	Neurospora pannonica FGSC 7221	Eukaryota	domain	74
229533	Fusarium graminearum PH-1	Eukaryota	domain	94
1043627	Hirsutella minnesotensis 3608	Eukaryota	domain	76
1213857	Colletotrichum orbiculare MAFF 240422	Eukaryota	domain	196
665024	Bipolaris maydis ATCC 48331	Eukaryota	domain	49
447095	Blastomyces dermatitidis ATCC 26199	Eukaryota	domain	72
2790670	Closterium sp. NIES-67	Eukaryota	domain	176
931890	Eremothecium cymbalariae DBVPG#7215	Eukaryota	domain	62
1851006	Phialophora macrospora	Eukaryota	domain	24
1287681	Eutypa lata UCREL1	Eukaryota	domain	100
1300067	Flammulina velutipes KACC42780	Eukaryota	domain	109
8790	Dromaius novaehollandiae	Eukaryota	domain	1
296587	Micromonas commoda	Eukaryota	domain	45
8456	Typhlonectes natans	Eukaryota	domain	1
8404	Lithobates pipiens	Eukaryota	domain	1
8337	Plethodon yonahlossee	Eukaryota	domain	1
8453	Ichthyophis bannanicus	Eukaryota	domain	1
43481	Epicrionops sp.	Eukaryota	domain	1
8381	Eleutherodactylus cuneatus	Eukaryota	domain	1
7883	Lepidosiren paradoxa	Eukaryota	domain	1
8296	Ambystoma mexicanum	Eukaryota	domain	1
4039	Daucus carota	Eukaryota	domain	1
36748	Orobanche minor	Eukaryota	domain	1
5802	Eimeria tenella	Eukaryota	domain	1
3054	Chlamydomonas moewusii	Eukaryota	domain	1
284593	Nakaseomyces glabratus CBS 138	Eukaryota	domain	47
1220924	Cyphellophora europaea CBS 101466	Eukaryota	domain	35
696363	Epichloe festucae E2368	Eukaryota	domain	76
1069443	Podila verticillata NRRL 6337	Eukaryota	domain	55
441959	Talaromyces stipitatus ATCC 10500	Eukaryota	domain	84
871575	Ogataea parapolymorpha DL-1	Eukaryota	domain	43
1143193	Pyricularia oryzae P131	Eukaryota	domain	102
367775	Cryptococcus gattii WM276	Eukaryota	domain	49
7220	Drosophila erecta	Eukaryota	domain	77
1080344	Fusarium oxysporum f. sp. pisi HDV247	Eukaryota	domain	97
559304	Millerozyma farinosa CBS 7064	Eukaryota	domain	65
31033	Takifugu rubripes	Eukaryota	domain	263
36329	Plasmodium falciparum 3D7	Eukaryota	domain	44
91928	Exophiala spinifera	Eukaryota	domain	36
8341	Siren intermedia	Eukaryota	domain	1
1301520	Cronartium quercuum f. sp. banksianae CqE3WM	Eukaryota	domain	54
1163648	Saccharomyces kudriavzevii IFO1803	Eukaryota	domain	1
1296123	Kwoniella mangroviensis CBS 8886	Eukaryota	domain	54
578455	Thermothielavioides terrestris NRRL 8126	Eukaryota	domain	94
1163636	Saccharomyces kudriavzevii FM1078	Eukaryota	domain	5
5661	Leishmania donovani	Eukaryota	domain	1
5791	Badhamia polycephala	Eukaryota	domain	1
6116	Metridium senile	Eukaryota	domain	1
5886	Paramecium primaurelia	Eukaryota	domain	2
5888	Paramecium tetraurelia	Eukaryota	domain	2
69492	Tinamus tao	Eukaryota	domain	1
990650	Sphaerobolus stellatus SS14	Eukaryota	domain	522
721885	Stereum hirsutum FP-91666 SS1	Eukaryota	domain	160
9872	Odocoileus hemionus	Eukaryota	domain	2
573729	Thermothelomyces thermophilus ATCC 42464	Eukaryota	domain	103
7739	Branchiostoma floridae	Eukaryota	domain	171
344612	Aspergillus clavatus NRRL 1	Eukaryota	domain	102
1296111	Cryptococcus bacillisporus CA1873	Eukaryota	domain	50
933388	Penicillium oxalicum 114-2	Eukaryota	domain	75
653667	Schizosaccharomyces cryophilus OY26	Eukaryota	domain	63
28007	Phytomonas sp.	Eukaryota	domain	1
2929754	Myodes rufocanus	Eukaryota	domain	1
8150	Tropheus moorii	Eukaryota	domain	1
283035	Sander lucioperca	Eukaryota	domain	1
8168	Perca fluviatilis	Eukaryota	domain	1
13489	Dicentrarchus labrax	Eukaryota	domain	3
9863	Cervus nippon	Eukaryota	domain	2
44322	Limtongozyma cylindracea	Eukaryota	domain	1
7904	Acipenser transmontanus	Eukaryota	domain	2
136037	Zootermopsis nevadensis	Eukaryota	domain	105
7936	Anguilla anguilla	Eukaryota	domain	1
65739	Anarhichas minor	Eukaryota	domain	1
1296109	Cryptococcus bacillisporus CA1280	Eukaryota	domain	50
1442368	Fonsecaea pedrosoi CBS 271.37	Eukaryota	domain	26
655863	Grosmannia clavigera kw1407	Eukaryota	domain	69
1156157	Fulvia fulva CBS 131901	Eukaryota	domain	44
418459	Puccinia graminis f. sp. tritici CRL 75-36-700-3	Eukaryota	domain	129
46617	Saccharomyces douglasii	Eukaryota	domain	1
140635	Pohlia nutans	Eukaryota	domain	359
1165456	Saccharomyces kudriavzevii ZP591	Eukaryota	domain	20
1089451	Fusarium odoratissimum NRRL 54006	Eukaryota	domain	89
1296122	Kwoniella mangroviensis CBS 8507	Eukaryota	domain	52
403673	Batrachochytrium dendrobatidis JEL423	Eukaryota	domain	55
3218	Physcomitrium patens	Eukaryota	domain	126
1071378	Naumovozyma dairenensis CBS 421	Eukaryota	domain	76
544712	Histoplasma capsulatum H143	Eukaryota	domain	50
4032	Pelargonium zonale	Eukaryota	domain	1
4681	Allium ampeloprasum	Eukaryota	domain	1
3032	Hanusia phi	Eukaryota	domain	3
3329	Picea abies	Eukaryota	domain	1
7602	Asterias amurensis	Eukaryota	domain	2
5665	Leishmania mexicana	Eukaryota	domain	1
999810	Botrytis cinerea T4	Eukaryota	domain	74
7240	Drosophila simulans	Eukaryota	domain	2
85549	Artemia salina	Eukaryota	domain	1
31287	Dictyostelium mucoroides	Eukaryota	domain	2
284813	Encephalitozoon cuniculi GB-M1	Eukaryota	domain	46
7222	Drosophila grimshawi	Eukaryota	domain	95
745531	Phlebiopsis gigantea 11061_1 CR5-6	Eukaryota	domain	87
694068	Fomitiporia mediterranea MF3/22	Eukaryota	domain	64
1288291	Anncaliia algerae PRA339	Eukaryota	domain	45
2576442	Spirogloea muscicola	Eukaryota	domain	94
9305	Sarcophilus harrisii	Eukaryota	domain	165
1136490	Sphaerulina populicola P02.02b	Eukaryota	domain	58
1429867	Penicillium camemberti FM 013	Eukaryota	domain	82
30611	Otolemur garnettii	Eukaryota	domain	190
665912	Bipolaris sorokiniana ND90Pr	Eukaryota	domain	45
644352	Gaeumannomyces tritici R3-111a-1	Eukaryota	domain	116
660122	Fusarium vanettenii 77-13-4	Eukaryota	domain	90
1296110	Cryptococcus deuterogattii Ram5	Eukaryota	domain	51
1306134	Blumeria graminis f. sp. tritici JIW2	Eukaryota	domain	153
29730	Gossypium raimondii	Eukaryota	domain	272
469471	Coccidioides posadasii RMSCC 3700	Eukaryota	domain	84
46245	Drosophila pseudoobscura pseudoobscura	Eukaryota	domain	103
911162	Ophiocordyceps sinensis CO18	Eukaryota	domain	76
1305764	Pseudozyma hubeiensis SY62	Eukaryota	domain	60
1052797	Pochonia chlamydosporia 123	Eukaryota	domain	25
454284	Coccidioides posadasii RMSCC 3488	Eukaryota	domain	83
1301419	Opeltia flavorubescens	Eukaryota	domain	48
10089	Mus caroli	Eukaryota	domain	192
222929	Coccidioides posadasii C735 delta SOWgp	Eukaryota	domain	91
7230	Drosophila mojavensis	Eukaryota	domain	91
1163639	Saccharomyces kudriavzevii FM1073	Eukaryota	domain	1
573826	Candida dubliniensis CD36	Eukaryota	domain	55
1296107	Cryptococcus deuterogattii CA1014	Eukaryota	domain	50
1163640	Saccharomyces kudriavzevii FM1074	Eukaryota	domain	1
1163637	Saccharomyces kudriavzevii FM1079	Eukaryota	domain	2
4950	Torulaspora delbrueckii	Eukaryota	domain	50
1157616	Hortaea werneckii EXF-2000	Eukaryota	domain	65
1080343	Fusarium oxysporum f. sp. lycopersici MN25	Eukaryota	domain	96
566037	[Ashbya] aceris (nom. inval.)	Eukaryota	domain	63
166479	Homolaphlyctis polyrhiza JEL 142	Eukaryota	domain	56
306901	Chaetomium globosum CBS 148.51	Eukaryota	domain	87
283643	Cryptococcus deneoformans B-3501A	Eukaryota	domain	50
1263415	Endocarpon pusillum Z07020	Eukaryota	domain	45
1116229	Glarea lozoyensis ATCC 20868	Eukaryota	domain	61
5762	Naegleria gruberi	Eukaryota	domain	100
334819	Fusarium verticillioides 7600	Eukaryota	domain	94
660027	Fusarium oxysporum Fo47	Eukaryota	domain	96
1334442	Cryptococcus deuterogattii 2001/935-1	Eukaryota	domain	51
655827	Metarhizium acridum CQMa 102	Eukaryota	domain	80
578456	Tremella mesenterica DSM 1558	Eukaryota	domain	35
1343157	Spathaspora arborariae UFMG-19.1A	Eukaryota	domain	66
39432	Saimiri boliviensis boliviensis	Eukaryota	domain	167
1277687	Pseudozyma flocculosa PF-1	Eukaryota	domain	82
655844	Metarhizium robertsii ARSEF 23	Eukaryota	domain	85
3225	Ceratodon purpureus	Eukaryota	domain	396
1220926	Mucor circinelloides 1006PhL	Eukaryota	domain	57
1266715	Neurospora terricola FGSC 1889	Eukaryota	domain	73
1163638	Saccharomyces kudriavzevii FM1072	Eukaryota	domain	4
665079	Sclerotinia sclerotiorum 1980 UF-70	Eukaryota	domain	77
1365484	Penicillium roqueforti FM164	Eukaryota	domain	78
1266767	Neurospora sublineolata FGSC 5508	Eukaryota	domain	70
741705	Coniophora puteana RWD-64-598 SS2	Eukaryota	domain	71
490065	Coccidioides posadasii RMSCC 1037	Eukaryota	domain	73
688394	Lichtheimia ramosa	Eukaryota	domain	74
1016881	Ascocoryne sarcoides NRRL 50072	Eukaryota	domain	85
333113	Mycosphaerella sp. Ston1	Eukaryota	domain	52
441960	Talaromyces marneffei ATCC 18224	Eukaryota	domain	79
1043628	Drechslerella stenobrocha 248	Eukaryota	domain	48
1263492	Curvularia lunata CX-3	Eukaryota	domain	62
426418	Pyrenophora tritici-repentis Pt-1C-BFP	Eukaryota	domain	47
1163646	Saccharomyces kudriavzevii IFO10990	Eukaryota	domain	13
374272	Kluyveromyces marxianus var. marxianus	Eukaryota	domain	61
447093	Histoplasma capsulatum G186AR	Eukaryota	domain	53
4222	Carthamus tinctorius	Eukaryota	domain	146
1136231	Lodderomyces orthopsilosis Co 90-125	Eukaryota	domain	47
510951	Neurospora tetrasperma FGSC 2508	Eukaryota	domain	111
1037528	Vairimorpha apis BRL 01	Eukaryota	domain	50
34163	Pleurozium schreberi	Eukaryota	domain	82
930990	Botryobasidium botryosum FD-172 SS1	Eukaryota	domain	87
1432307	Sclerotinia borealis F-4128	Eukaryota	domain	95
43179	Ictidomys tridecemlineatus	Eukaryota	domain	244
1331946	Pseudopyrenochaeta lycopersici CRA-PAV_ER 1211	Eukaryota	domain	62
981350	Komagataella phaffii CBS 7435	Eukaryota	domain	59
1071383	Huiozyma naganishii CBS 8797	Eukaryota	domain	60
1229664	Fusarium oxysporum f. sp. cubense race 1	Eukaryota	domain	99
322104	Scheffersomyces stipitis CBS 6054	Eukaryota	domain	51
1143189	Pyricularia oryzae Y34	Eukaryota	domain	113
7217	Drosophila ananassae	Eukaryota	domain	90
1279043	Cladophialophora carrionii CBS 160.54	Eukaryota	domain	29
13818	Adiantum capillus-veneris	Eukaryota	domain	278
469472	Coccidioides posadasii CPA 0001	Eukaryota	domain	81
1230383	Malassezia sympodialis ATCC 42132	Eukaryota	domain	51
1331196	Kwoniella mangroviensis CBS 10435	Eukaryota	domain	57
116150	Pararge aegeria	Eukaryota	domain	133
1215603	Fusarium fujikuroi B14	Eukaryota	domain	100
27288	Naumovozyma castellii	Eukaryota	domain	67
1301515	Cronartium comandrae C4	Eukaryota	domain	142
9358	Choloepus hoffmanni	Eukaryota	domain	242
546991	Blumeria hordei DH14	Eukaryota	domain	166
9483	Callithrix jacchus	Eukaryota	domain	200
490066	Coccidioides posadasii RMSCC 1038	Eukaryota	domain	77
436017	Ostreococcus lucimarinus CCE9901	Eukaryota	domain	41
944288	Plicaturopsis crispa FD-325 SS-3	Eukaryota	domain	64
2059318	Histoplasma mississippiense	Eukaryota	domain	53
663202	Trichophyton verrucosum HKI 0517	Eukaryota	domain	61
84753	Moesziomyces antarcticus	Eukaryota	domain	62
1170230	Penicillium digitatum Pd1	Eukaryota	domain	63
1089457	Fusarium oxysporum f. sp. conglutinans race 2 54008	Eukaryota	domain	99
559297	Blastomyces dermatitidis ER-3	Eukaryota	domain	59
214684	Cryptococcus deneoformans JEC21	Eukaryota	domain	49
1163633	Saccharomyces kudriavzevii FM1056	Eukaryota	domain	7
1314674	Cylindrobasidium torrendii FP15055 ss-10	Eukaryota	domain	102
31234	Caenorhabditis remanei	Eukaryota	domain	151
3068	Volvox carteri f. nagariensis	Eukaryota	domain	358
1151754	Moesziomyces antarcticus T-34	Eukaryota	domain	56
500485	Penicillium rubens Wisconsin 54-1255	Eukaryota	domain	75
41875	Bathycoccus prasinos	Eukaryota	domain	33
1128401	Omphalotus olearius VT 653.13	Eukaryota	domain	97
1089452	Fusarium oxysporum f. sp. melonis 26406	Eukaryota	domain	97
1089458	Fusarium oxysporum f. sp. raphani 54005	Eukaryota	domain	99
1379160	Lignosus rhinocerotis TM02	Eukaryota	domain	101
402676	Schizosaccharomyces japonicus yFS275	Eukaryota	domain	98
1283841	Stachybotrys chlorohalonatus IBT 40285	Eukaryota	domain	78
1077286	Ganoderma lucidum G.260125-1	Eukaryota	domain	97
128215	Sphagnum magellanicum	Eukaryota	domain	163
1284197	Dactylellina haptotyla CBS 200.50	Eukaryota	domain	77
930992	Suillus luteus UH-Slu-Lm8-n1	Eukaryota	domain	69
1283842	Stachybotrys chartarum IBT 40288	Eukaryota	domain	77
1367541	Pseudocercospora pini-densiflorae CBS 125139	Eukaryota	domain	50
907965	Encephalitozoon hellem ATCC 50504	Eukaryota	domain	45
2126942	Fomitopsis schrenkii	Eukaryota	domain	88
257627	Dunaliella primolecta	Eukaryota	domain	79
1442371	Fonsecaea multimorphosa CBS 102226	Eukaryota	domain	27
347515	Leishmania major strain Friedlin	Eukaryota	domain	49
1290454	Mucor irregularis B50	Eukaryota	domain	67
1280524	Stachybotrys chartarum IBT 40293	Eukaryota	domain	78
54126	Pristionchus pacificus	Eukaryota	domain	335
1417757	Amanita jacksonii TRTC168611	Eukaryota	domain	91
105785	Cryptotermes secundus	Eukaryota	domain	128
2502994	Fusarium odoratissimum	Eukaryota	domain	93
1913371	Nematocida ausubeli	Eukaryota	domain	46
9555	Papio anubis	Eukaryota	domain	233
1286976	Phaeoacremonium minimum UCRPA7	Eukaryota	domain	73
1367079	Lecanosticta acicola CBS 871.95	Eukaryota	domain	79
1400770	Cladonia metacorallifera KoLRI002260	Eukaryota	domain	41
510516	Aspergillus oryzae RIB40	Eukaryota	domain	99
2820187	Bolinopsis microptera	Eukaryota	domain	99
7868	Callorhinchus milii	Eukaryota	domain	703
3144	Chlorokybus atmophyticus	Eukaryota	domain	110
1240226	Puccinia striiformis f. sp. tritici CY32	Eukaryota	domain	224
933390	Penicillium oxalicum JU-A10-T	Eukaryota	domain	64
99883	Tetraodon nigroviridis	Eukaryota	domain	241
1215336	Trichophyton interdigitale H6	Eukaryota	domain	61
502779	Paracoccidioides lutzii Pb01	Eukaryota	domain	69
481877	Enterocytozoon bieneusi H348	Eukaryota	domain	45
284592	Debaryomyces hansenii CBS767	Eukaryota	domain	55
569365	Cladophialophora immunda	Eukaryota	domain	27
1302712	Pyrenophora seminiperda CCB06	Eukaryota	domain	61
1385412	Cryptococcus deuterogattii CBS 7750	Eukaryota	domain	50
91626	Mucor ambiguus	Eukaryota	domain	64
36927	Nilaparvata lugens yeast-like symbiont	Eukaryota	domain	68
483514	Schizosaccharomyces octosporus yFS286	Eukaryota	domain	63
9669	Mustela putorius furo	Eukaryota	domain	244
644223	Komagataella phaffii GS115	Eukaryota	domain	60
1178016	Encephalitozoon romaleae SJ-2008	Eukaryota	domain	45
599839	Fibroporia radiculosa	Eukaryota	domain	87
200751	Syntrichia caninervis	Eukaryota	domain	313
944289	Collybiopsis luxurians FD-317 M1	Eukaryota	domain	162
1296100	Kwoniella bestiolae CBS 10118	Eukaryota	domain	53
936046	Agaricus bisporus var. bisporus H97	Eukaryota	domain	83
226302	Lachancea kluyveri NRRL Y-12651	Eukaryota	domain	57
1292256	Penicillium paxilli ATCC 26601	Eukaryota	domain	70
877507	Epichloe festucae Fl1	Eukaryota	domain	76
246410	Coccidioides immitis RS	Eukaryota	domain	82
1388766	Aspergillus ruber CBS 135680	Eukaryota	domain	70
1280523	Stachybotrys chartarum IBT 7711	Eukaryota	domain	78
348802	Exophiala xenobiotica	Eukaryota	domain	33
1296104	Cryptococcus deuterogattii 99/473	Eukaryota	domain	57
42254	Sorex araneus	Eukaryota	domain	179
69293	Gasterosteus aculeatus	Eukaryota	domain	507
1240240	Anncaliia algerae PRA109	Eukaryota	domain	47
35722	Parasitella parasitica	Eukaryota	domain	116
318829	Pyricularia oryzae	Eukaryota	domain	100
597362	Agaricus bisporus var. burnettii JB137-S8	Eukaryota	domain	93
985895	Plenodomus lingam JN3	Eukaryota	domain	61
933084	Jaapia argillacea MUCL 33604	Eukaryota	domain	102
876142	Encephalitozoon intestinalis ATCC 50506	Eukaryota	domain	45
983644	Cordyceps militaris CM01	Eukaryota	domain	81
994086	Hydnomerulius pinastri MD-312	Eukaryota	domain	79
927772	Aspergillus sojae NBRC 4239	Eukaryota	domain	110
379508	Lodderomyces elongisporus NRRL YB-4239	Eukaryota	domain	42
30608	Microcebus murinus	Eukaryota	domain	178
645133	Colletotrichum graminicola M1.001	Eukaryota	domain	110
499914	Rhopilema esculentum	Eukaryota	domain	59
660029	Fusarium oxysporum NRRL 32931	Eukaryota	domain	99
1290391	Botrytis cinerea BcDW1	Eukaryota	domain	81
1764295	Chloropicon primus	Eukaryota	domain	47
10020	Dipodomys ordii	Eukaryota	domain	176
1301521	Cronartium ribicola 11-2	Eukaryota	domain	567
578457	Serpula lacrymans var. lacrymans S7.9	Eukaryota	domain	138
1271791	Pyricularia oryzae KJ201	Eukaryota	domain	103
1391915	Sporothrix schenckii ATCC 58251	Eukaryota	domain	58
1202554	Cerataphis brasiliensis yeast-like symbiont	Eukaryota	domain	65
341663	Aspergillus terreus NIH2624	Eukaryota	domain	67
80661	Phlebopus portentosus	Eukaryota	domain	81
1344414	Trichoderma reesei RUT C-30	Eukaryota	domain	70
1104152	Glarea lozoyensis 74030	Eukaryota	domain	64
1165457	Saccharomyces kudriavzevii FM1071	Eukaryota	domain	1
1268274	Blumeria graminis f. sp. tritici 96224	Eukaryota	domain	146
490068	Coccidioides posadasii CPA 0020	Eukaryota	domain	77
235443	Cryptococcus neoformans H99	Eukaryota	domain	50
184485	Mesotaenium endlicherianum	Eukaryota	domain	169
1170229	Penicillium digitatum PHI26	Eukaryota	domain	62
701091	Bipolaris maydis C5	Eukaryota	domain	59
1163644	Saccharomyces kudriavzevii FM1077	Eukaryota	domain	4
39416	Tuber melanosporum	Eukaryota	domain	104
1215331	Trichophyton soudanense CBS 452.61	Eukaryota	domain	58
861557	Pyrenophora teres f. teres 0-1	Eukaryota	domain	60
59463	Myotis lucifugus	Eukaryota	domain	128
454286	Coccidioides immitis RMSCC 3703	Eukaryota	domain	81
559882	Trichophyton equinum CBS 127.97	Eukaryota	domain	58
999809	Sporisorium reilianum SRZ2	Eukaryota	domain	72
578462	Allomyces macrogynus ATCC 38327	Eukaryota	domain	174
132261	Cuscuta campestris	Eukaryota	domain	333
53036	Sphagnum fallax	Eukaryota	domain	115
284811	Eremothecium gossypii ATCC 10895	Eukaryota	domain	69
1316740	Aspergillus niger SH-2	Eukaryota	domain	91
1306135	Blumeria graminis f. sp. tritici 94202	Eukaryota	domain	166
8478	Chrysemys picta bellii	Eukaryota	domain	385
1245769	Lachancea lanzarotensis	Eukaryota	domain	56
331117	Aspergillus fischeri NRRL 181	Eukaryota	domain	96
630390	Puccinia triticina 1-1 BBBD Race 1	Eukaryota	domain	177
578458	Schizophyllum commune H4-8	Eukaryota	domain	121
1151026	Cladosporium sphaerospermum UM 843	Eukaryota	domain	64
49012	Sporisorium scitamineum	Eukaryota	domain	76
443226	Coccidioides posadasii str. Silveira	Eukaryota	domain	85
535722	Nannizzia gypsea CBS 118893	Eukaryota	domain	58
29902	Mrakia frigida	Eukaryota	domain	58
61853	Nomascus leucogenys	Eukaryota	domain	229
502780	Paracoccidioides brasiliensis Pb18	Eukaryota	domain	72
10096	Mus spretus	Eukaryota	domain	190
1220162	Trichosporon asahii var. asahii CBS 8904	Eukaryota	domain	114
1163641	Saccharomyces kudriavzevii FM1062	Eukaryota	domain	1
1403702	Hormiphora californensis	Eukaryota	domain	64
544711	Histoplasma capsulatum var. duboisii H88	Eukaryota	domain	55
364733	Endocarpon pusillum	Eukaryota	domain	30
281687	Caenorhabditis japonica	Eukaryota	domain	144
28377	Anolis carolinensis	Eukaryota	domain	113
1442370	Cladophialophora bantiana CBS 173.52	Eukaryota	domain	29
4362	Dionaea muscipula	Eukaryota	domain	238
1287680	Neofusicoccum parvum UCRNP2	Eukaryota	domain	68
1137138	Pleurotus ostreatus PC15	Eukaryota	domain	77
1365824	Kalmanozyma brasiliensis GHG001	Eukaryota	domain	61
383855	Pseudocercospora fijiensis CIRAD86	Eukaryota	domain	83
1071381	Tetrapisispora phaffii CBS 4417	Eukaryota	domain	58
1089448	Fusarium oxysporum f. sp. radicis-lycopersici 26381	Eukaryota	domain	101
881290	Nematocida parisii ERTm1	Eukaryota	domain	46
1262450	Ophiostoma piceae UAMH 11346	Eukaryota	domain	81
226230	Saccharomyces kudriavzevii IFO 1802	Eukaryota	domain	63
5061	Aspergillus niger	Eukaryota	domain	89
1353983	Cladonia macilenta KoLRI003786	Eukaryota	domain	48
747676	Melampsora larici-populina 98AG31	Eukaryota	domain	131
647933	Trichophyton tonsurans CBS 112818	Eukaryota	domain	62
1071380	Henningerozyma blattae CBS 6284	Eukaryota	domain	80
683840	Microbotryum lychnidis-dioicae p1A1 Lamole	Eukaryota	domain	65
1291519	Metarhizium anisopliae BRIP 53284	Eukaryota	domain	80
3983	Manihot esculenta	Eukaryota	domain	257
510952	Neurospora tetrasperma FGSC 2509	Eukaryota	domain	120
486041	Laccaria bicolor S238N-H82	Eukaryota	domain	167
29760	Vitis vinifera	Eukaryota	domain	145
128442	Talaromyces pinophilus	Eukaryota	domain	61
1298852	Melampsora pinitorqua Mpini7	Eukaryota	domain	139
1033177	Aspergillus luchuensis IFO 4308	Eukaryota	domain	93
653446	Blastomyces dermatitidis ATCC 18188	Eukaryota	domain	60
28468	Rhytidiadelphus loreus	Eukaryota	domain	215
242507	Pyricularia oryzae 70-15	Eukaryota	domain	90
69332	Chara braunii	Eukaryota	domain	342
684364	Batrachochytrium dendrobatidis JAM81	Eukaryota	domain	54
2732015	Cladorhizidae sp. MBARI D1340-BT2	Eukaryota	domain	74
482561	Paracoccidioides brasiliensis Pb03	Eukaryota	domain	70
1224258	Ophiostoma novo-ulmi subsp. novo-ulmi H327	Eukaryota	domain	77
1300066	Endocronartium harknessii PhW48OC	Eukaryota	domain	170
1296121	Kwoniella dejecticola CBS 10117	Eukaryota	domain	51
105231	Klebsormidium nitens	Eukaryota	domain	63
3694	Populus trichocarpa	Eukaryota	domain	166
1163647	Saccharomyces kudriavzevii IFO10991	Eukaryota	domain	12
67428	Thuidium tamariscinum	Eukaryota	domain	76
1163643	Saccharomyces kudriavzevii FM1076	Eukaryota	domain	2
1296102	Cryptococcus gattii E566	Eukaryota	domain	50
7159	Aedes aegypti	Eukaryota	domain	174
663331	Trichophyton benhamiae CBS 112371	Eukaryota	domain	60
9315	Notamacropus eugenii	Eukaryota	domain	172
1128425	Fistulina hepatica ATCC 64428	Eukaryota	domain	93
1777065	Pseudomonas phage vB_PsyM_KIL1	Viruses	acellular root	2
1211642	Caulobacter virus Magneto	Viruses	acellular root	10
2713322	Salmonella phage smaug	Viruses	acellular root	7
1913044	Mycobacterium phage Lukilu	Viruses	acellular root	12
1527519	Escherichia phage Av-05	Viruses	acellular root	9
1458714	Mycobacterium phage Seabiscuit	Viruses	acellular root	1
1150869	Escherichia phage P13374	Viruses	acellular root	3
490913	Sulfitobacter phage EE36phi1	Viruses	acellular root	2
2908172	Listeria phage P100	Viruses	acellular root	4
2772516	Ruminococcus phage phiRM10	Viruses	acellular root	1
2750849	Escherichia phage vB_EcoM_Gotham	Viruses	acellular root	4
2936943	Escherichia phage EC148	Viruses	acellular root	7
760939	Acinetobacter phage Acj9	Viruses	acellular root	9
1229752	Campylobacter phage CP30A	Viruses	acellular root	2
1327965	Pseudomonas phage CHA_P1	Viruses	acellular root	2
2713298	Salmonella phage falkor	Viruses	acellular root	8
2587493	Pseudomonas phage vB_PaM_EPA1	Viruses	acellular root	9
1383059	Mycobacterium phage Adzzy	Viruses	acellular root	2
1429759	Mycobacterium phage EagleEye	Viruses	acellular root	2
444859	Synechococcus phage S-SM1	Viruses	acellular root	5
1498212	Bacillus phage JBP901	Viruses	acellular root	7
2591406	Aeromonas phage PS1	Viruses	acellular root	2
2861003	Salmonella phage JNwz02	Viruses	acellular root	9
2048977	Pseudomonas phage nickie	Viruses	acellular root	1
2922987	Mycobacterium phage JAWS	Viruses	acellular root	1
2927989	Mycobacterium phage Goose	Viruses	acellular root	1
2759218	Escherichia phage JEP1	Viruses	acellular root	4
2508197	Escherichia phage vB_EcoM_HdK5	Viruses	acellular root	4
2790336	Synechococcus phage ACG-2014f_Syn7803C8	Viruses	acellular root	2
2508203	Escherichia phage vB_EcoP_WFI101126	Viruses	acellular root	1
1871710	Shigella phage KNP5	Viruses	acellular root	7
2713308	Salmonella phage oldekolle	Viruses	acellular root	8
1173765	Listeria phage LP-124	Viruses	acellular root	3
2510941	Lactobacillus phage SAC12B	Viruses	acellular root	5
1048189	Cyanophage S-TIM4	Viruses	acellular root	2
2023996	Synechococcus phage Bellamy	Viruses	acellular root	7
1913591	Streptomyces phage BRock	Viruses	acellular root	12
2126816	Mycobacterium phage Naca	Viruses	acellular root	1
2859658	Stenotrophomonas phage Siara	Viruses	acellular root	2
2126952	Mycobacterium phage Leston	Viruses	acellular root	1
97081	Enterobacteria phage VT2-Sakai	Viruses	acellular root	3
57477	Bacillus phage Bastille	Viruses	acellular root	4
1126950	Bacillus phage BCP78	Viruses	acellular root	5
536474	Synechococcus phage Syn30	Viruses	acellular root	5
1647300	Mycobacterium phage Luchador	Viruses	acellular root	1
2812900	Pseudomonas phage PhL_UNISO_PA-DSM_ph0034	Viruses	acellular root	8
3003720	Pseudomonas phage SPA05	Viruses	acellular root	9
2783669	Synechococcus phage S-H9-2	Viruses	acellular root	12
2736261	Vibrio phage AG74	Viruses	acellular root	14
2517973	Streptomyces phage EGole	Viruses	acellular root	10
2750851	Escherichia phage vB_EcoM_Ozark	Viruses	acellular root	7
2079315	Escherichia phage vB_EcoM-fFiEco06	Viruses	acellular root	7
3028143	Enterococcus phage 53	Viruses	acellular root	3
2555548	Stenotrophomonas phage YB07	Viruses	acellular root	14
2182408	Streptomyces phage FlowerPower	Viruses	acellular root	4
1622115	Pseudomonas phage ZC03	Viruses	acellular root	7
2059856	Pseudomonas phage PMBT3	Viruses	acellular root	3
2920890	Mycobacterium phage PackMan	Viruses	acellular root	1
1868654	Salmonella phage vB-SalM-PM10	Viruses	acellular root	4
1815509	Bacillus phage AR9	Viruses	acellular root	1
1567026	Escherichia phage vb_EcoM-VR5	Viruses	acellular root	2
1747326	Enterococcus phage vB_EfaS_IME197	Viruses	acellular root	1
1229753	Escherichia phage phAPEC8	Viruses	acellular root	6
881953	Lactococcus phage 949	Viruses	acellular root	1
2980089	Salmonella phage GSP044	Viruses	acellular root	8
1327964	Pseudomonas phage PAK_P5	Viruses	acellular root	2
2698907	Salmonella phage Se-G	Viruses	acellular root	3
2601697	Salmonella phage 2-3	Viruses	acellular root	5
1881213	Vibrio phage 1.169.O._10N.261.52.B1	Viruses	acellular root	1
2053682	Lactobacillus phage Lenus	Viruses	acellular root	2
2047869	Corynebacterium phage Darwin	Viruses	acellular root	3
1883373	Erwinia phage vB_EamM_Huxley	Viruses	acellular root	4
1327937	Mycobacterium phage Phaux	Viruses	acellular root	1
399183	Escherichia phage V5	Viruses	acellular root	4
1429767	Erwinia phage Ea9-2	Viruses	acellular root	6
1458849	Salmonella phage vB-SalM-SJ2	Viruses	acellular root	3
1673873	Mycobacterium phage Smeadley	Viruses	acellular root	1
754051	Vibrio phage pYD38-A	Viruses	acellular root	2
2860376	Stenotrophomonas phage BUCT626	Viruses	acellular root	1
1838074	Gordonia phage OneUp	Viruses	acellular root	4
1891963	Mycobacterium phage Gengar	Viruses	acellular root	1
2599860	Mycobacterium phage DyoEdafos	Viruses	acellular root	7
2922321	Enterococcus phage vB_OCPT_Bop	Viruses	acellular root	11
1327966	Pseudomonas phage PAK_P4	Viruses	acellular root	9
1852640	Serratia phage vB_Sru_IME250	Viruses	acellular root	2
1220601	Rhizobium phage RHEph01	Viruses	acellular root	1
1927020	Mycobacterium phage MrMagoo	Viruses	acellular root	2
2508179	Escherichia phage vB_EcoM_G8	Viruses	acellular root	6
2848886	Streptomyces phage KimJongPhill	Viruses	acellular root	3
2593322	Aeromonas phage D6	Viruses	acellular root	3
2951263	Enterococcus phage TJE2	Viruses	acellular root	10
2591121	Gordonia phage Trax	Viruses	acellular root	2
2829367	Pseudomonas phage BUCT566	Viruses	acellular root	1
2926475	Synechococcus phage S-SZBM1	Viruses	acellular root	6
2664224	Mycobacterium phage Bluefalcon	Viruses	acellular root	1
1226263	Stx2-converting phage Stx2a_WGPS8	Viruses	acellular root	3
2480623	Salmonella phage STG2	Viruses	acellular root	10
1126951	Bacillus phage BCU4	Viruses	acellular root	8
1660368	Escherichia phage PA28	Viruses	acellular root	3
1718669	Escherichia phage SUSP2	Viruses	acellular root	9
754049	Vibrio phage pYD21-A	Viruses	acellular root	1
1673884	Staphylococcus phage IME-SA118	Viruses	acellular root	3
2163590	Mycobacterium phage AlishaPH	Viruses	acellular root	1
2599859	Mycobacterium phage Curiosium	Viruses	acellular root	1
2859653	Stenotrophomonas phage Paxi	Viruses	acellular root	4
2860371	Escherichia phage IME178	Viruses	acellular root	9
2696434	Escherichia phage nom	Viruses	acellular root	4
2865794	Escherichia phage vB_EcoP-101114UKE3	Viruses	acellular root	1
2596966	Klebsiella phage KpCHEMY26	Viruses	acellular root	6
2922217	Mycobacterium phage HelDan	Viruses	acellular root	1
2041345	Pseudomonas phage SL2	Viruses	acellular root	3
2024305	Shigella phage Sf17	Viruses	acellular root	10
1508671	Escherichia typing phage 1	Viruses	acellular root	8
1608310	Edwardsiella phage PEi20	Viruses	acellular root	6
866553	Escherichia phage vB_EcoP_24B	Viruses	acellular root	3
1481112	Serratia phage PS2	Viruses	acellular root	3
1327971	Cellulophaga phage phi19:3	Viruses	acellular root	1
1088865	Mycobacterium phage MoMoMixon	Viruses	acellular root	13
1508676	Escherichia coli O157 typing phage 14	Viruses	acellular root	4
1932118	Ochrobactrum phage POI1126	Viruses	acellular root	1
2483673	Gordonia phage Octobien14	Viruses	acellular root	3
2070190	Paenibacillus phage Dragolir	Viruses	acellular root	1
2283252	Mycobacterium phage Bromden	Viruses	acellular root	7
1458853	Listeria phage LP-064	Viruses	acellular root	3
1716042	Pseudomonas phage PaoP5	Viruses	acellular root	9
1675603	Citrobacter phage Michonne	Viruses	acellular root	9
1239383	Staphylococcus phage JD007	Viruses	acellular root	3
148943	Rhodothermus phage RM378	Viruses	acellular root	1
444861	Prochlorococcus phage Syn1	Viruses	acellular root	5
1406785	Bacillus phage Grass	Viruses	acellular root	4
2920893	Mycobacterium phage Faith1	Viruses	acellular root	4
1589273	Pseudomonas phage PhiCHU	Viruses	acellular root	3
1852628	Morganella phage vB_MmoM_MP1	Viruses	acellular root	6
2024308	Shigella phage Sf21	Viruses	acellular root	8
2508174	Escherichia phage vB_EcoS_HdH2	Viruses	acellular root	7
2591111	Gordonia phage Beaver	Viruses	acellular root	1
1654717	Stenotrophomonas phage IME-SM1	Viruses	acellular root	12
1296654	Bacillus phage Basilisk	Viruses	acellular root	1
2908744	Aeromonas phage pAEv1810	Viruses	acellular root	3
1821566	Gordonia phage Yvonnetastic	Viruses	acellular root	2
2596674	Stenotrophomonas phage Pokken	Viruses	acellular root	4
2744004	Gordonia phage TZGordon	Viruses	acellular root	1
2502470	Mycobacterium phage NoodleTree	Viruses	acellular root	12
1486414	Listeria phage LMTA-57	Viruses	acellular root	2
2708633	Mycobacterium phage Ximenita	Viruses	acellular root	1
1933063	Bacillus phage vB_BsuM-Goe3	Viruses	acellular root	2
2201417	Klebsiella phage ZCKP1	Viruses	acellular root	6
2886919	Escherichia phage H8	Viruses	acellular root	2
1980139	Sphingobium phage Lacusarx	Viruses	acellular root	14
1718172	Mycobacterium phage Theia	Viruses	acellular root	1
1589747	Achromobacter phage 83-24	Viruses	acellular root	1
1335230	Pseudomonas phage PaBG	Viruses	acellular root	4
1673887	Citrobacter phage IME-CF2	Viruses	acellular root	2
2994045	Campylobacter phage CPt10	Viruses	acellular root	2
2681615	Salinibacter phage M8CR30-2	Viruses	acellular root	1
1567484	Lactobacillus phage LfeInf	Viruses	acellular root	2
2340715	Shigella phage phi25-307	Viruses	acellular root	1
2138299	Aeromonas phage AhSzw-1	Viruses	acellular root	13
2301714	Streptomyces phage Comrade	Viruses	acellular root	14
2499071	Mycobacterium phage Zetzy	Viruses	acellular root	3
2163978	Aeromonas phage 50AhydR13PP	Viruses	acellular root	8
2094736	Bacillus phage v_B-Bak10	Viruses	acellular root	1
2894789	Bacillus phage vB_BanS_Skywalker	Viruses	acellular root	4
2510522	Arthrobacter phage Elesar	Viruses	acellular root	1
1186124	Salmonella phage SP-3	Viruses	acellular root	5
2283304	Streptomyces phage LukeCage	Viruses	acellular root	13
2500827	Acinetobacter phage AbTZA1	Viruses	acellular root	4
2696431	Escherichia phage nepoznato	Viruses	acellular root	5
2282196	Shigella phage Sf11 SMD-2017	Viruses	acellular root	2
2301565	Mycobacterium phage Girr	Viruses	acellular root	1
2789811	Salmonella phage vB_SalS_ABTNLsp4	Viruses	acellular root	10
2859564	Enterococcus phage GVEsP-1	Viruses	acellular root	11
1527516	Mycobacterium phage MarQuardt	Viruses	acellular root	3
584892	Bacillus phage Bcp1	Viruses	acellular root	6
889338	Salmonella phage PVPSE1	Viruses	acellular root	11
754046	Sulfitobacter phage phiCB2047-B	Viruses	acellular root	6
1307804	Escherichia phage Lw1	Viruses	acellular root	1
1406794	Salmonella phage Marshall	Viruses	acellular root	3
2570300	Vibrio phage Ceto	Viruses	acellular root	14
2053812	Streptomyces phage Manuel	Viruses	acellular root	7
2713277	Salmonella phage atrejo	Viruses	acellular root	6
2700089	Salmonella phage Se-B	Viruses	acellular root	4
2590944	Mycobacterium phage SoilDragon	Viruses	acellular root	3
2163979	Aeromonas phage 60AhydR15PP	Viruses	acellular root	11
3018995	Pseudomonas phage HJ01	Viruses	acellular root	8
2948589	Salmonella phage GRNsp8	Viruses	acellular root	7
2777301	Enterococcus phage EFGrNG	Viruses	acellular root	9
1340812	Synechococcus phage S-MbCM100	Viruses	acellular root	4
489779	Escherichia phage Min27	Viruses	acellular root	3
1327776	Mycobacterium phage Severus	Viruses	acellular root	2
1432847	Oenococcus phage phiS11	Viruses	acellular root	1
1079895	Mycobacterium phage Pleione	Viruses	acellular root	12
2852021	Escherichia phage EmilHeitz	Viruses	acellular root	4
2591134	Salmonella phage vB_SenS_SB10	Viruses	acellular root	10
2593356	Streptomyces phage Braelyn	Viruses	acellular root	15
1195081	Staphylococcus phage 676Z	Viruses	acellular root	3
3432369	Septuagintavirus sv54	Viruses	acellular root	5
1887641	Gordonia phage Bantam	Viruses	acellular root	1
1647403	Sinorhizobium phage phiM7	Viruses	acellular root	4
2250355	Mycobacterium phage Beezoo	Viruses	acellular root	1
2517968	Mycobacterium phage Scorpia	Viruses	acellular root	1
2863193	Kosakonia phage 305	Viruses	acellular root	6
2801895	Mycobacterium phage OhShagHennessy	Viruses	acellular root	5
2530024	Fusobacterium phage Fnu1	Viruses	acellular root	2
2591056	Shigella phage CM8	Viruses	acellular root	4
2859656	Stenotrophomonas phage Piffle	Viruses	acellular root	5
2797303	Salmonella phage KM16	Viruses	acellular root	9
2283267	Streptomyces phage Wofford	Viruses	acellular root	9
2419761	Escherichia phage vB_Eco_mar003J3	Viruses	acellular root	4
2591055	Shigella phage CM1	Viruses	acellular root	4
1002725	Shigella phage Shfl2	Viruses	acellular root	8
1701852	Mycobacterium phage Lumos	Viruses	acellular root	5
2590400	Escherichia phage Lyz12581Vzw	Viruses	acellular root	3
2070028	Klebsiella phage vB_Kpn_F48	Viruses	acellular root	5
2922992	Mycobacterium phage Cuco	Viruses	acellular root	1
2920883	Mycobacterium phage George	Viruses	acellular root	1
1735586	Pseudomonas phage C11	Viruses	acellular root	9
1555202	Escherichia phage 121Q	Viruses	acellular root	2
1432848	Oenococcus phage phiS13	Viruses	acellular root	1
869724	Synechococcus phage S-RIM8 A.HR1	Viruses	acellular root	7
1079999	Synechococcus phage metaG-MbCM1	Viruses	acellular root	1
1237364	Escherichia phage HX01	Viruses	acellular root	1
1458716	Vibrio phage CHOED	Viruses	acellular root	1
2713281	Salmonella phage bering	Viruses	acellular root	4
2699738	Cronobacter phage vB_CsaP_009	Viruses	acellular root	2
1934252	Lederbergvirus BTP1	Viruses	acellular root	1
2923007	Mycobacterium phage Saintus	Viruses	acellular root	1
2060122	Salmonella phage BPS17L1	Viruses	acellular root	8
1873990	Escherichia phage vB_EcoM_Alf5	Viruses	acellular root	4
1655305	Escherichia phage APCEc01	Viruses	acellular root	1
1673876	Mycobacterium phage UnionJack	Viruses	acellular root	1
2922990	Mycobacterium phage Larva	Viruses	acellular root	1
2126929	Microbacterium phage Elva	Viruses	acellular root	1
2849626	Escherichia phage vB_EcoP_SU7	Viruses	acellular root	1
2970490	Xanthomonas phage vB_Xar_IVIA-DoCa1	Viruses	acellular root	1
2908169	Listeria phage A511	Viruses	acellular root	4
1391224	Escherichia phage vB_EcoM_PhAPEC2	Viruses	acellular root	2
1296656	Bacillus phage Shanette	Viruses	acellular root	1
2928685	Staphylococcus phage K	Viruses	acellular root	3
1173766	Listeria phage LP-125	Viruses	acellular root	3
1792253	Mycobacterium phage Catalina	Viruses	acellular root	1
1962671	Serratia phage BF	Viruses	acellular root	15
347330	Pseudomonas phage PA7	Viruses	acellular root	5
2315467	Acinetobacter phage vB_AbaM_B09_Aci02-2	Viruses	acellular root	5
2698910	Salmonella phage Se-J	Viruses	acellular root	4
2250309	Mycobacterium phage Steamy	Viruses	acellular root	1
2596709	Enterobacter phage vB_EhoM-IME523	Viruses	acellular root	7
2894786	Bacillus phage vB_BanS_Chewbecca	Viruses	acellular root	6
1406795	Salmonella phage Maynard	Viruses	acellular root	3
1885242	Cronobacter phage vB_CsaM_leB	Viruses	acellular root	1
2713317	Salmonella phage rokbiter	Viruses	acellular root	5
1636578	Lactococcus phage 936 group phage PhiF0139	Viruses	acellular root	1
2178932	Escherichia phage vB_EcoM-Ro157c2YLVW	Viruses	acellular root	3
1983577	Mycobacterium phage PurpleHaze	Viruses	acellular root	3
1777059	Escherichia phage phiE142	Viruses	acellular root	1
2872675	Pseudomonas phage Kaya	Viruses	acellular root	1
2713267	Streptomyces phage Wakanda	Viruses	acellular root	23
2881221	Escherichia phage EscoHU1	Viruses	acellular root	8
2907835	Mycobacterium phage Omega	Viruses	acellular root	1
2927984	Caulobacter phage CcrSwift	Viruses	acellular root	10
1173762	Salmonella phage FSL SP-076	Viruses	acellular root	8
2024325	Escherichia phage saus132	Viruses	acellular root	7
1391428	Escherichia phage 4MG	Viruses	acellular root	10
2713299	Salmonella phage fuchur	Viruses	acellular root	7
2301693	Gordonia phage Neville	Viruses	acellular root	2
2546634	Enterococcus phage vB_EfaM_Ef2.3	Viruses	acellular root	2
2873352	Klebsiella phage BUCT541	Viruses	acellular root	3
2696426	Escherichia phage muut	Viruses	acellular root	7
2588504	Corynebacterium phage Stiles	Viruses	acellular root	1
2250336	Streptomyces phage Blueeyedbeauty	Viruses	acellular root	17
1548900	Pseudomonas phage vB_PaeM_C2-10_Ab02	Viruses	acellular root	5
1720504	Escherichia phage slur14	Viruses	acellular root	7
1527469	Bacillus phage Bobb	Viruses	acellular root	3
2781608	Synechococcus phage S-SRM01	Viruses	acellular root	8
1127357	Salmonella phage SPN9CC	Viruses	acellular root	1
673832	Enterococcus phage phiFL1A	Viruses	acellular root	2
1137745	Cyanophage S-TIM5	Viruses	acellular root	7
1391181	Mycobacterium phage PhatBacter	Viruses	acellular root	1
1541821	Listeria phage WIL-1	Viruses	acellular root	4
1527493	Mycobacterium phage Sparky	Viruses	acellular root	2
1691954	Brevibacillus phage Jenst	Viruses	acellular root	4
2023992	Streptomyces phage NootNoot	Viruses	acellular root	13
2510943	Lactobacillus phage 3-521	Viruses	acellular root	6
2530032	Burkholderia phage BcepSaruman	Viruses	acellular root	8
2593355	Mycobacterium phage Zolita	Viruses	acellular root	1
2742112	Escherichia phage EK010	Viruses	acellular root	1
2917160	Bacillus phage FADO	Viruses	acellular root	7
2696458	Escherichia phage ukendt	Viruses	acellular root	6
2079276	Citrobacter phage vB_CroM_CrRp10	Viruses	acellular root	7
2094136	Mycobacterium phage LaterM	Viruses	acellular root	1
2099652	Pantoea phage vB_PagS_Vid5	Viruses	acellular root	1
1327948	Mycobacterium phage Chy5	Viruses	acellular root	3
754037	Synechococcus phage S-CAM1	Viruses	acellular root	6
2913972	Lactococcus phage KSY1	Viruses	acellular root	2
743813	Pseudomonas phage PAK_P1	Viruses	acellular root	9
139872	Lactobacillus prophage Lj928	Viruses	acellular root	1
10730	Escherichia phage 933W	Viruses	acellular root	3
1357423	Sinorhizobium phage phiM12	Viruses	acellular root	4
1636250	Proteus phage vB_PmiM_Pm5461	Viruses	acellular root	4
1527531	Escherichia phage HY02	Viruses	acellular root	5
2025813	Enterococcus phage EF1	Viruses	acellular root	3
2725619	Microbacterium phage AvGardian	Viruses	acellular root	1
2859072	Vibrio phage BUCT194	Viruses	acellular root	4
2994057	Mycobacterium phage I3	Viruses	acellular root	13
2283265	Streptomyces phage StarPlatinum	Viruses	acellular root	13
1636547	Tsukamurella phage TIN4	Viruses	acellular root	1
1838079	Gordonia phage Soups	Viruses	acellular root	2
1340712	Mycobacterium phage Breeniome	Viruses	acellular root	11
942016	Enterobacter phage EcP1	Viruses	acellular root	3
2919549	Aeromonas phage 65	Viruses	acellular root	13
2509785	Rhizobium phage RHph_Y65	Viruses	acellular root	10
2419619	Bacillus phage vB_BcoS-136	Viruses	acellular root	9
2591216	Microbacterium phage Cressida	Viruses	acellular root	1
2499902	Pseudomonas phage Henu5	Viruses	acellular root	9
2588487	Synechococcus phage S-SCSM1	Viruses	acellular root	5
2886926	Escherichia phage P1	Viruses	acellular root	3
1054834	Escherichia phage ime09	Viruses	acellular root	7
1340818	Mycobacterium phage LittleCherry	Viruses	acellular root	1
1493510	Synechococcus phage ACG-2014e	Viruses	acellular root	8
1229757	Escherichia phage EC6	Viruses	acellular root	6
1887649	Gordonia phage JSwag	Viruses	acellular root	2
1541686	Campylobacter phage PC14	Viruses	acellular root	3
2026082	Aeromonas phage AS-gz	Viruses	acellular root	7
2267236	Citrobacter phage CF1 ERZ-2017	Viruses	acellular root	7
2079417	Mycobacterium phage Cuke	Viruses	acellular root	1
1958914	Salmonella phage BSP101	Viruses	acellular root	3
2027890	Mycobacterium phage Apocalypse	Viruses	acellular root	1
1698710	Mycobacterium phage HyRo	Viruses	acellular root	9
2712961	Vibrio phage Chester	Viruses	acellular root	13
2785525	Salmonella phage SP76	Viruses	acellular root	8
2419747	Pseudomonas phage PaZq-1	Viruses	acellular root	9
2894787	Bacillus phage vB_BanS_MrDarsey	Viruses	acellular root	6
2686238	Escherichia phage vB_EcoP_EcoN5	Viruses	acellular root	1
2588501	Corynebacterium phage Dina	Viruses	acellular root	1
2922204	Mycobacterium phage Hammer	Viruses	acellular root	2
1815988	Erwinia phage vB_EamM_Simmy50	Viruses	acellular root	1
1873985	Salmonella phage IME207	Viruses	acellular root	2
2560754	Shigella virus SHBML501	Viruses	acellular root	8
1729937	Pseudomonas phage VCM	Viruses	acellular root	4
1354511	Mycobacterium phage Anubis	Viruses	acellular root	3
2419614	Mycobacterium phage Sauce	Viruses	acellular root	12
1495285	Escherichia phage vB_EcoM_112	Viruses	acellular root	6
1348912	Pseudomonas phage PAK_P2	Viruses	acellular root	7
238854	Synechococcus phage S-PM2	Viruses	acellular root	19
1204516	Aeromonas phage CC2	Viruses	acellular root	6
1776293	Bacillus phage Eldridge	Viruses	acellular root	2
1883367	Synechococcus phage S-CAM4	Viruses	acellular root	6
2927991	Mycobacterium phage Rebeuca	Viruses	acellular root	1
2079433	Lactobacillus phage Semele	Viruses	acellular root	1
2301609	Mycobacterium phage CharlieB	Viruses	acellular root	12
2163890	Enterobacteria phage vB_EcoM_IME340	Viruses	acellular root	7
1892569	Cronobacter phage Pet-CM3-4	Viruses	acellular root	12
2873349	Dinoroseobacter phage vB_DshP-R7L	Viruses	acellular root	2
1125653	Salmonella phage SPN1S	Viruses	acellular root	1
2027905	Rhodococcus phage Trina	Viruses	acellular root	4
2218611	Ruegeria phage vB_RpoP-V12	Viruses	acellular root	2
2762415	Microbacterium phage Burritobowl	Viruses	acellular root	1
2992787	Escherichia phage phiWec191	Viruses	acellular root	4
3034280	Escherichia phage vB_VIPECOOM03	Viruses	acellular root	7
3028909	Salmonella phage vB_SenS_UTK0010	Viruses	acellular root	7
2500799	Mycobacterium phage CicholasNage	Viruses	acellular root	4
2182403	Mycobacterium phage Priamo	Viruses	acellular root	2
2653716	Gordonia phage Jellybones	Viruses	acellular root	1
1622116	Pseudomonas phage ZC08	Viruses	acellular root	7
1168549	Salmonella phage vB_SosS_Oslo	Viruses	acellular root	1
1049283	Acinetobacter phage ZZ1	Viruses	acellular root	4
1161934	Mycobacterium phage Tiger	Viruses	acellular root	1
1198014	Aeromonas phage Aes012	Viruses	acellular root	5
1481186	Acinetobacter phage vB_AbaM_Acibel004	Viruses	acellular root	6
1493508	Synechococcus phage ACG-2014b	Viruses	acellular root	4
687803	Cyanophage S-RIM50	Viruses	acellular root	7
2250289	Microbacterium phage Eden	Viruses	acellular root	1
2283272	Caulobacter phage CcrSC	Viruses	acellular root	18
2601628	Salmonella phage 1-29	Viruses	acellular root	8
2653652	Salmonella phage 1-19	Viruses	acellular root	6
2713311	Salmonella phage phagemcphageface	Viruses	acellular root	7
139870	Lactobacillus prophage Lj965	Viruses	acellular root	1
2851992	Escherichia phage IrmaTschudi	Viruses	acellular root	7
2961988	Pseudomonas phage vB_Pae_LC3I3	Viruses	acellular root	1
1406974	Pseudomonas phage TL	Viruses	acellular root	2
2697537	Escherichia phage teqhad	Viruses	acellular root	7
2234047	Klebsiella phage Mineola	Viruses	acellular root	10
2767553	Gordonia Phage Sephiroth	Viruses	acellular root	2
2914443	Streptomyces phage Tomas	Viruses	acellular root	12
2163891	Enterobacteria phage vB_EcoM_IME341	Viruses	acellular root	1
2024321	Shigella phage Sf23	Viruses	acellular root	7
2713314	Salmonella phage rabagast	Viruses	acellular root	3
2079413	Gordonia phage Adgers	Viruses	acellular root	1
2023998	Pseudoalteromonas phage J2-1	Viruses	acellular root	1
2902840	Mycobacterium phage Astro	Viruses	acellular root	1
1175663	Pseudomonas phage PaMx74	Viruses	acellular root	1
1430444	Escherichia phage vB_EcoM_JS09	Viruses	acellular root	1
2562185	Streptomyces phage Forthebois	Viruses	acellular root	1
1141141	Escherichia phage vB_EcoM_ACG-C40	Viruses	acellular root	7
857312	Brochothrix phage A9	Viruses	acellular root	3
2911435	Mycobacterium phage Che12	Viruses	acellular root	2
2885983	Microbacterium phage Pumpernickel	Viruses	acellular root	24
407392	Thermus phage phiYS40	Viruses	acellular root	3
576791	Escherichia phage wV8	Viruses	acellular root	7
764595	Bacillus phage W.Ph.	Viruses	acellular root	2
1141135	Cronobacter phage vB_CsaM_GAP31	Viruses	acellular root	11
2991282	Klebsiella phage 0507-KN2-1	Viruses	acellular root	3
1458860	Shewanella sp. phage 1/40	Viruses	acellular root	2
1493513	Synechococcus phage ACG-2014i	Viruses	acellular root	7
1679530	Mycobacterium phage NelitzaMV	Viruses	acellular root	1
2713313	Salmonella phage polluks	Viruses	acellular root	6
1777072	Pseudomonas phage K5	Viruses	acellular root	5
2894788	Bacillus phage vB_BanS_Nate	Viruses	acellular root	10
1675606	Escherichia phage Murica	Viruses	acellular root	4
3071007	Stenotrophomonas maltophilia phage vB_SmaM_Ps15	Viruses	acellular root	14
2874886	Klebsiella phage VLCpiS13b	Viruses	acellular root	2
1983539	Pseudomonas phage vB_PaeM_G1	Viruses	acellular root	2
2591215	Microbacterium phage Cinna	Viruses	acellular root	1
2985325	Microbacterium phage QMacho	Viruses	acellular root	1
1567025	Salmonella phage vB_SPuM_SP116	Viruses	acellular root	6
1486472	Mycobacterium phage Gaia	Viruses	acellular root	3
2927985	Caulobacter phage phiCbK	Viruses	acellular root	11
1980924	Ralstonia phage phiRSL1	Viruses	acellular root	2
1598146	Escherichia phage 172-1	Viruses	acellular root	1
1655307	Escherichia phage phiAPCEc03	Viruses	acellular root	3
2163889	Enterobacteria phage vB_EcoM_IME339	Viruses	acellular root	6
1414747	Mycobacterium phage Validus	Viruses	acellular root	1
2872676	Pseudomonas phage Guyu	Viruses	acellular root	1
2686301	Pectobacterium phage Possum	Viruses	acellular root	2
2510942	Lactobacillus phage 521B	Viruses	acellular root	5
2315458	Acinetobacter phage vB_AbaM_B09_Aci05	Viruses	acellular root	5
1897495	Escherichia phage ESCO5	Viruses	acellular root	6
2924906	Pseudomonas phage vB_Paer_PsCh	Viruses	acellular root	9
2656517	Pseudomonas phage vB_PA45_GUMS	Viruses	acellular root	5
1435411	Oenococcus phage phi9805	Viruses	acellular root	1
1589265	Yersinia phage vB_YenM_TG1	Viruses	acellular root	2
115992	Vibrio phage nt-1	Viruses	acellular root	16
754075	Vibrio phage 11895-B1	Viruses	acellular root	2
906669	Escherichia phage HK639	Viruses	acellular root	1
1204529	Salmonella phage SSE121	Viruses	acellular root	10
2852114	Klebsiella phage ZCKP8	Viruses	acellular root	1
1923889	Ralstonia phage RP12	Viruses	acellular root	1
1446492	Salmonella phage vB-SalM-SJ3	Viruses	acellular root	4
1340836	Mycobacterium phage Crossroads	Viruses	acellular root	3
103807	Enterobacteria phage phiP27	Viruses	acellular root	2
2686437	Vibrio phage vB_VchM_Kuja	Viruses	acellular root	3
2510480	Klebsiella phage ST147-VIM1phi7.1	Viruses	acellular root	1
2530033	Burkholderia phage BcepSauron	Viruses	acellular root	7
2483719	Corynebacterium phage Kimchi1738	Viruses	acellular root	3
1354510	Mycobacterium phage Fredward	Viruses	acellular root	1
1124578	Bacillus phage phIS3501	Viruses	acellular root	1
198110	Pseudomonas phage 201phi2-1	Viruses	acellular root	1
2880362	Aeromonas phage Aeh1	Viruses	acellular root	13
1983588	Shigella phage SSP1	Viruses	acellular root	8
1141136	Cronobacter phage vB_CsaM_GAP32	Viruses	acellular root	15
2881391	Campylobacter phage CP21	Viruses	acellular root	2
1283078	Pelagibacter phage HTVC011P	Viruses	acellular root	1
1455074	Enterobacter phage PG7	Viruses	acellular root	13
998086	Pseudomonas phage PhiPA3	Viruses	acellular root	3
1837931	Escherichia phage WG01	Viruses	acellular root	1
2047868	Corynebacterium phage C3PO	Viruses	acellular root	1
2108120	Gordonia phage Waits	Viruses	acellular root	2
1754217	Pseudomonas phage phi3	Viruses	acellular root	1
1225789	Enterobacteria phage SfI	Viruses	acellular root	1
1651196	Enterobacteria phage ATK47	Viruses	acellular root	1
2301538	Gordonia phage Catfish	Viruses	acellular root	1
2015839	Arthrobacter phage Molivia	Viruses	acellular root	1
2601680	Stenotrophomonas phage Moby	Viruses	acellular root	13
2588094	Pantoea phage vB_PagM_PSKM	Viruses	acellular root	2
1606763	Mycobacterium phage Kratio	Viruses	acellular root	1
1327939	Mycobacterium phage Murphy	Viruses	acellular root	1
1195079	Staphylococcus phage MSA6	Viruses	acellular root	3
1458706	Escherichia phage phi191	Viruses	acellular root	3
2992927	Pseudomonas phage PMG1	Viruses	acellular root	1
1026955	Synechococcus phage S-CRM01	Viruses	acellular root	14
321023	Aeromonas phage 31	Viruses	acellular root	8
2908167	Staphylococcus phage Twort	Viruses	acellular root	1
1527535	Mycobacterium phage Tiffany	Viruses	acellular root	3
1542912	Mycobacterium phage VohminGhazi	Viruses	acellular root	2
1034116	Mycobacterium phage SirDuracell	Viruses	acellular root	1
1883368	Synechococcus phage S-CAM7	Viruses	acellular root	3
1660365	Escherichia phage PA2	Viruses	acellular root	3
1340826	Mycobacterium phage Whirlwind	Viruses	acellular root	6
1124849	Pseudomonas phage OBP	Viruses	acellular root	4
445684	Synechococcus phage Syn19	Viruses	acellular root	5
698728	Escherichia phage IME08	Viruses	acellular root	3
2932882	Haemophilus phage HP2	Viruses	acellular root	1
2801536	Salmonella phage SP_Thor	Viruses	acellular root	9
1887652	Gordonia phage Remus	Viruses	acellular root	2
1640969	Pseudomonas phage DL54	Viruses	acellular root	3
2920886	Mycobacterium phage Gladiator	Viruses	acellular root	1
2902900	Mycobacterium phage BPBiebs31	Viruses	acellular root	1
2026113	Aeromonas phage AS-sw	Viruses	acellular root	6
2686303	Acinetobacter phage vB_AbaM_Kimel	Viruses	acellular root	2
2059882	Streptomyces phage Omar	Viruses	acellular root	1
2664225	Mycobacterium phage DirkDirk	Viruses	acellular root	7
2419609	Arthrobacter phage Hestia	Viruses	acellular root	1
2713284	Salmonella phage bobsandoy	Viruses	acellular root	8
2936914	Pseudomonas phage EM	Viruses	acellular root	6
2020879	Escherichia phage OSYSP	Viruses	acellular root	8
2178928	Erwinia phage phiEaP8	Viruses	acellular root	5
2754975	Proteus phage Vb_PmiP-P59	Viruses	acellular root	2
1204539	Pectobacterium phage My1	Viruses	acellular root	10
1406793	Clavibacter phage CN1A	Viruses	acellular root	1
1684115	Cronobacter phage PBES 02	Viruses	acellular root	10
1572745	Mannheimia phage vB_MhS_587AP2	Viruses	acellular root	2
2968665	Klebsiella phage KP591P1	Viruses	acellular root	2
2852003	Escherichia phage DaisyDussoix	Viruses	acellular root	7
2851993	Escherichia phage SuperGirl	Viruses	acellular root	10
2593327	Aeromonas phage D3	Viruses	acellular root	3
2924885	Cronobacter phage LPCS28	Viruses	acellular root	12
2588503	Corynebacterium phage Stickynote	Viruses	acellular root	1
1932889	Escherichia phage YUEEL01	Viruses	acellular root	8
2517936	Mycobacterium Phage Niklas	Viruses	acellular root	1
2005047	Escherichia phage ST0	Viruses	acellular root	7
2869568	Erwinia phage AH03	Viruses	acellular root	1
1391433	Mycobacterium phage Zaka	Viruses	acellular root	2
379329	Stx2-converting phage 86	Viruses	acellular root	3
1034144	Mycobacterium phage Rockstar	Viruses	acellular root	1
1755697	Lactobacillus phage SA-C12	Viruses	acellular root	1
2902837	Mycobacterium phage Angelica	Viruses	acellular root	1
1920294	Salmonella phage SP01	Viruses	acellular root	9
2590946	Streptomyces phage Celia	Viruses	acellular root	1
2750850	Escherichia phage vB_EcoM_Lutter	Viruses	acellular root	5
2711185	Escherichia phage MN05	Viruses	acellular root	1
1074305	Mycobacterium phage Dandelion	Viruses	acellular root	10
2922318	Enterococcus phage vB_OCPT_Bob	Viruses	acellular root	2
2218497	Enterococcus phage phiEF17H	Viruses	acellular root	3
2742947	Escherichia phage T5_ev219	Viruses	acellular root	7
3003808	Pseudomonas phage pPA-3099-2aT.2	Viruses	acellular root	7
2163605	Pseudomonas phage vB_PaeM_PA5oct	Viruses	acellular root	8
2601695	Streptomyces phage Zuko	Viruses	acellular root	2
2006668	Pseudomonas phage Phabio	Viruses	acellular root	3
2576872	Vibrio phage Achelous	Viruses	acellular root	12
2590896	Vibrio phage Brizo	Viruses	acellular root	12
1391188	Bacillus phage CP-51	Viruses	acellular root	2
1636202	Escherichia phage vB_EcoM_AYO145A	Viruses	acellular root	7
1541824	Mycobacterium phage Ariel	Viruses	acellular root	1
1718599	Mycobacterium phage Archie	Viruses	acellular root	6
1589274	Mycobacterium phage Sheen	Viruses	acellular root	2
1863011	Shigella phage SHSML-52-1	Viruses	acellular root	1
1815521	Synechococcus phage S-WAM1	Viruses	acellular root	4
2759459	Mycobacterium phage Estes	Viruses	acellular root	1
2420240	Escherichia phage vB_EcoM_DalCa	Viruses	acellular root	8
1913572	Klebsiella phage KPV15	Viruses	acellular root	10
2509750	Rhizobium phage RHph_N38	Viruses	acellular root	2
2695844	Escherichia phage rV5_ev146	Viruses	acellular root	4
2041521	Mycobacterium phage Bigswole	Viruses	acellular root	13
2686308	Acinetobacter phage vB_AbaM_Apostate	Viruses	acellular root	4
2588093	Pantoea phage vB_PagM_AAM37	Viruses	acellular root	3
2070181	Faecalibacterium phage FP_Brigit	Viruses	acellular root	1
1610855	Vibrio phage ValKK3	Viruses	acellular root	13
66711	Escherichia phage AR1	Viruses	acellular root	7
2762280	Gordonia phage Rabbitrun	Viruses	acellular root	4
1340713	Mycobacterium phage Wanda	Viruses	acellular root	1
1486422	Listeria phage List-36	Viruses	acellular root	3
1720495	Escherichia phage slur16	Viruses	acellular root	4
1777069	Pseudomonas phage vB_PsyM_KIL4	Viruses	acellular root	1
2790660	Cyanophage S-RIM12 isolate W1_08_0910	Viruses	acellular root	4
1965370	Marinomonas phage CPP1m	Viruses	acellular root	1
2587809	Klebsiella phage Marfa	Viruses	acellular root	7
2025819	Salmonella phage SH9	Viruses	acellular root	10
2847816	Klebsiella phage UPM 2146	Viruses	acellular root	5
445683	Synechococcus phage S-ShM2	Viruses	acellular root	1
2591135	Salmonella phage vB_SenS_SB13	Viruses	acellular root	9
2301648	Salmonella phage SenASZ3	Viruses	acellular root	4
2502303	Escherichia phage vB_EcoM_G50	Viruses	acellular root	7
1675029	Bacillus phage PBC2	Viruses	acellular root	7
2743804	Flavobacterium phage vB_FspP_elemoB_14-3B	Viruses	acellular root	1
3032422	Salmonella phage MET_P1_137_112	Viruses	acellular root	5
2588125	Salmonella phage vB_SenS_SB9	Viruses	acellular root	9
2713296	Salmonella phage ende	Viruses	acellular root	6
1070990	Mycobacterium phage Lilac	Viruses	acellular root	1
2723758	Klebsiella phage LASTA	Viruses	acellular root	1
2713297	Salmonella phage faergetype	Viruses	acellular root	6
2182341	Microbacterium phage Hendrix	Viruses	acellular root	3
2790346	Synechococcus phage ACG-2014f_Syn7803US26	Viruses	acellular root	2
2932881	Escherichia phage Bf23	Viruses	acellular root	7
1815968	Salmonella phage SJ46	Viruses	acellular root	3
1679524	Mycobacterium phage Dusk	Viruses	acellular root	1
1327947	Mycobacterium phage Chy4	Viruses	acellular root	3
1262512	Staphylococcus phage Team1	Viruses	acellular root	3
1698417	Mycobacterium phage Pioneer	Viruses	acellular root	1
2768772	Salmonella phage vB_Sen-E22	Viruses	acellular root	9
1883369	Synechococcus phage S-CAM9	Viruses	acellular root	6
1610830	Staphylococcus phage IME-SA1	Viruses	acellular root	3
2962598	Salmonella phage GSP001	Viruses	acellular root	11
2852028	Escherichia phage AlexBoehm	Viruses	acellular root	4
77775	Salmonella phage FelixO1	Viruses	acellular root	6
2994041	Escherichia phage Rtp	Viruses	acellular root	1
1589733	Cyanophage P-TIM40	Viruses	acellular root	1
2767570	Achromobacter phage Mano	Viruses	acellular root	1
2750846	Escherichia phage vB_EcoM_F1	Viruses	acellular root	7
2711183	Escherichia phage MN03	Viruses	acellular root	1
3022057	Pseudomonas phage vB_PaeM_B55	Viruses	acellular root	9
2544984	Pseudomonas phage ITTPL	Viruses	acellular root	9
2852023	Escherichia phage WalterGehring	Viruses	acellular root	4
1883371	Erwinia phage vB_EamM_ChrisDB	Viruses	acellular root	10
1873696	Mycobacterium phage Gardann	Viruses	acellular root	4
1815590	Escherichia phage vB_EcoM-UFV13	Viruses	acellular root	7
2530172	Pseudomonas phage Lana	Viruses	acellular root	1
1548906	Pseudomonas phage vB_PaeP_C2-10_Ab22	Viruses	acellular root	2
2681602	Escherichia phage RB32	Viruses	acellular root	7
1391430	Mycobacterium phage CloudWang3	Viruses	acellular root	2
1084722	Mycobacterium phage BarrelRoll	Viruses	acellular root	1
1805457	Mycobacterium phage Bipper	Viruses	acellular root	1
2301621	Streptomyces phage Yaboi	Viruses	acellular root	16
2588132	Gordonia phage Chelms	Viruses	acellular root	1
2510464	Klebsiella phage ST13-OXA48phi12.1	Viruses	acellular root	1
1904491	Campylobacter phage vB_CjeM_Los1	Viruses	acellular root	2
2079431	Lactobacillus phage Maenad	Viruses	acellular root	3
2718942	Synechococcus phage S-H34	Viruses	acellular root	3
2724322	Bacillus phage Izhevsk	Viruses	acellular root	7
2767513	Enterococcus phage vB_EfaM_A2	Viruses	acellular root	11
2025809	Proteus phage PM2	Viruses	acellular root	6
2502306	Escherichia phage vB_EcoM_G4507	Viruses	acellular root	8
2744011	Mycobacterium phage DroogsArmy	Viruses	acellular root	1
2077150	Mycobacterium phage SWU2	Viruses	acellular root	2
2041492	Pectobacterium phage DU_PP_V	Viruses	acellular root	8
2747781	Escherichia phage BB1	Viruses	acellular root	9
1278479	Cyanophage S-RIM32	Viruses	acellular root	8
2907963	Aeromonas phage 44RR2.8t	Viruses	acellular root	8
273133	Pseudomonas phage EL	Viruses	acellular root	1
331278	Yersinia phage phiR1-37	Viruses	acellular root	1
1429912	Mycobacterium phage Jovo	Viruses	acellular root	1
1548901	Pseudomonas phage vB_PaeM_PAO1_Ab03	Viruses	acellular root	1
1739610	Lactobacillus phage iLp84	Viruses	acellular root	1
1720496	Escherichia phage slur03	Viruses	acellular root	7
382359	Synechococcus phage syn9	Viruses	acellular root	5
1572703	Staphylococcus phage phiIPLA-RODI	Viruses	acellular root	3
1340810	Synechococcus phage ACG-2014h	Viruses	acellular root	5
2886902	Escherichia phage Cba120	Viruses	acellular root	3
2681597	Escherichia phage RB14	Viruses	acellular root	7
557393	Erwinia phage phiEa21-4	Viruses	acellular root	9
293178	Escherichia phage JS98	Viruses	acellular root	3
446529	Microbacterium phage Min1	Viruses	acellular root	1
1883366	Synechococcus phage S-CAM3	Viruses	acellular root	8
1327762	Mycobacterium phage Astraea	Viruses	acellular root	10
2592195	Salmonella phage SE11	Viruses	acellular root	8
2992577	Haemophilus phage HP1	Viruses	acellular root	1
12353	Escherichia phage RB69	Viruses	acellular root	1
2922222	Mycobacterium phage Doom	Viruses	acellular root	1
1445810	Bacillus phage Bp8p-C	Viruses	acellular root	3
1054480	Escherichia phage wV7	Viruses	acellular root	8
1147094	Klebsiella phage vB_KleM_RaK2	Viruses	acellular root	5
1391179	Mycobacterium phage Bruin	Viruses	acellular root	1
1279082	Pseudomonas phage PPpW-3	Viruses	acellular root	1
2592196	Salmonella phage SE14	Viruses	acellular root	4
2419963	Arthrobacter phage Nandita	Viruses	acellular root	1
2874888	Klebsiella phage VLCpiS13d	Viruses	acellular root	1
2812854	Salmonella phage vB_SalP_TR2	Viruses	acellular root	3
2801534	Vibrio phage Gary	Viruses	acellular root	12
2599887	Mycobacterium phage Zavala	Viruses	acellular root	1
2070200	Escherichia phage EP75	Viruses	acellular root	3
2250335	Streptomyces phage Annadreamy	Viruses	acellular root	16
2099850	Klebsiella phage KP8	Viruses	acellular root	2
754050	Aeromonas phage pIS4-A	Viruses	acellular root	2
2015886	Mycobacterium phage LastHope	Viruses	acellular root	1
2939129	Xanthomonas phage Langgrundblatt2	Viruses	acellular root	2
2601638	Enterococcus phage PEf771	Viruses	acellular root	11
2959432	Salmonella phage JN-S202001	Viruses	acellular root	9
2852026	Escherichia phage MaxBurger	Viruses	acellular root	4
2939132	Xanthomonas phage Pfeifenkraut	Viruses	acellular root	2
2269366	Acinetobacter phage vB_ApiM_fHyAci03	Viruses	acellular root	2
2713309	Salmonella phage oselot	Viruses	acellular root	7
1450142	Staphylococcus phage phiSA12	Viruses	acellular root	3
2301548	Mycobacterium phage Cane17	Viruses	acellular root	14
2859655	Stenotrophomonas phage Philippe	Viruses	acellular root	3
2772448	Proteus phage 3H10_20	Viruses	acellular root	2
2982918	Enterococcus phage H1	Viruses	acellular root	7
1965367	Escherichia phage HP3	Viruses	acellular root	8
2920889	Campylobacter phage vB_CcoM-IBB_35	Viruses	acellular root	2
1211280	Stenotrophomonas phage IME13	Viruses	acellular root	8
1197935	Enterobacteria phage UAB_Phi87	Viruses	acellular root	7
1527513	Mycobacterium phage Minerva	Viruses	acellular root	1
1524910	Staphylococcus phage MCE-2014	Viruses	acellular root	3
1458843	Pseudomonas phage phiPsa374	Viruses	acellular root	1
2905964	Pseudomonas phage PaP3	Viruses	acellular root	3
2695836	Escherichia phage T5	Viruses	acellular root	5
384848	Corynebacterium phage P1201	Viruses	acellular root	3
2301556	Mycobacterium phage Rando14	Viruses	acellular root	1
1493511	Synechococcus phage ACG-2014f	Viruses	acellular root	2
1655314	Escherichia phage APECc02	Viruses	acellular root	4
1088864	Mycobacterium phage Bongo	Viruses	acellular root	5
2023994	Streptomyces phage Peebs	Viruses	acellular root	11
1755680	Bacillus phage BM15	Viruses	acellular root	9
2684227	Salinibacter phage SRUTV-1	Viruses	acellular root	1
2508061	Salmonella phage 1-23	Viruses	acellular root	6
1647454	Salmonella phage SE24	Viruses	acellular root	4
2601678	Serratia phage Muldoon	Viruses	acellular root	3
2724310	Escherichia phage vB_EcoM_IME537	Viruses	acellular root	6
2697536	Escherichia phage teqdroes	Viruses	acellular root	7
2590874	Vibrio phage Pontus	Viruses	acellular root	13
2772518	Ruminococcus phage phiRg507T2_3	Viruses	acellular root	1
2765371	Enterococcus phage iF6	Viruses	acellular root	9
3028488	Pseudomonas phage 20Sep416	Viruses	acellular root	6
207656	Bacillus phage phiNIT1	Viruses	acellular root	3
2914015	Mycobacterium phage Porky	Viruses	acellular root	1
396359	Clostridium phage phiSM101	Viruses	acellular root	1
205877	Mycobacterium phage Bxz1	Viruses	acellular root	11
709484	Enterobacter phage CC31	Viruses	acellular root	4
1147145	Escherichia phage HK446	Viruses	acellular root	1
754038	Synechococcus phage S-CAM8	Viruses	acellular root	4
1540090	Bacillus phage Mater	Viruses	acellular root	3
2994044	Campylobacter phage CP220	Viruses	acellular root	1
2070184	Faecalibacterium phage FP_Lugh	Viruses	acellular root	1
2053813	Streptomyces phage Immanuel3	Viruses	acellular root	3
2530042	Shigella phage MK-13	Viruses	acellular root	2
2015825	Mycobacterium phage Unicorn	Viruses	acellular root	2
2599857	Mycobacterium phage Anthony	Viruses	acellular root	2
2894297	Pseudomonas phage phipa10	Viruses	acellular root	6
2510494	Pseudoalteromonas phage C7	Viruses	acellular root	1
2065203	Proteus phage phiP4-3	Viruses	acellular root	3
1881104	Escherichia phage ESCO13	Viruses	acellular root	6
879630	Aeromonas phage phiAS5	Viruses	acellular root	16
1100814	Gordonia phage GTE7	Viruses	acellular root	1
1234701	Pseudomonas phage vB_PaeP_p2-10_Or1	Viruses	acellular root	3
1088866	Mycobacterium phage Nappy	Viruses	acellular root	12
2006941	Serratia phage CHI14	Viruses	acellular root	10
1926594	Enterococcus phage EFP01	Viruses	acellular root	3
2041204	Salmonella phage LVR16A	Viruses	acellular root	8
2591032	Aeromonas phage LAh_8	Viruses	acellular root	7
2678601	Erwinia phage Hena1	Viruses	acellular root	17
2419682	Klebsiella phage Pylas	Viruses	acellular root	3
1813782	Salmonella phage 118970_sal2	Viruses	acellular root	6
1852641	Erwinia phage vB_EamP_Frozen	Viruses	acellular root	7
1805459	Mycobacterium phage Mulciber	Viruses	acellular root	1
2048008	Proteus phage PM135	Viruses	acellular root	14
2231354	Salmonella phage S131	Viruses	acellular root	9
2488789	Streptomyces phage Gilson	Viruses	acellular root	17
1880590	Tenacibaculum phage pT24	Viruses	acellular root	1
254397	Enterobacteria phage 2851	Viruses	acellular root	2
2599888	Streptomyces phage Alvy	Viruses	acellular root	1
2736263	Vibrio phage Cody	Viruses	acellular root	13
2725651	Microbacterium phage Lynlen	Viruses	acellular root	1
2894790	Bacillus phage vB_BanS_Sophrita	Viruses	acellular root	2
2910950	Salmonella phage vB_STy-RN29	Viruses	acellular root	8
2686471	Mycobacterium phage Mangeria	Viruses	acellular root	11
1912978	Mycobacterium phage Urkel	Viruses	acellular root	1
2859633	Arthrobacter phage Popper	Viruses	acellular root	1
1654928	Klebsiella phage PKO111	Viruses	acellular root	9
1883374	Erwinia phage vB_EamM_Kwan	Viruses	acellular root	5
1690456	Bacillus phage TsarBomba	Viruses	acellular root	7
1458848	Escherichia phage Bp4	Viruses	acellular root	1
1074307	Mycobacterium phage LinStu	Viruses	acellular root	9
1434319	Staphylococcus phage vB_SepS_SEP9	Viruses	acellular root	1
1262513	Serratia phage phiMAM1	Viruses	acellular root	1
1327774	Mycobacterium phage Phrux	Viruses	acellular root	1
1204530	Salmonella phage STML-13-1	Viruses	acellular root	5
2024309	Shigella phage Sf24	Viruses	acellular root	7
2024208	Aeromonas phage AS-zj	Viruses	acellular root	6
2500797	Streptomyces phage WheeHeim	Viruses	acellular root	1
2006942	Serratia phage X20	Viruses	acellular root	7
2723773	Agrobacterium phage OLIVR5	Viruses	acellular root	2
926067	Aeromonas phage PX29	Viruses	acellular root	12
2886042	Shigella virus Moo19	Viruses	acellular root	3
1651202	Enterobacteria phage Aplg8	Viruses	acellular root	8
1965467	Lactococcus phage AM1	Viruses	acellular root	1
2604899	Pseudomonas phage Zuri	Viruses	acellular root	3
2301662	Acinetobacter phage KARL-1	Viruses	acellular root	2
2184265	Escherichia phage SP15	Viruses	acellular root	6
1034115	Mycobacterium phage Rey	Viruses	acellular root	3
1647411	Salmonella phage NR01	Viruses	acellular root	2
1572747	Mannheimia phage vB_MhS_1152AP2	Viruses	acellular root	2
948870	Escherichia phage phi92	Viruses	acellular root	7
1211641	Caulobacter virus Karma	Viruses	acellular root	10
3047527	Streptomyces phage phiBT1	Viruses	acellular root	1
2884427	Bacillus phage SPO1	Viruses	acellular root	3
1327764	Mycobacterium phage Dumbo	Viruses	acellular root	1
1129192	Bacillus phage BCP8-2	Viruses	acellular root	7
1357714	Caulobacter phage Cr30	Viruses	acellular root	2
1720497	Escherichia phage slur04	Viruses	acellular root	8
2681614	Salinibacter phage M31CR41-2	Viruses	acellular root	1
1195077	Staphylococcus phage A3R	Viruses	acellular root	3
2315466	Acinetobacter phage vB_AbaM_B09_Aci01-1	Viruses	acellular root	5
926474	Roseovarius Plymouth podovirus 1	Viruses	acellular root	3
2025818	Salmonella phage SP1	Viruses	acellular root	3
2283261	Mycobacterium phage Thyatira	Viruses	acellular root	1
2510585	Mycobacterium phage Nibb	Viruses	acellular root	1
2713318	Salmonella phage rutana	Viruses	acellular root	5
484895	Bruynoghevirus LUZ24	Viruses	acellular root	2
2908166	Staphylococcus phage G1	Viruses	acellular root	3
2829846	Escherichia phage vB_EcoM_SYGMH1	Viruses	acellular root	4
2713304	Salmonella phage maane	Viruses	acellular root	3
1698360	Klebsiella phage JD18	Viruses	acellular root	10
1815987	Erwinia phage vB_EamM_RAY	Viruses	acellular root	1
2713279	Salmonella phage bastian	Viruses	acellular root	9
2725626	Mycobacterium phage Chris	Viruses	acellular root	1
2656562	Mycobacterium phage Blinn1	Viruses	acellular root	2
2591063	Shigella phage JK45	Viruses	acellular root	1
1913049	Shigella phage SH7	Viruses	acellular root	8
2908630	Aeromonas phage BUCT695	Viruses	acellular root	5
2937408	Pseudomonas phage vB_Pae_Kat	Viruses	acellular root	8
2922323	Enterococcus phage vB_OCPT_CCS1	Viruses	acellular root	10
2836048	Microbacterium phage Footloose	Viruses	acellular root	1
2601630	Shigella phage SGF2	Viruses	acellular root	1
2509576	Rhizobium phage RHph_Y2_6	Viruses	acellular root	1
2041347	Escherichia phage vB_EcoM_PHB05	Viruses	acellular root	6
1328029	Cellulophaga phage phi4:1	Viruses	acellular root	7
2599764	Sinorhizobium phage ort11	Viruses	acellular root	5
2713285	Salmonella phage bombadil	Viruses	acellular root	7
2053653	Synechococcus phage S-CBWM1	Viruses	acellular root	16
1572716	Salmonella phage Mushroom	Viruses	acellular root	4
1838084	Gordonia phage Woes	Viruses	acellular root	1
582345	Pseudomonas phage KPP10	Viruses	acellular root	2
546805	Mycobacterium phage Myrna	Viruses	acellular root	8
1089117	Mycobacterium phage Blue7	Viruses	acellular root	2
1472912	Nitrincola phage 1M3-16	Viruses	acellular root	1
1204531	Salmonella phage STML-198	Viruses	acellular root	3
1698711	Mycobacterium phage Lolly9	Viruses	acellular root	6
1720494	Escherichia phage slur02	Viruses	acellular root	8
2920884	Mycobacterium phage Microwolf	Viruses	acellular root	3
2283269	Caulobacter phage CcrBL10	Viruses	acellular root	9
1983593	Vibrio phage JSF10	Viruses	acellular root	9
2023993	Streptomyces phage Paradiddles	Viruses	acellular root	12
2023995	Streptomyces phage Samisti12	Viruses	acellular root	11
2234080	Escherichia phage SF	Viruses	acellular root	1
2745672	Tenacibaculum phage Gundel_1	Viruses	acellular root	4
2686229	Microbacterium phage Terij	Viruses	acellular root	1
1838082	Gordonia phage Vendetta	Viruses	acellular root	1
1486473	Mycobacterium phage OkiRoe	Viruses	acellular root	1
10732	Streptomyces phage R4	Viruses	acellular root	1
1327977	Cellulophaga phage phi38:1	Viruses	acellular root	1
1498168	Enterococcus phage ECP3	Viruses	acellular root	2
1863009	Shigella phage SHFML-26	Viruses	acellular root	6
1792245	Bacillus phage Deep Blue	Viruses	acellular root	6
1815630	Pseudomonas phage pf16	Viruses	acellular root	6
1913575	Pseudomonas phage PA10	Viruses	acellular root	10
2508069	Salmonella phage 3-29	Viruses	acellular root	7
2024304	Shigella phage Sf14	Viruses	acellular root	9
1195076	Staphylococcus phage Staph1N	Viruses	acellular root	3
2587814	Serratia phage Moabite	Viruses	acellular root	1
1837875	Escherichia phage PE37	Viruses	acellular root	7
2723769	Agrobacterium phage OLIVR1	Viruses	acellular root	2
2785386	Enterococcus phage phi EF19G	Viruses	acellular root	3
2126722	Mycobacterium phage Pistachio	Viruses	acellular root	2
1610831	Staphylococcus phage IME-SA2	Viruses	acellular root	3
1863010	Shigella phage SHSML-45	Viruses	acellular root	2
2991861	Salmonella phage Stitch	Viruses	acellular root	8
641487	Lactococcus phage P087	Viruses	acellular root	3
1204528	Salmonella phage SKML-39	Viruses	acellular root	4
1327772	Mycobacterium phage Jobu08	Viruses	acellular root	3
2562142	Edwardsiella phage pEt-SU	Viruses	acellular root	1
1567007	Escherichia phage DT571/2	Viruses	acellular root	2
1567027	Escherichia phage vB_EcoM_VR20	Viruses	acellular root	2
1589746	Achromobacter phage JWX	Viruses	acellular root	1
1540094	Citrobacter phage Moogle	Viruses	acellular root	11
1391180	Mycobacterium phage Nala	Viruses	acellular root	1
2927987	Streptomyces phage TG1	Viruses	acellular root	1
2991866	Salmonella phage Spc35	Viruses	acellular root	7
2883944	Burkholderia phage Bcep22	Viruses	acellular root	1
444878	Prochlorococcus phage Syn33	Viruses	acellular root	3
1206557	Yersinia phage phiR2-01	Viruses	acellular root	5
536466	Synechococcus phage S-SSM4	Viruses	acellular root	3
1540097	Escherichia phage Pollock	Viruses	acellular root	4
1560286	Mycobacterium phage Murucutumbu	Viruses	acellular root	1
1813783	Salmonella phage 100268_sal2	Viruses	acellular root	7
2283303	Streptomyces phage Karimac	Viruses	acellular root	12
2053723	Streptomyces phage WRightOn	Viruses	acellular root	6
2650877	Stenotrophomonas phage Mendera	Viruses	acellular root	14
1965474	Lactococcus phage AM6	Viruses	acellular root	3
2484215	Mycobacterium phage Prithvi	Viruses	acellular root	1
1647283	Gordonia phage GMA2	Viruses	acellular root	8
2924907	Pseudomonas phage vB_Paer_PsIn	Viruses	acellular root	9
2893954	Escherichia phage vB_EcoM_RZ	Viruses	acellular root	1
1965363	Yersinia phage fHe-Yen9-01	Viruses	acellular root	2
2047836	Mycobacterium phage Archetta	Viruses	acellular root	1
2599882	Mycobacterium phage Tourach	Viruses	acellular root	5
2182360	Rhodococcus phage Jace	Viruses	acellular root	4
756278	Synechococcus phage S-RIM8	Viruses	acellular root	7
1239385	Staphylococcus phage SA5	Viruses	acellular root	3
2053603	Klebsiella phage Sugarland	Viruses	acellular root	9
2712958	Proteus phage Privateer	Viruses	acellular root	2
2565517	Salmonella phage Sepoy	Viruses	acellular root	8
1034127	Mycobacterium phage Adephagia	Viruses	acellular root	1
2530154	Mycobacterium phage Veracruz	Viruses	acellular root	2
2736265	Vibrio phage Quinn	Viruses	acellular root	13
2419610	Arthrobacter phage Isolde	Viruses	acellular root	1
2750853	Escherichia phage vB_EcoP_SP5M	Viruses	acellular root	1
2910949	Salmonella phage vB_SAg-RPN213	Viruses	acellular root	5
2686228	Microbacterium phage Matzah	Viruses	acellular root	1
2894749	Escherichia phage JLBYU40	Viruses	acellular root	10
1354514	Mycobacterium phage Quink	Viruses	acellular root	1
981431	Pseudomonas phage PAK_P3	Viruses	acellular root	2
2070188	Faecalibacterium phage FP_oengus	Viruses	acellular root	1
2508194	Escherichia phage vB_EcoM_KWBSE43-6	Viruses	acellular root	5
2847284	Salmonella phage VSe12	Viruses	acellular root	7
2992785	Escherichia phage phiWec189	Viruses	acellular root	4
2713306	Salmonella phage moki	Viruses	acellular root	3
2178927	Acinetobacter phage AM101	Viruses	acellular root	3
2163901	Synechococcus phage S-B64	Viruses	acellular root	7
2500560	Bacillus phage pW4	Viruses	acellular root	1
2783539	Bacillus phage Kirov	Viruses	acellular root	1
2777378	Salmonella phage GEC_vB_N5	Viruses	acellular root	6
2851991	Escherichia phage TrudiGerster	Viruses	acellular root	10
2576874	Escherichia phage vB_EcoM-ECP32	Viruses	acellular root	4
2099658	Escherichia phage PDX	Viruses	acellular root	4
2100130	Synechococcus virus S-PRM1	Viruses	acellular root	6
2060720	Escherichia phage PP01	Viruses	acellular root	6
2713310	Salmonella phage pertopsoe	Viruses	acellular root	3
2708629	Gordonia phage John316	Viruses	acellular root	1
1090134	Salmonella phage SPN3US	Viruses	acellular root	1
1887653	Gordonia phage Strosahl	Viruses	acellular root	2
1810705	Salmonella phage 118970_sal4	Viruses	acellular root	1
1718606	Escherichia phage phiSUSP1	Viruses	acellular root	8
1327956	Escherichia phage JES2013	Viruses	acellular root	4
1141137	Cronobacter phage vB_CsaP_GAP52	Viruses	acellular root	1
673835	Enterococcus phage phiFL2A	Viruses	acellular root	1
2887182	Escherichia phage RB43	Viruses	acellular root	1
2907830	Mycobacterium phage Cjw1	Viruses	acellular root	1
444860	Synechococcus phage S-SM2	Viruses	acellular root	9
2681605	Escherichia phage vB_EcoS_AKFV33	Viruses	acellular root	8
1328030	Cellulophaga phage phi13:2	Viruses	acellular root	1
1357669	Mycobacterium phage DrDrey	Viruses	acellular root	1
1458846	Mycobacterium phage RhynO	Viruses	acellular root	2
1327934	Cronobacter phage CR8	Viruses	acellular root	13
3432974	Trabzonvirus APT65	Viruses	acellular root	5
2483612	Salmonella phage Seafire	Viruses	acellular root	7
2762283	Mycobacterium phage Reindeer	Viruses	acellular root	2
2060721	Escherichia phage T2	Viruses	acellular root	5
2863195	Kosakonia phage Kc283	Viruses	acellular root	3
2059867	Vibrio phage Vp_R1	Viruses	acellular root	3
2591213	Microbacterium phage Arroyo	Viruses	acellular root	1
2851994	Escherichia phage TrudiRoth	Viruses	acellular root	7
3034284	Pseudomonas phage vB_VIPPAEUMC01	Viruses	acellular root	8
2815768	Salmonella phage STWB21	Viruses	acellular root	10
2591025	Aeromonas phage LAh10	Viruses	acellular root	4
2885975	Gordonia phage Kudefre	Viruses	acellular root	3
2517969	Mycobacterium phage Silverleaf	Viruses	acellular root	6
2283013	Bacillus phage BSP38	Viruses	acellular root	3
2484249	Vibrio phage VspSw_1	Viruses	acellular root	9
2448909	Escherichia phage MLF4	Viruses	acellular root	7
1327972	Cellulophaga phage phi17:2	Viruses	acellular root	7
1981500	Escherichia phage V18	Viruses	acellular root	2
1572743	Mannheimia phage vB_MhS_535AP2	Viruses	acellular root	2
2919547	Mycobacterium phage Pumpkin	Viruses	acellular root	1
2301601	Corynebacterium phage SamW	Viruses	acellular root	1
1881226	Vibrio phage 1.224.A._10N.261.48.B1	Viruses	acellular root	1
2024252	Serratia phage vB_SmaM_ 2050HW	Viruses	acellular root	1
1897742	Salmonella phage ST-W77	Viruses	acellular root	4
2762281	Mycobacterium phage Aziz	Viruses	acellular root	1
2696435	Escherichia phage nomine	Viruses	acellular root	4
2852004	Escherichia phage IrisVonRoten	Viruses	acellular root	6
2576478	Escherichia phage vB_EcoS-26175I	Viruses	acellular root	7
2789812	Salmonella phage vB_SalS_ABTNLsp9	Viruses	acellular root	10
2836135	Rhizobium phage RHEph22	Viruses	acellular root	2
2010329	Acidovorax phage ACP17	Viruses	acellular root	2
1636580	Lactococcus phage 936 group phage PhiJF1	Viruses	acellular root	1
2847072	Escherichia phage VEc33	Viruses	acellular root	7
2315695	Escherichia phage fp01	Viruses	acellular root	11
1604356	Escherichia phage ECBP1	Viruses	acellular root	1
1445860	Salmonella phage STP4-a	Viruses	acellular root	3
1863008	Shigella phage SHFML-11	Viruses	acellular root	6
2790659	Cyanophage S-RIM12 isolate RW_06_0310	Viruses	acellular root	4
2054273	Klebsiella phage Menlow	Viruses	acellular root	5
2316014	Salmonella phage Sw2	Viruses	acellular root	8
2713269	Streptomyces phage Muntaha	Viruses	acellular root	22
2924887	Aeromonas phage ZPAH14	Viruses	acellular root	1
2653275	Microbacterium phage SansAfet	Viruses	acellular root	1
2575327	Salmonella phage SE3	Viruses	acellular root	6
2885911	Campylobacter phage CPX	Viruses	acellular root	3
2777380	Salmonella phage GEC_vB_N7	Viruses	acellular root	6
2772519	Ruminococcus phage phiRg519T2	Viruses	acellular root	1
3025422	Salmonella phage GSW6	Viruses	acellular root	8
3017287	Klebsiella phage KPP2018	Viruses	acellular root	9
2939128	Xanthomonas phage Langgrundblatt1	Viruses	acellular root	2
2767565	Streptomyces phage Faust	Viruses	acellular root	17
2801834	Klebsiella phage vB_KpM_FBKp24	Viruses	acellular root	6
2653725	Streptomyces phage Daubenski	Viruses	acellular root	11
2583286	Salmonella virus KFS-SE2	Viruses	acellular root	1
1978922	Aeromonas phage phiA8-29	Viruses	acellular root	6
1161933	Mycobacterium phage Twister	Viruses	acellular root	1
1391429	Mycobacterium phage Artemis2UCLA	Viruses	acellular root	2
1150991	Sphingomonas phage PAU	Viruses	acellular root	4
1604355	Escherichia phage ECBP2	Viruses	acellular root	1
2836086	Rhizobium phage RHph_X2_28B	Viruses	acellular root	4
1391431	Mycobacterium phage Conspiracy	Viruses	acellular root	1
1728958	Escherichia phage slur09	Viruses	acellular root	7
1891703	Mycobacterium phage Tonenili	Viruses	acellular root	13
1931407	Providencia phage vB_PreS_PR1	Viruses	acellular root	12
2681616	Salinibacter phage M1EM-1	Viruses	acellular root	1
2743829	Flavobacterium phage vB_FspP_elemoE_6-9C	Viruses	acellular root	1
2783667	Klebsiella phage vB_KpnS_MK54	Viruses	acellular root	2
2801510	Salmonella phage vB STyj5-1	Viruses	acellular root	7
2944951	Arthrobacter phage Cole	Viruses	acellular root	1
2968666	Klebsiella phage KP591P3	Viruses	acellular root	2
2108137	Enterobacter phage myPSH1140	Viruses	acellular root	14
2015844	Mycobacterium phage Finemlucis	Viruses	acellular root	3
2653755	Mycobacterium phage Bryler	Viruses	acellular root	2
2696340	Enterobacter phage vB_EclM_CIP9	Viruses	acellular root	7
2874890	Klebsiella phage VLCpiS13f	Viruses	acellular root	2
1852563	Escherichia phage vB_EcoS_NBD2	Viruses	acellular root	1
1732176	Hydrogenobaculum phage 1	Viruses	acellular root	1
454798	Salmonella phage Det7	Viruses	acellular root	4
1527524	Citrobacter phage Miller	Viruses	acellular root	1
2883945	Burkholderia phage Bcep43	Viruses	acellular root	1
1883370	Erwinia phage vB_EamM_Asesino	Viruses	acellular root	8
1965465	Escherichia phage phiLLS	Viruses	acellular root	6
2231345	Salmonella phage S116	Viruses	acellular root	8
2231355	Salmonella phage S132	Viruses	acellular root	7
2507711	Escherichia phage vB_EcoS_IME542	Viruses	acellular root	1
2315580	Escherichia phage vB_vPM_PD112	Viruses	acellular root	5
2698923	Klebsiella phage KpLz-2_45	Viruses	acellular root	5
2863194	Kosakonia phage Kc263	Viruses	acellular root	2
2712941	Stenotrophomonas phage vB_SmaS_BUCT548	Viruses	acellular root	1
2907831	Mycobacterium phage Bxz2	Viruses	acellular root	3
2576873	Escherichia phage vB_EcoM-ECP26	Viruses	acellular root	4
2905674	Mycobacterium phage D29	Viruses	acellular root	3
10693	Enterobacteria phage RB51	Viruses	acellular root	6
754042	Synechococcus phage S-SKS1	Viruses	acellular root	9
2922218	Mycobacterium phage Optimus	Viruses	acellular root	1
1897437	Rhodococcus phage Weasels2	Viruses	acellular root	5
1701846	Citrobacter phage Mordin	Viruses	acellular root	9
2047831	Gordonia phage BirksAndSocks	Viruses	acellular root	1
2713292	Salmonella phage dinky	Viruses	acellular root	3
1226258	Stx2-converting phage Stx2a_WGPS9	Viruses	acellular root	3
2015879	Mycobacterium phage DarthP	Viruses	acellular root	1
10692	Enterobacteria phage RB18	Viruses	acellular root	7
1983572	Synechococcus phage S-H35	Viruses	acellular root	7
2950726	Escherichia phage A51.2	Viruses	acellular root	4
1087482	Salmonella phage vB_SenM-S16	Viruses	acellular root	2
1007127	Staphylococcus aureus bacteriophage Sb-1	Viruses	acellular root	3
1162290	Cronobacter phage CR9	Viruses	acellular root	11
1493514	Synechococcus phage ACG-2014j	Viruses	acellular root	9
1220717	Rhizobium phage RHEph10	Viruses	acellular root	1
2023959	Streptomyces phage Mildred21	Viruses	acellular root	10
2902832	Mycobacterium phage Anaya	Viruses	acellular root	1
2231347	Salmonella phage S118	Viruses	acellular root	4
2094139	Mycobacterium phage Paola	Viruses	acellular root	1
2576882	Escherichia phage EcNP1	Viruses	acellular root	7
2502301	Escherichia phage vB_EcoM_G4498	Viruses	acellular root	7
2885973	Arthrobacter phage KeAlii	Viruses	acellular root	1
2816459	Enterococcus phage MDA2	Viruses	acellular root	3
2951262	Enterococcus phage TJE1	Viruses	acellular root	12
1161935	Salinivibrio phage CW02	Viruses	acellular root	1
3022055	Pseudomonas phage vB_PaeM_B31	Viruses	acellular root	6
1965482	Lactococcus phage LW81	Viruses	acellular root	2
2686290	Acinetobacter phage vB_AbaM_Berthold	Viruses	acellular root	3
2301647	Salmonella phage SenALZ1	Viruses	acellular root	3
2530116	Gordonia phage BrutonGaster	Viruses	acellular root	4
2048061	Escherichia phage DTL	Viruses	acellular root	1
2902882	Mycobacterium phage Baka	Viruses	acellular root	1
1262539	Vibrio phage VH7D	Viruses	acellular root	14
1383057	Mycobacterium phage Goku	Viruses	acellular root	1
1177632	Salmonella phage SSU5	Viruses	acellular root	1
1175504	Mycobacterium phage SWU1	Viruses	acellular root	2
699370	Thermus phage TMA	Viruses	acellular root	3
445688	Prochlorococcus phage P-SSM7	Viruses	acellular root	1
1129194	Xanthomonas phage vB_XveM_DIBBI	Viruses	acellular root	2
2079426	Streptomyces phage BillNye	Viruses	acellular root	19
2588514	Streptomyces phage Evy	Viruses	acellular root	9
2218499	Escherichia phage KIT03	Viruses	acellular root	7
1651198	Enterobacteria phage Kha5h	Viruses	acellular root	7
2041210	Lactobacillus phage LpeD	Viruses	acellular root	5
1815957	Pseudomonas phage phiMK	Viruses	acellular root	8
1636546	Tsukamurella phage TIN3	Viruses	acellular root	1
1647458	Salmonella phage SEN22	Viruses	acellular root	1
673837	Enterococcus phage phiFL3A	Viruses	acellular root	1
445686	Synechococcus phage S-SSM7	Viruses	acellular root	3
1540091	Bacillus phage Moonbeam	Viruses	acellular root	2
573172	Vibrio phage eugene 12A10	Viruses	acellular root	2
1785960	Ralstonia phage RSP15	Viruses	acellular root	9
1815510	Lactobacillus phage PLE3	Viruses	acellular root	1
2902889	Mycobacterium phage Bask21	Viruses	acellular root	1
1150989	Vibrio phage pVp-1	Viruses	acellular root	15
2283271	Caulobacter phage CcrPW	Viruses	acellular root	19
2592220	Salmonella phage SS9	Viruses	acellular root	3
2315700	Klebsiella phage KP179	Viruses	acellular root	2
2509728	Rhizobium phage RHph_I1_6	Viruses	acellular root	3
2866663	Escherichia phage vB_EcoP_IMEP8	Viruses	acellular root	1
2992788	Escherichia phage phiWec193	Viruses	acellular root	4
1719140	Klebsiella phage vB_KpnM_KB57	Viruses	acellular root	9
936054	Enterobacteria phage VT2phi_272	Viruses	acellular root	4
1493512	Synechococcus phage ACG-2014g	Viruses	acellular root	4
2886899	Burkholderia phage BcepMigl	Viruses	acellular root	1
1162295	Cronobacter phage CR3	Viruses	acellular root	12
645664	Shigella phage SP18	Viruses	acellular root	2
1211640	Caulobacter phage CcrColossus	Viruses	acellular root	18
1701810	Citrobacter phage Margaery	Viruses	acellular root	1
2783673	Synechococcus phage S-H38	Viruses	acellular root	6
2250397	Gordonia phage Ronaldo	Viruses	acellular root	2
2922220	Mycobacterium phage EricB	Viruses	acellular root	2
1556290	Streptomyces phage Jay2Jay	Viruses	acellular root	11
1034128	Mycobacterium phage Alice	Viruses	acellular root	9
1296655	Bacillus phage JL	Viruses	acellular root	1
546808	Mycobacterium phage Spud	Viruses	acellular root	11
546806	Mycobacterium phage Rizal	Viruses	acellular root	12
1168744	Listeria phage vB_LmoM_AG20	Viruses	acellular root	4
1173761	Salmonella phage FSL SP-058	Viruses	acellular root	8
1486413	Listeria phage LMTA-148	Viruses	acellular root	2
31533	Escherichia phage RB3	Viruses	acellular root	7
1560342	Acinetobacter phage YMC13/03/R2096	Viruses	acellular root	8
1560313	Lactococcus phage WRP3	Viruses	acellular root	1
2801837	Klebsiella phage vB_KpP_FBKp27	Viruses	acellular root	3
1589298	Vibrio phage phi 3	Viruses	acellular root	5
1805956	Bacillus phage Zuko	Viruses	acellular root	1
1881237	Vibrio phage 1.261.O._10N.286.51.A7	Viruses	acellular root	1
2584487	Vibrio phage VAP7	Viruses	acellular root	1
2015820	Mycobacterium phage Krueger	Viruses	acellular root	1
2499909	Escherichia phage AnYang	Viruses	acellular root	1
2509764	Rhizobium phage RHph_TM30	Viruses	acellular root	11
2070199	Escherichia phage EP335	Viruses	acellular root	1
2860374	Escherichia phage IME267	Viruses	acellular root	1
3027684	Salmonella phage KKP_3831	Viruses	acellular root	4
2053701	Aeromonas phage Ah1	Viruses	acellular root	10
2025823	Salmonella phage SG1	Viruses	acellular root	6
1852622	Xanthomonas phage Xoo-sp2	Viruses	acellular root	1
1486419	Listeria phage LMTA-94	Viruses	acellular root	2
2894293	Microbacterium phage Franklin22	Viruses	acellular root	1
1041527	Staphylococcus phage S25-4	Viruses	acellular root	2
1755689	Pseudomonas phage YMC11/02/R656	Viruses	acellular root	1
1720500	Escherichia phage slur07	Viruses	acellular root	6
1647311	Mycobacterium phage Mindy	Viruses	acellular root	1
1868169	Salmonella phage GG32	Viruses	acellular root	3
1883365	Synechococcus phage S-CAM22	Viruses	acellular root	4
2024330	Escherichia phage chee24	Viruses	acellular root	7
1958919	Pectobacterium phage vB_PatP_CB4	Viruses	acellular root	2
2708562	Streptomyces phage JXY1	Viruses	acellular root	4
2015874	Mycobacterium phage Amohnition	Viruses	acellular root	1
2696379	Escherichia phage alia	Viruses	acellular root	7
2696383	Escherichia phage anhysbys	Viruses	acellular root	6
2653271	Gordonia phage Sixama	Viruses	acellular root	13
3003819	Escherichia phage A73	Viruses	acellular root	5
2059883	Streptomyces phage Rowa	Viruses	acellular root	5
2662277	Escherichia phage ES17	Viruses	acellular root	1
2696455	Escherichia phage tuntematon	Viruses	acellular root	6
2108121	Mycobacterium phage Adonis	Viruses	acellular root	1
2690230	Acinetobacter phage vB_AbaM_PhT2	Viruses	acellular root	4
2666257	Acinetobacter phage vB_AbaM_Konradin	Viruses	acellular root	3
1131317	Escherichia phage FV3	Viruses	acellular root	4
1508678	Escherichia coli O157 typing phage 3	Viruses	acellular root	2
2024320	Shigella phage Sf22	Viruses	acellular root	8
2483610	Proteus phage Mydo	Viruses	acellular root	10
2847815	Klebsiella phage KpS8	Viruses	acellular root	11
2014434	Escherichia phage D6	Viruses	acellular root	3
2024005	Mycobacterium phage Bella96	Viruses	acellular root	1
2743961	Escherichia phage Mt1B1_P17	Viruses	acellular root	6
760530	Staphylococcus phage G15	Viruses	acellular root	3
2507856	Mycobacterium phage KiSi	Viruses	acellular root	1
1965478	Lactococcus phage LW31	Viruses	acellular root	3
2652423	Mycobacterium phage Marshawn	Viruses	acellular root	1
1673874	Staphylococcus phage IME-SA119	Viruses	acellular root	3
1327938	Mycobacterium phage ArcherS7	Viruses	acellular root	11
1542092	Pseudomonas phage vB_PaeM_PS24	Viruses	acellular root	2
1838080	Gordonia phage Splinter	Viruses	acellular root	1
2589660	Klebsiella phage Magnus	Viruses	acellular root	5
2852022	Escherichia phage DrSchubert	Viruses	acellular root	4
2163965	Pseudomonas phage 98PfluR60PP	Viruses	acellular root	1
2877946	Alcaligenes phage vB_Af_QDWS595	Viruses	acellular root	2
1838061	Gordonia phage Bachita	Viruses	acellular root	2
2919552	Acinetobacter phage 133	Viruses	acellular root	10
2790347	Cyanophage S-RIM12 isolate RW_01_0310	Viruses	acellular root	3
1639815	Pseudomonas phage vB_PaeM_MAG1	Viruses	acellular root	5
1805948	Bacillus phage DIGNKC	Viruses	acellular root	1
1540095	Citrobacter phage Moon	Viruses	acellular root	6
1526408	Staphylococcus phage P108	Viruses	acellular root	3
2562192	Gordonia phage GodonK	Viruses	acellular root	12
2712940	Salmonella phage P46FS4	Viruses	acellular root	2
756275	Synechococcus phage S-CBS4	Viruses	acellular root	1
1262532	Mycobacterium phage BTCU-1	Viruses	acellular root	1
2910754	Arthrobacter phage BaileyBlu	Viruses	acellular root	1
2231343	Salmonella phage S114	Viruses	acellular root	9
1327936	Mycobacterium phage Gizmo	Viruses	acellular root	12
1446490	Escherichia phage FFH2	Viruses	acellular root	4
1698366	Mycobacterium phage Chadwick	Viruses	acellular root	1
2923004	Mycobacterium phage Jeffabunny	Viruses	acellular root	2
2848887	Streptomyces phage TunaTartare	Viruses	acellular root	16
2182345	Escherichia phage Gostya9	Viruses	acellular root	2
947379	Enterococcus phage phiEF24C-P2	Viruses	acellular root	2
2508180	Escherichia phage vB_EcoM_KAW1E185	Viruses	acellular root	7
2315527	Escherichia phage vB_vPM_PD06	Viruses	acellular root	6
1647405	Sinorhizobium phage phiN3	Viruses	acellular root	4
2591033	Aeromonas phage LAh_9	Viruses	acellular root	8
2137745	Enterobacter phage EspM4VN	Viruses	acellular root	3
2015819	Mycobacterium phage GuuelaD	Viruses	acellular root	5
2697539	Escherichia phage teqskov	Viruses	acellular root	5
2500581	Vibrio virus vB_VspP_SBP1	Viruses	acellular root	2
2806547	Klebsiella phage vB_KpnP_P184	Viruses	acellular root	4
2601632	Pseudomonas phage vB_PaeM_PS119XW	Viruses	acellular root	6
2696337	Enterococcus phage PBEF129	Viruses	acellular root	3
442493	Enterococcus phage EF24C	Viruses	acellular root	2
445693	Cyanophage NATL1A-7	Viruses	acellular root	1
1141138	Cronobacter phage vB_CsaM_GAP161	Viruses	acellular root	2
1327035	Mycobacterium phage CASbig	Viruses	acellular root	1
2419968	Arthrobacter phage Ryan	Viruses	acellular root	1
2656515	Lactococcus phage P596	Viruses	acellular root	2
2510571	Streptomyces phage Lilbooboo	Viruses	acellular root	1
1690684	Mycobacterium phage Phlei	Viruses	acellular root	2
2884420	Bacillus phage G	Viruses	acellular root	10
760732	Acinetobacter phage Acj61	Viruses	acellular root	5
2681599	Escherichia phage RB16	Viruses	acellular root	2
490912	Silicibacter phage DSS3phi2	Viruses	acellular root	2
2886925	Escherichia phage N4	Viruses	acellular root	3
2902792	Mycobacterium phage 244	Viruses	acellular root	1
343516	Escherichia phage phiV10	Viruses	acellular root	1
1204523	Escherichia phage ECML-4	Viruses	acellular root	5
1682394	Enterobacter phage phiEap-3	Viruses	acellular root	1
2790345	Synechococcus phage ACG-2014f_Syn7803C7	Viruses	acellular root	2
2315483	Lactobacillus phage Iacchus	Viruses	acellular root	2
2588517	Aeromonas phage 4_4572	Viruses	acellular root	7
2920887	Mycobacterium phage Wonder	Viruses	acellular root	3
2696432	Escherichia phage nieznany	Viruses	acellular root	6
2696439	Escherichia phage pangalan	Viruses	acellular root	4
1080800	Salmonella phage SFP10	Viruses	acellular root	3
3126011	Synechococcus phage S-MbCM6	Viruses	acellular root	3
1446489	Escherichia phage vB_EcoS_FFH_1	Viruses	acellular root	7
1486421	Listeria phage LMSP-25	Viruses	acellular root	2
2872674	Escherichia phage Lindwurm	Viruses	acellular root	9
3426492	Atrivirus PS6	Viruses	acellular root	1
2596676	Xanthomonas phage Samson	Viruses	acellular root	1
2047840	Mycobacterium phage Koko	Viruses	acellular root	2
2599885	Mycobacterium phage Yuna	Viruses	acellular root	1
1873954	Cronobacter phage vB_CsaM_leE	Viruses	acellular root	1
2315597	Proteus phage Stubb	Viruses	acellular root	15
2488571	Lactococcus phage phiQ1	Viruses	acellular root	3
1852564	Bacillus phage Belinda	Viruses	acellular root	1
1572715	Salmonella phage Shivani	Viruses	acellular root	2
1412875	Lactococcus phage phiL47	Viruses	acellular root	3
929833	Rhizobium phage RR1-A	Viruses	acellular root	1
2907796	Vibrio phage VpV262	Viruses	acellular root	1
1701853	Mycobacterium phage Serenity	Viruses	acellular root	1
1912318	Klebsiella phage vB_Kpn_IME260	Viruses	acellular root	8
2927008	Campylobacter phage CP81	Viruses	acellular root	3
2484640	Synechococcus phage S-P4	Viruses	acellular root	2
2662295	Lactococcus phage P1048	Viruses	acellular root	2
2801477	Flavobacterium phage vB_FspM_immuto_2-6A	Viruses	acellular root	1
444862	Prochlorococcus phage P-RSM4	Viruses	acellular root	2
1881217	Vibrio phage 1.188.A._10N.286.51.A6	Viruses	acellular root	1
2315485	Lactobacillus phage Bromius	Viruses	acellular root	2
2591030	Aeromonas phage LAh_6	Viruses	acellular root	7
2725625	Mycobacterium phage MarkPhew	Viruses	acellular root	1
2736288	Vibrio phage River4	Viruses	acellular root	14
2500559	Bacillus phage pW2	Viruses	acellular root	2
2772023	Microbacterium phage AnnaLie	Viruses	acellular root	1
2835638	Enterococcus phage 113	Viruses	acellular root	10
194949	Escherichia phage Stx2 II	Viruses	acellular root	3
2919553	Mycobacterium phage LeBron	Viruses	acellular root	6
1838065	Gordonia phage ClubL	Viruses	acellular root	2
1871313	Citrobacter phage vB_CfrM_CfP1	Viruses	acellular root	1
1815582	Pseudomonas phage phiPMW	Viruses	acellular root	5
2749424	Salmonella phage vB_StyS-LmqsSP1	Viruses	acellular root	5
2924904	Pseudomonas phage vB_Paer_Ps12	Viruses	acellular root	10
1907784	Klebsiella phage vB_KpnM_BIS47	Viruses	acellular root	10
2054272	Klebsiella phage May	Viruses	acellular root	5
2920885	Mycobacterium phage JHC117	Viruses	acellular root	3
2041413	Salmonella phage Melville	Viruses	acellular root	7
1647286	Gordonia phage GMA7	Viruses	acellular root	1
1493509	Synechococcus phage ACG-2014d	Viruses	acellular root	3
1486428	Enterococcus phage EFC-1	Viruses	acellular root	1
1541825	Shigella phage Shf125875	Viruses	acellular root	1
2914016	Mycobacterium phage Kostya	Viruses	acellular root	1
1052672	Mycobacterium phage Sebata	Viruses	acellular root	11
2231356	Salmonella phage S133	Viruses	acellular root	9
2231362	Salmonella phage S147	Viruses	acellular root	5
2691085	Yersinia phage vB_YepM_ZN18	Viruses	acellular root	8
2679905	Escherichia phage phiEco32	Viruses	acellular root	1
1772332	Pseudomonas phage SM1	Viruses	acellular root	1
10726	Tequintavirus T5	Viruses	acellular root	21
129861	Phage Gifsy-1	Viruses	acellular root	1
576790	Escherichia phage JS10	Viruses	acellular root	3
764562	Brochothrix phage BL3	Viruses	acellular root	1
869662	Synechococcus phage S-RIM2 R1_1999	Viruses	acellular root	5
1406783	Bacillus phage CampHawk	Viruses	acellular root	3
1204522	Escherichia phage ECML-134	Viruses	acellular root	6
1675602	Citrobacter phage Merlin	Viruses	acellular root	9
2079262	Klebsiella phage vB_KpnM_KpS110	Viruses	acellular root	5
2716727	Citrobacter phage PhiZZ23	Viruses	acellular root	8
2713223	Escherichia phage ECOP18	Viruses	acellular root	8
2301731	Bacteroides phage crAss001	Viruses	acellular root	1
1195080	Staphylococcus phage P4W	Viruses	acellular root	3
1204533	Bacillus phage phiAGATE	Viruses	acellular root	2
1815631	Salmonella phage vB_SnwM_CGG4-1	Viruses	acellular root	2
1175662	Pseudomonas phage PaMx42	Viruses	acellular root	1
69609	Enterobacteria phage RB27	Viruses	acellular root	7
1231048	Pseudomonas phage vB_PaeM_C2-10_Ab1	Viruses	acellular root	6
673839	Enterococcus phage phiFL4A	Viruses	acellular root	1
2743826	Flavobacterium phage vB_FspP_elemoF_6-3D	Viruses	acellular root	1
2509781	Rhizobium phage RHph_Y38	Viruses	acellular root	2
637730	Shigella phage Ag3	Viruses	acellular root	3
1439894	Klebsiella phage K64-1	Viruses	acellular root	5
1497851	Bacillus phage SPG24	Viruses	acellular root	3
1837867	Escherichia phage UFV-AREG1	Viruses	acellular root	8
2570301	Vibrio phage Thalassa	Viruses	acellular root	14
2884423	Bacillus phage PBS1	Viruses	acellular root	1
2736262	Vibrio phage Athena	Viruses	acellular root	13
1815955	Lactococcus phage PLgT-1	Viruses	acellular root	2
926589	Escherichia phage PhaxI	Viruses	acellular root	3
1519788	Escherichia phage vB_EcoP_SU10	Viruses	acellular root	1
1551641	Shigella phage pSs-1	Viruses	acellular root	7
754039	Synechococcus phage S-IOM18	Viruses	acellular root	6
1108865	Salmonella typhimurium phage PhiSH19	Viruses	acellular root	4
445685	Synechococcus phage S-SSM5	Viruses	acellular root	3
2919554	Mycobacterium phage CrimD	Viruses	acellular root	1
546803	Mycobacterium phage Cali	Viruses	acellular root	12
1838070	Gordonia phage KatherineG	Viruses	acellular root	2
1028375	Staphylococcus phage ISP	Viruses	acellular root	3
516541	Staphylococcus phage A5W	Viruses	acellular root	3
1871716	Klebsiella phage KNP2	Viruses	acellular root	9
1605379	Acinetobacter phage vB_AbaM_phiAbaA1	Viruses	acellular root	4
2795745	Cronobacter phage A24	Viruses	acellular root	3
2852031	Escherichia phage EduardKellenberger	Viruses	acellular root	4
1141140	Escherichia phage vB_EcoS_ACG-M12	Viruses	acellular root	1
1458855	Listeria phage LP-083-2	Viruses	acellular root	3
1206560	Yersinia phage phiD1	Viruses	acellular root	6
2059850	Lactobacillus phage Lpa804	Viruses	acellular root	4
2025816	Escherichia phage ECO4	Viruses	acellular root	7
2508181	Escherichia phage vB_EcoM_G9062	Viruses	acellular root	7
2991283	Salmonella phage Vi01	Viruses	acellular root	5
1654926	Escherichia phage HY03	Viruses	acellular root	5
2496547	Escherichia phage vB_EcoS_ESCO41	Viruses	acellular root	1
2267653	Erwinia phage Wellington	Viruses	acellular root	5
2419930	Serratia phage vB_SmaA_3M	Viruses	acellular root	2
2587819	Enterococcus phage vB_OCPT_Ben	Viruses	acellular root	11
1340833	Mycobacterium phage Contagion	Viruses	acellular root	1
2923000	Mycobacterium phage Courthouse	Viruses	acellular root	1
1654891	Salmonella phage 38	Viruses	acellular root	4
1887645	Gordonia phage Cucurbita	Viruses	acellular root	2
1815522	Synechococcus phage S-WAM2	Viruses	acellular root	10
1051674	Erwinia phage vB_Eam-MM7	Viruses	acellular root	10
2024264	Agrobacterium phage Atu_ph07	Viruses	acellular root	18
2047871	Corynebacterium phage Zion	Viruses	acellular root	2
2138298	Aeromonas phage AhSzq-1	Viruses	acellular root	7
2517971	Mycobacterium phage Typha	Viruses	acellular root	2
2743994	Mycobacterium phage Gail	Viruses	acellular root	1
2739834	Streptomyces phage Coruscant	Viruses	acellular root	6
2914450	Pseudomonas phage PP9W2	Viruses	acellular root	3
2053671	Escherichia phage FEC14	Viruses	acellular root	3
2918880	Escherichia phage vB_EcoS_ESCO40	Viruses	acellular root	6
75320	Vibrio phage KVP40	Viruses	acellular root	14
925986	Erwinia phage phiEa104	Viruses	acellular root	9
1567005	Mycobacterium phage MiaZeal	Viruses	acellular root	1
2852005	Escherichia phage HildyBeyeler	Viruses	acellular root	6
2772520	Ruminococcus phage phiRgIBDN1	Viruses	acellular root	1
1912975	Mycobacterium phage DarthPhader	Viruses	acellular root	1
2713274	Salmonella phage allotria	Viruses	acellular root	3
2231351	Salmonella phage S124	Viruses	acellular root	6
2079429	Lactobacillus phage Bacchae	Viruses	acellular root	5
2070201	Lactobacillus phage Satyr	Viruses	acellular root	3
1958965	Ralstonia phage RS-PI-1	Viruses	acellular root	1
1445811	Bacillus phage Bp8p-T	Viruses	acellular root	3
2836011	Microbacterium phage CroZenni	Viruses	acellular root	1
31555	Paramecium bursaria Chlorella virus CVK2	Viruses	acellular root	11
10665	Tequatrovirus T4	Viruses	acellular root	8
2079289	Pseudomonas phage Littlefix	Viruses	acellular root	1
1983463	Escherichia phage ArgO145	Viruses	acellular root	3
2081631	Salmonella phage SE131	Viruses	acellular root	2
2918650	Enterococcus phage phiSHEF16	Viruses	acellular root	9
35345	Lactococcus phage TP901-1	Viruses	acellular root	1
2905959	Shigella phage Sf6	Viruses	acellular root	1
2911441	Aeromonas phage 25	Viruses	acellular root	6
879628	Aeromonas phage phiAS4	Viruses	acellular root	8
685892	Pseudomonas phage PaP1	Viruses	acellular root	8
1567028	Escherichia phage vB_EcoM_VR25	Viruses	acellular root	2
2772511	Pectobacterium phage vB_PcaM_CBB	Viruses	acellular root	11
2851990	Escherichia phage GreteKellenberger	Viruses	acellular root	9
2250392	Gordonia phage Fryberger	Viruses	acellular root	2
2745643	Cellulophaga phage Calle_1	Viruses	acellular root	1
2163633	Erwinia phage Cronus	Viruses	acellular root	10
2321390	Yersinia phage PYPS2T	Viruses	acellular root	7
2015885	Mycobacterium phage Krypton555	Viruses	acellular root	6
1226262	Stx2-converting phage Stx2a_WGPS6	Viruses	acellular root	2
2218612	Ruegeria phage vB_RpoP-V13	Viruses	acellular root	4
2268578	Synechococcus phage S-T4	Viruses	acellular root	4
1852625	Klebsiella phage vB_KpnM_KpV477	Viruses	acellular root	9
1838078	Gordonia phage Smoothie	Viruses	acellular root	2
1698714	Mycobacterium phage Snenia	Viruses	acellular root	5
1505227	Aeromonas phage pAh6-C	Viruses	acellular root	1
1527771	Mesorhizobium phage vB_MloP_Lo5R7ANS	Viruses	acellular root	1
2885915	Campylobacter phage NCTC12673	Viruses	acellular root	3
2593638	Bacillus phage vB_BmeM-Goe8	Viruses	acellular root	4
2499072	Streptomyces phage Hiyaa	Viruses	acellular root	1
2419752	Salmonella phage SeSz-1	Viruses	acellular root	3
2735171	Vibrio phage Bennett	Viruses	acellular root	13
2662136	Vibrio phage Seahorse	Viruses	acellular root	1
2836132	Rhizobium phage RHEph16	Viruses	acellular root	1
2836041	Arthrobacter phage Zaheer	Viruses	acellular root	1
2419748	Pseudomonas phage PaGz-1	Viruses	acellular root	8
2713288	Salmonella phage bux	Viruses	acellular root	7
2922322	Enterococcus phage vB_OCPT_Bill	Viruses	acellular root	6
2950724	Enterococcus phage Sw5	Viruses	acellular root	3
2713325	Salmonella phage vaffelhjerte	Viruses	acellular root	8
2184699	Escherichia phage vB_EcoM_NBG2	Viruses	acellular root	7
2301715	Streptomyces phage Thestral	Viruses	acellular root	1
2776821	Escherichia phage VEcB	Viruses	acellular root	6
1486397	Listeria phage LMTA-34	Viruses	acellular root	2
2060124	Salmonella phage BPS17W1	Viruses	acellular root	2
2024316	Shigella phage Sf13	Viruses	acellular root	9
1777052	Pseudomonas phage JBD44	Viruses	acellular root	1
1124655	Escherichia phage TL-2011c	Viruses	acellular root	3
563769	Stx2-converting phage 1717	Viruses	acellular root	2
2892344	Lactobacillus phage LP65	Viruses	acellular root	3
2932880	Pseudomonas phage D3	Viruses	acellular root	4
700939	Escherichia phage vB_EcoM_VR7	Viruses	acellular root	1
1429758	Pseudomonas phage phiIBB-PAA2	Viruses	acellular root	3
1527536	Mycobacterium phage Trike	Viruses	acellular root	2
1673871	Escherichia phage QL01	Viruses	acellular root	1
1340750	Escherichia phage JH2	Viruses	acellular root	7
2231352	Salmonella phage S126	Viruses	acellular root	6
2912287	Salmonella phage BD13	Viruses	acellular root	9
2591217	Microbacterium phage Margaery	Viruses	acellular root	1
2777377	Salmonella phage GEC_vB_N3	Viruses	acellular root	5
10719	Lomovskayavirus C31	Viruses	acellular root	2
1071503	Mycobacterium phage Trixie	Viruses	acellular root	2
1273738	Escherichia phage PBECO4	Viruses	acellular root	3
1698420	Mycobacterium phage Tasp14	Viruses	acellular root	1
1597976	Enterococcus phage EFDG1	Viruses	acellular root	10
1278485	Cyanophage S-RIM44	Viruses	acellular root	4
2079280	Gordonia phage Flakey	Viruses	acellular root	1
1675028	Bacillus phage PBC4	Viruses	acellular root	1
2999013	Streptomyces phage Success	Viruses	acellular root	6
2713305	Salmonella phage misterkot	Viruses	acellular root	5
3028908	Salmonella phage vB_SenS_UTK0009	Viruses	acellular root	9
2894751	Escherichia phage JLBYU43	Viruses	acellular root	6
373415	Mycobacterium phage Wildcat	Viruses	acellular root	3
2769359	Mycobacterium phage CELFI	Viruses	acellular root	5
2315766	Enterococcus phage EfV12-phi1	Viruses	acellular root	11
2006684	Pseudomonas phage Noxifer	Viruses	acellular root	3
1527534	Mycobacterium phage Swirley	Viruses	acellular root	1
2905945	Pseudomonas phage phiKZ	Viruses	acellular root	6
31757	Fromanvirus L5	Viruses	acellular root	3
1340709	Mycobacterium phage Redno2	Viruses	acellular root	1
1429768	Erwinia phage Ea35-70	Viruses	acellular root	1
1486657	Bacillus phage CAM003	Viruses	acellular root	4
2601643	Erwinia phage pEp_SNUABM_01	Viruses	acellular root	16
2508175	Escherichia phage vB_EcoS_HASG4	Viruses	acellular root	7
2801524	Stenotrophomonas phage Salva	Viruses	acellular root	1
1897548	Mycobacterium phage Stasia	Viruses	acellular root	1
1983595	Vibrio phage JSF12	Viruses	acellular root	9
1590550	Escherichia phage RCS47	Viruses	acellular root	3
2079281	Gordonia phage SteveFrench	Viruses	acellular root	1
2589656	Salmonella phage Th1	Viruses	acellular root	10
2024295	Mycobacterium phage Kimona	Viruses	acellular root	2
2653718	Gordonia phage Syleon	Viruses	acellular root	1
2664939	Klebsiella phage N1M2	Viruses	acellular root	3
2894397	Escherichia phage EC100	Viruses	acellular root	8
2681598	Escherichia phage T4	Viruses	acellular root	6
1198013	Aeromonas phage Aes508	Viruses	acellular root	4
2902800	Mycobacterium phage Alma	Viruses	acellular root	1
1718171	Mycobacterium phage Pari	Viruses	acellular root	1
1883379	Erwinia phage vB_EamM_Caitlin	Viruses	acellular root	5
2044561	Stenotrophomonas phage vB_SmaS_DLP_5	Viruses	acellular root	4
2022859	Marinomonas phage CB5A	Viruses	acellular root	1
2596884	Salmonella phage OSY-STA	Viruses	acellular root	8
2502450	Mycobacterium phage JewelBug	Viruses	acellular root	2
10666	Enterobacteria phage T6	Viruses	acellular root	4
2590895	Gordonia phage Mollymur	Viruses	acellular root	2
2836106	Escherichia phage vB_EcoM_SophiaRose	Viruses	acellular root	4
2036050	Pseudomonas phage YS35	Viruses	acellular root	6
2656617	Mycobacterium phage Yecey3	Viruses	acellular root	1
2502469	Mycobacterium phage QBert	Viruses	acellular root	12
2797324	Gordonia phage TinaLin	Viruses	acellular root	1
2713222	Salmonella phage L6jm	Viruses	acellular root	9
1864622	Enterobacter phage Arya	Viruses	acellular root	1
1041526	Staphylococcus phage S25-3	Viruses	acellular root	3
1327981	Cellulophaga phage phi10:1	Viruses	acellular root	1
2108116	Xanthomonas phage RiverRider	Viruses	acellular root	4
1032895	Mycobacterium phage Timshel	Viruses	acellular root	1
1838077	Gordonia phage Rosalind	Viruses	acellular root	2
1636545	Tsukamurella phage TIN2	Viruses	acellular root	1
1029988	Erwinia phage phiEaH2	Viruses	acellular root	10
2686289	Acinetobacter phage vB_AbaM_Lazarus	Viruses	acellular root	3
1054968	Salmonella phage 7-11	Viruses	acellular root	3
555387	Synechococcus phage S-RSM4	Viruses	acellular root	11
2886918	Escherichia phage Eps7	Viruses	acellular root	9
1325953	Mycobacterium phage PegLeg	Viruses	acellular root	3
1486426	Mycobacterium phage Phantastic	Viruses	acellular root	1
1458859	Shewanella sp. phage 1/4	Viruses	acellular root	2
36339	Enterobacteria phage RB68	Viruses	acellular root	6
1772291	Arthrobacter phage Amigo	Viruses	acellular root	1
2510568	Streptomyces phage Vash	Viruses	acellular root	1
1883375	Erwinia phage Machina	Viruses	acellular root	4
10682	Enterobacteria phage P7	Viruses	acellular root	3
2767576	Streptomyces phage Salutena	Viruses	acellular root	1
2508177	Escherichia phage vB_EcoM_OE5505	Viruses	acellular root	6
2783547	Providencia phage PSTCR5	Viruses	acellular root	14
2488595	Pseudomonas phage vB_PaeM_LCK69	Viruses	acellular root	8
663554	Mycobacterium phage ET08	Viruses	acellular root	13
762660	Acinetobacter phage Ac42	Viruses	acellular root	2
1477404	Dinoroseobacter phage DFL12phi1	Viruses	acellular root	2
1857100	Salmonella phage BPS15Q2	Viruses	acellular root	6
1965374	Salmonella phage Si3	Viruses	acellular root	3
2301664	Vibrio phage vB_VpS_PG07	Viruses	acellular root	7
33708	Murid gammaherpesvirus 4	Viruses	acellular root	8
2713278	Salmonella phage barely	Viruses	acellular root	3
2301704	Mycobacterium phage Collard	Viruses	acellular root	1
2749430	Pseudomonas phage Persinger	Viruses	acellular root	1
2762409	Mycobacterium phage Quasimodo	Viruses	acellular root	10
2656520	Salmonella phage pSe_SNUABM_01	Viruses	acellular root	4
2908628	Enterobacter phage vB_EclM_Q7622	Viruses	acellular root	7
2718943	Synechococcus phage S-N03	Viruses	acellular root	1
2860377	Stenotrophomonas phage BUCT627	Viruses	acellular root	1
3022056	Pseudomonas phage vB_PaeS_B8	Viruses	acellular root	8
3025418	Salmonella phage PRF-SP13	Viruses	acellular root	7
1206558	Yersinia phage phiR1-RT	Viruses	acellular root	2
1567029	Escherichia phage vB_EcoM_VR26	Viruses	acellular root	1
1784982	Pseudomonas phage O4	Viruses	acellular root	1
2508195	Escherichia phage vB_EcoM_Schickermooser	Viruses	acellular root	6
2502420	Gordonia phage Sombrero	Viruses	acellular root	1
1226255	Stx2-converting phage Stx2a_F451	Viruses	acellular root	3
2725629	Streptomyces phage Bmoc	Viruses	acellular root	13
2801506	Bacillus phage BCPST	Viruses	acellular root	1
2924888	Aeromonas phage ZPAH34	Viruses	acellular root	2
2713280	Salmonella phage beppo	Viruses	acellular root	8
2419745	Enterococcus phage EfsSzw-1	Viruses	acellular root	11
2922319	Enterococcus phage vB_OCPT_Car	Viruses	acellular root	3
2918879	Escherichia phage vB_EcoS_ESCO30	Viruses	acellular root	7
2772517	Ruminococcus phage phiRg507T2_2	Viruses	acellular root	1
2652402	Mycobacterium phage Jeeves	Viruses	acellular root	1
2163887	Enterobacteria phage vB_EcoM_IME281	Viruses	acellular root	3
2716729	Serratia phage PhiZZ30	Viruses	acellular root	6
1651199	Enterobacteria phage GiZh	Viruses	acellular root	7
2591403	Achromobacter phage Motura	Viruses	acellular root	2
1195078	Staphylococcus phage Fi200W	Viruses	acellular root	3
2571247	Gordonia phage Forza	Viruses	acellular root	10
2716728	Citrobacter phage PhiZZ6	Viruses	acellular root	7
2027899	Mycobacterium phage Phabba	Viruses	acellular root	12
2144176	Escherichia phage vB_EcoM-Ro121c4YLVW	Viruses	acellular root	6
1916099	Pseudomonas phage Zigelbrucke	Viruses	acellular root	10
2922993	Mycobacterium phage Eureka	Viruses	acellular root	1
1173764	Listeria phage LP-048	Viruses	acellular root	4
1430411	Mycobacterium phage HufflyPuff	Viruses	acellular root	1
2927986	Caulobacter phage CcrRogue	Viruses	acellular root	9
546807	Mycobacterium phage ScottMcG	Viruses	acellular root	11
1300004	Alteromonas phage vB_AmaP_AD45-P1	Viruses	acellular root	1
1434323	Escherichia phage HY01	Viruses	acellular root	6
1541819	Mycobacterium phage Omnicron	Viruses	acellular root	1
2920882	Mycobacterium phage JoeDirt	Viruses	acellular root	6
2783674	Synechococcus phage S-H9-1	Viruses	acellular root	9
2283270	Caulobacter phage CcrBL9	Viruses	acellular root	19
2025815	Escherichia phage EC121	Viruses	acellular root	7
2743801	Flavobacterium phage vB_FspP_elemoD_13-5B	Viruses	acellular root	1
2530023	Pseudomonas phage Psa21	Viruses	acellular root	6
2593335	Gordonia phage Phendrix	Viruses	acellular root	12
2920374	Bacillus phage vB_BsuS_PJN02	Viruses	acellular root	5
3020453	Escherichia phage YP-6	Viruses	acellular root	3
2233993	Escherichia phage LL12	Viruses	acellular root	3
373404	Mycobacterium phage Catera	Viruses	acellular root	12
1124654	Escherichia phage TL-2011b	Viruses	acellular root	1
1035485	Mycobacterium phage Toto	Viruses	acellular root	1
1838073	Gordonia phage Monty	Viruses	acellular root	1
1821554	Gordonia phage Hotorobo	Viruses	acellular root	1
1195072	Bacillus phage vB_BceM_Bc431v3	Viruses	acellular root	8
2725640	Mycobacterium phage MA5	Viruses	acellular root	1
2710495	Bacteroides phage DAC15	Viruses	acellular root	3
1970776	Escherichia phage phiC120	Viruses	acellular root	1
2053702	Raoultella phage Ro1	Viruses	acellular root	11
2231342	Salmonella phage S113	Viruses	acellular root	7
1211278	Streptomyces phage phiELB20	Viruses	acellular root	1
307898	Staphylococcus phage 812	Viruses	acellular root	3
1716041	Pseudomonas phage K8	Viruses	acellular root	5
1327935	Cronobacter phage S13	Viruses	acellular root	13
2681606	Escherichia phage DT57C	Viruses	acellular root	2
1555238	Escherichia phage vB_EcoM-VpaE1	Viruses	acellular root	5
3003719	Pseudomonas phage SPA01	Viruses	acellular root	10
757342	Pseudomonas phage JG004	Viruses	acellular root	10
2015824	Mycobacterium phage SirPhilip	Viruses	acellular root	1
1308863	Bacillus phage vB_BanS-Tsamsa	Viruses	acellular root	5
2029657	Bordetella phage vB_BbrM_PHB04	Viruses	acellular root	3
2201436	Microbacterium phage MementoMori	Viruses	acellular root	1
2419762	Escherichia phage vB_Eco_mar004NP2	Viruses	acellular root	7
2054274	Salmonella phage Mutine	Viruses	acellular root	3
1226260	Stx2-converting phage Stx2a_WGPS2	Viruses	acellular root	3
2081604	Escherichia phage vB_EcoM-G28	Viruses	acellular root	6
2083276	Escherichia phage EcS1	Viruses	acellular root	12
663241	Enterococcus phage phiEf11	Viruses	acellular root	1
1116482	Pectobacterium phage phiTE	Viruses	acellular root	1
2696430	Escherichia phage navn	Viruses	acellular root	3
2900314	Klebsiella phage vB_KpnS-Carvaje	Viruses	acellular root	1
2894794	Enterobacter phage vB_EclS_CobraSix	Viruses	acellular root	1
